# Derived from SudachiDict Core 20260723; see ThirdParty/SudachiDict/LEGAL
あ	婀	痾	啞	亞	亜
あい	哀	藍	愛	阿姨	隘	合い	相	間
あいあい	相合い	相合
あいあいがさ	相合傘	相合い傘
あいいろ	藍色	藍いろ	合い色	あい色
あいいん	愛飲	合い印	合印	哀韻	藍印
あいうち	相打ち	相撃
あいえん	合縁	愛煙
あいかぎ	合いかぎ	合い鍵	合鍵
あいかた	相方	敵娼	合方	合い方
あいかん	哀感	哀歓	愛環
あいがかり	相がかり	相懸かり
あいがき	合い欠き	相がき
あいがめ	藍瓶	藍甕
あいがも	合い鴨	合鴨	間鴨
あいがん	哀願	愛がん	愛玩	愛翫
あいき	合気	愛機	愛姫
あいきょう	愛きょう	愛嬌	愛郷	愛敬
あいぎ	愛妓	愛戯	愛技	合着	間着
あいく	哀苦	愛苦
あいくち	匕口	匕首	合い口	合口	相口
あいけん	愛犬	あい犬
あいこう	愛好	愛咬	愛校
あいこく	哀哭	愛国
あいことば	合い言葉	合言葉
あいご	愛護	愛語
あいごう	哀号	哀敖
あいごま	合い駒	合駒
あいさつじょう	挨拶状	あいさつ状
あいさつぶん	挨拶文	あいさつ文
あいさつまわり	挨拶廻り	挨拶まわり	挨拶回り	あいさつ回り
あいし	哀史	哀思	哀詩	愛死
あいしゃ	愛車	愛社
あいしゅう	哀愁	愛執
あいしょう	相性	合い性	合性	愛唱	愛誦	愛賞	愛称	哀傷	愛妾
あいしん	愛心	愛神	愛臣
あいじ	愛児	藍地	あい地
あいじゅう	愛獣	愛銃
あいじょう	愛情	哀情	愛嬢
あいじるし	合い印	合印
あいず	合図	相図
あいずり	藍摺	藍摺り
あいせき	哀惜	愛惜	相席	哀戚
あいそ	哀訴	愛想
あいぞう	愛蔵	愛憎
あいぞめ	アイ染め	藍染	藍染め	あい染め
あいたけ	合い竹	合竹
あいだがら	間柄	間がら
あいちょう	愛寵	愛聴	愛重	愛鳥	哀調
あいづち	相槌	相づち	合い槌	合づち	合槌	相鎚
あいて	相手	合手	あい手
あいとう	哀悼	愛党	愛刀	愛陶
あいなめつり	アイナメ釣り	あいなめ釣り
あいのこ	合の子	間の子	あいの子
あいのて	合いの手	合の手	間の手	あいの手
あいはん	合判	相板	相版
あいばん	合い判	合判	相判	間判
あいびき	逢い曳き	媾曳	逢いびき	逢い引き	逢びき	逢引	逢引き	逢曳	逢曳き	合いびき	合い挽	合い挽き	合びき	合挽	合挽き
あいびきにく	合いびき肉	合い挽き肉	合びき肉	合挽き肉	合挽肉	あいびき肉
あいふ	合い符	合符
あいふく	合服	間服
あいふだ	合い札	合札
あいま	合間	合い間	合ひ間	あい間	あひ間
あいみつもり	合見積	相見積もり	相見積	合い見積もり
あいみん	哀愍	愛民
あいもの	四十物	相物
あいよく	愛慾	愛欲
あいれん	哀憐	愛憐
あいろ	隘路	文色	あい路
あうん	阿吽	阿呍
あえぎごえ	アエギ声	喘ぎ声	あえぎ声
あえごろも	和え衣	あえ衣
あえもの	和えもの	合え物	和え物	和物	あえ物
あお	青	蒼
あおあざ	青アザ	青あざ	青痣
あおあし	青脚	青足
あおあじ	青アジ	青鯵
あおあらし	青あらし	青嵐
あおいぐさ	葵ぐさ	葵草
あおいそめ	青イソメ	青磯蚯蚓
あおいろ	青色	青いろ	麴塵
あおうり	青うり	青瓜
あおえんどう	青エンドウ	青豌豆	青えんどう
あおおに	青おに	青鬼
あおかぎ	青カギ	青鍵
あおかけす	青かけす	青懸巣
あおかび	青かび	青カビ	青黴
あおかぶ	青カブ	青蕪
あおかぶり	青かぶり	青被り
あおがえる	青がえる	青蛙
あおがき	青垣	青柿
あおがや	青がや	青蚊帳
あおがり	青刈	青刈り
あおぎつね	青ギツネ	青狐
あおぎり	梧	梧桐	青ぎり	青桐
あおくま	青くま	青クマ	青隈
あおごけ	蒼苔	青苔
あおさぎ	靑鷺	青さぎ	青鷺
あおしば	青柴	青芝
あおじ	青地	青字	蒿雀
あおじそ	青紫蘇	青ジソ	青じそ
あおすじ	青すじ	青スジ	青筋
あおすすき	靑すすき	青薄
あおずり	青摺	青摺り
あおそ	青苧	青麻
あおそこひ	青そこひ	青底翳
あおぞめ	青染	青染め
あおぞら	青空	蒼空	青ぞら	あお空
あおたん	青単	青痰	青タン	青たん
あおだたみ	青だたみ	青畳
あおっきり	呷切	青っ切り
あおつづら	青葛	青鞭草
あおとう	青党	青東
あおとかげ	青トカゲ	青蜥蜴
あおとさか	青とさか	青鶏冠
あおとびら	青トビラ	青扉
あおに	青丹	青土
あおねぎ	青ネギ	青ねぎ	青葱
あおねこ	青ねこ	青猫
あおねずみ	青ねずみ	青鼠
あおのり	青のり	青ノリ	青海苔
あおば	青葉	青羽
あおばえ	蒼蝿	青蠅	青蝿
あおばと	緑鳩	青鳩
あおばな	青ばな	青バナ	青洟	青鼻
あおばら	青バラ	青薔薇
あおひげ	青ひげ	青ヒゲ	青髭	青髯
あおびかり	青びかり	青光り
あおびょうたん	青瓢箪	青瓢簞	青ビョウタン	青びょうたん
あおぶくれ	青脹れ	青膨れ
あおまる	青まる	青丸
あおみ	青身	蒼味	青味	青み
あおみぞれ	青みぞれ	青霙
あおみどり	靑綠	青緑
あおみどろ	青みどろ	青味泥
あおみむらさき	青み紫	青味紫
あおむき	仰向き	あお向き
あおむけ	仰向け	仰むけ	あお向け
あおむらさき	青むらさき	青紫
あおもみじ	青もみじ	青紅葉
あおや	青屋	青矢
あおり	煽り	泥障	障泥
あおりいた	障泥板	あおり板
あおりうんてん	煽り運転	あおり運転
あおりもんく	煽り文句	あおり文句
あおりんご	青リンゴ	青林檎	青りんご
あおんぶくれ	青んぶくれ	青ん膨れ	青ンぶくれ
あか	閼伽	赤	赫	亜科	阿哥	淦	垢
あかあざ	赤あざ	赤アザ	赤痣
あかいと	赤糸	赤絲
あかいぬ	赤いぬ	赤犬
あかいろ	赤色	赤いろ	赫色
あかいわし	赤いわし	赤鰯
あかうし	赤牛	あか牛
あかうで	赤うで	赤茹で
あかうに	赤ウニ	赤海胆
あかえい	赤えい	赤エイ	赤鱝
あかえび	赤えび	赤エビ	赤海老
あかおとし	アカ落とし	垢落とし	垢落し	アカ落し
あかおに	赤おに	赤鬼
あかおび	赤オビ	赤帯
あかおろし	赤おろし	赤下ろし
あかかき	垢掻き	垢搔き
あかかぎ	赤カギ	赤鍵
あかかび	赤カビ	赤黴
あかかぶ	紅かぶ	赤かぶ	赤カブ	赤蕪
あかがえる	赤がえる	赤ガエル	赤蛙
あかがお	赤顏	赤顔
あかがね	赤金	銅
あかがみ	赤紙	赤髪
あかがり	アカ狩り	赤狩	赤狩り
あかがれい	赤ガレイ	赤鰈
あかがわ	赤皮	赤韋
あかぎぬ	赤絹	赤衣
あかぎれ	皸	赤ぎれ	赤ギレ	あか切れ
あかくらげ	赤くらげ	赤水母
あかぐし	赤ぐし	赤櫛
あかぐま	赤グマ	赤隈
あかぐみ	紅組	赤組
あかぐるま	赤俥	赤車
あかけ	赤け	赤気
あかげら	赤げら	赤啄木鳥
あかご	赤子	赤児
あかささげ	赤ささげ	赤大角豆
あかさび	赤サビ	赤さび	赤銹	赤錆	赤錆び	赫錆
あかざえび	アカザ海老	藜海老
あかざや	赤ざや	赤鞘
あかし	証し	證	證し	証	灯
あかしお	赤潮	赤しお
あかしか	赤シカ	赤鹿
あかしま	赤しま	赤縞
あかしょうびん	赤しょうびん	赤翡翠
あかじ	赤字	赤地	朱地
あかじそ	赤紫蘇	赤ジソ	赤じそ
あかじるし	赤印	赤標
あかすぐり	赤すぐり	赤スグリ	赤酸塊
あかすっぽん	赤すっぽん	赤スッポン
あかすり	垢すり	垢擦り
あかずり	赤刷	赤刷り
あかせん	赤線	垢銭
あかたん	赤タン	赤短
あかだし	赤だし	赤出し	赤出汁
あかだま	赤玉	垢玉
あかつき	暁	暁月	曉
あかとさか	赤とさか	赤鶏冠
あかとびら	赤トビラ	赤扉
あかとんぼ	赤とんぼ	赤トンボ	赤蜻蛉
あかなす	赤茄子	赤なす
あかなまこ	赤海鼠	赤ナマコ
あかにきび	赤ニキビ	赤面皰
あかにしん	赤ニシン	赤鰊
あかぬけ	アカ抜け	垢抜け	あか抜け
あかね	茜	茜草
あかねいろ	茜色	あかね色
あかねぐも	茜雲	あかね雲
あかねこ	赤ねこ	赤猫
あかねぞら	茜空	あかね空
あかねだすき	茜だすき	茜襷
あかはだ	赤肌	赤膚
あかはだか	赤はだか	赤裸
あかばら	赤バラ	赤薔薇
あかひげ	赤ひげ	赤ヒゲ	赤髭	赤髯	赤鬚
あかひも	赤ひも	赤紐
あかびら	赤びら	赤ビラ
あかふんどし	赤ふんどし	赤フンドシ	赤褌
あかまつ	赤まつ	赤マツ	赤松
あかまむし	赤まむし	赤蝮
あかまる	赤丸	赤まる	赤マル
あかみ	赤身	赤実	赤味	赤み
あかみそ	赤味噌	赤みそ
あかみみず	赤ミミズ	赤蚯蚓
あかむけ	赤むけ	赤剝け	赤剥け
あかむし	赤虫	赤蟲
あかめ	火眼金睛	赤女	赤目	赤眼	赤芽
あかめばる	赤めばる	赤眼張	赤メバル
あかやけ	赤灼け	赤焼け
あかゆり	赤ユリ	赤百合
あからがお	赤ら顔	赫ら顔	赭ら顔
あからがしわ	赤ら柏	赤柏
あかり	明	灯	燈	灯り	明かり	明り
あかりがわり	明かり代わり	灯り代り
あかりさき	明かり先	明り先	明先
あかりざら	明かり皿	灯り皿	明り皿
あかりしょうじ	明かり障子	明り障子
あかりとり	明かりとり	明かり取り	明かり採り	明りとり	明り取り	明り採り	あかり取り
あかりばこ	明かり箱	明り箱
あかりまど	明かり窓	明り窓	あかり窓
あかるみ	明るみ	明かるみ
あかわく	赤ワク	赤枠
あかんぼ	赤んぼ	赤ンボ	赤ん坊
あかんぼう	赤ん坊	赤んぼう	赤ン坊
あがき	足掻き	足搔き
あがり	上がり	殯	上り
あがりうま	上馬	騰がり馬	上がり馬
あがりかまち	上框	上がりかまち	上がり框	上りかまち	上り框	あがり框
あがりがまち	上がりがまち	上がり框	上りがまち
あがりぐち	上り口	上がり口	あがり口
あがりばな	上がり花	上り花
あがりめ	上がりめ	上がり目
あがりや	揚り屋	揚がり屋
あがりゆ	上がり湯	上り湯
あき	空	秋	厭き	明き	飽き	空き
あきあかね	秋あかね	秋茜
あきあき	倦き倦き	厭き〳〵	厭き厭き	飽々	飽きあき	飽き飽き
あきあげ	秋アゲ	秋上	秋上げ
あきあじ	秋味	秋鯵
あきうんか	秋ウンカ	秋浮塵子
あきかん	空き缶	空かん	空きかん	空きカン	空き罐	空カン	空缶	空罐	あき缶
あきがら	明き殻	空き殻	空殻
あきがわき	秋乾き	秋渇き
あきぎく	秋ギク	秋菊
あきぎり	秋桐	秋霧
あきくち	秋くち	開き口	秋口	あき口
あきぐち	秋口	秋ぐち
あきぐみ	秋茱萸	秋グミ
あきこま	空きコマ	空き齣
あきころ	秋ころ	秋頃
あきごろ	秋頃	秋ごろ
あきさけ	秋さけ	秋鮭	秋サケ
あきさば	秋さば	秋鯖
あきざら	空き皿	空皿
あきしょう	厭き性	飽き性
あきす	空き巣	空巣
あきだる	空き樽	空樽
あきち	空地	空き地	明き地	あき地
あきつかみ	明神	明神
あきつみかみ	明つ御神	明御神	現御神
あきどまり	明き止まり	あき止まり	あき止り
あきどんぶり	空き丼	あき丼
あきない	商い	商
あきないうち	商い内	商内
あきないば	商い場	商場
あきないもの	商い物	あきなひ物
あきの	秋	秋野
あきはぎ	秋はぎ	秋萩
あきばえ	秋映	秋映え
あきばこ	空きばこ	空き箱	空函	あき箱
あきばれ	秋晴れ	秋晴
あきびん	空ビン	空き瓶	空きびん	空きビン	空き壜	空びん	空壜	空瓶	あき瓶
あきぶくろ	空き袋	空袋
あきぶね	空き舟	空き船
あきべや	空き部屋	空部屋
あきま	空間	明き間	空き間
あきまき	秋まき	秋蒔き
あきまつり	秋まつり	秋祭り
あきもの	秋もの	秋物
あきや	空家	空き家	明き家	空屋	あき家
あきやしき	空き屋敷	空屋敷
あきょう	阿嬌	阿膠
あきらめがお	諦め顔	あきらめ顔
あきれがお	呆れ顔	あきれ顔
あぎょう	ア行	阿形	あ行
あく	惡	灰汁	悪
あくい	悪意	悪衣
あくえき	悪液	悪疫
あくえん	悪演	悪縁
あくぎゃく	悪虐	悪謔	悪逆	惡謔
あくさい	悪妻	悪才
あくしゅ	握手	悪手	悪趣	あく手
あくしゅう	悪臭	悪宗	悪習
あくしょ	悪所	悪書
あくしん	悪心	悪神	悪臣	惡神
あくじ	悪事	悪字	握持
あくじる	アク汁	灰汁汁
あくせい	悪性	悪政	悪声
あくせん	悪戦	悪銭
あくそう	悪僧	悪相	悪草
あくだし	アク出し	灰汁出し
あくだま	悪玉	悪魂
あくだまり	灰汁だまり	灰汁溜まり
あくと	悪徒	惡徒
あくとう	悪投	悪党	握刀
あくどう	悪童	悪道
あくぬき	アク抜き	灰汁抜き	あく抜き
あくぬけ	アク抜け	灰汁ぬけ	灰汁抜け	あく抜け
あくば	悪罵	悪婆
あくばらい	悪祓	悪祓い
あくび	欠伸	悪日
あくふ	悪夫	悪婦
あくほう	悪法	悪報
あくま	悪魔	惡魔
あくまき	灰汁巻	灰汁巻き
あくるひ	明くる日	翌る日	あくる日
あぐら	安愚楽	胡坐	胡座	趺坐
あぐらずわり	胡座座り	あぐら座り
あぐらなべ	安愚楽鍋	胡座鍋
あぐりあみ	揚繰網	あぐり網
あけ	明け	朱	明
あけい	亜型	阿兄
あけがた	明け方	明けがた	明方	暁け方	あけ方
あけがらす	明けがらす	明け烏	明烏
あけたて	開けたて	開け閉て	開閉て
あけび	木通	通草
あけびがり	アケビ狩り	木通狩り
あけびぶくろ	木通袋	あけび袋
あけぼのすぎ	曙杉	あけぼの杉
あけわたし	明け渡し	明渡し	明渡
あげ	揚	上げ	挙げ	揚げ
あげあし	揚げ足	上げ足	挙げ足	揚足	あげ足
あげあぶら	揚げ油	揚油
あげいた	上げ板	上板	揚げ板	揚板
あげえん	揚げ縁	揚縁
あげおかき	揚げおかき	揚げ御欠き
あげおろし	上げ下ろし	揚げ下し	揚げ卸し	揚げ降ろし
あげかじ	上げかじ	上げ舵	上舵
あげかす	揚げかす	揚げ滓
あげく	挙げ句	挙句	揚げ句	揚句	あげ句
あげさんま	揚げサンマ	揚げ秋刀魚
あげしお	上げ潮	上潮
あげぜん	上げ膳	あげ膳
あげそば	揚げそば	揚げ蕎麦
あげぞこ	上げ底	上底
あげぞめ	揚げ初め	昇初
あげたか	上げタカ	上げ鷹
あげたて	揚げたて	揚げ立て	揚立て
あげだい	揚げ代	揚代
あげだし	揚げ出し	揚げだし	揚出	揚出し
あげだま	揚げ玉	揚玉	あげ玉
あげて	上げ手	揚げ手
あげど	揚げ戸	揚戸
あげなす	揚げなす	揚げ茄子
あげなべ	揚げナベ	揚げなべ	揚げ鍋	揚鍋
あげねぎ	揚げネギ	揚げ葱
あげはま	揚げ浜	揚浜
あげひばり	揚げひばり	揚げ雲雀	揚雲雀
あげぶた	上げぶた	上げ蓋	上蓋	あげ蓋
あげまき	揚げ巻	揚巻	総角
あげまく	揚げ幕	揚幕
あげみずら	上げ美豆良	上げ角髪
あげもの	揚げ物	揚げもの	揚物	あげ物
あげや	揚げ屋	揚屋
あこう	阿衡	雀榕
あこうだい	あこう鯛	赤魚鯛
あこがれまつげ	憧れまつげ	憧れ睫
あご	顎	顋	頤	吾子
あごおじ	顎伯父	あご伯父
あごさき	顎先	あご先
あごした	顎下	あご下
あごたたき	顎たたき	顎叩き
あごひげ	顎ひげ	顎髭	顎髯	顎鬚	あご髭	顎ヒゲ
あごわかれ	網子別れ	あご別れ
あさ	朝	麻
あさいち	朝市	朝一	朝イチ
あさいと	麻糸	あさ糸
あさかぜ	朝かぜ	朝風
あさがけ	朝駆け	朝駈け
あさがすみ	朝がすみ	朝霞
あさがた	朝方	朝がた	浅型	朝型
あさがゆ	朝がゆ	朝粥
あさがらす	朝がらす	朝烏
あさぎ	浅葱	浅木	浅黄
あさぎいろ	浅黄色	浅葱色
あさぐもり	朝ぐもり	朝曇り
あさげ	朝餉	朝げ	朝食
あさごはん	朝ごはん	朝ご飯	朝ゴハン	朝御飯
あさじ	浅地	麻地	浅茅
あさじがはら	浅茅が原	浅茅ヶ原
あさつゆ	朝つゆ	朝露	あさ露
あさづけ	浅づけ	浅漬	浅漬け
あさで	浅傷	浅手
あさなぎ	朝なぎ	朝凪
あさなべ	浅なべ	浅鍋
あさのみ	麻の実	麻実
あさひ	朝日	朝○	旭日	朝陽	紅暾	旭	浅緋
あさひも	麻ひも	麻ヒモ	麻紐
あさぶくろ	麻ぶくろ	麻袋
あさぶろ	朝ぶろ	朝風呂
あさまき	麻蒔	麻蒔き
あさまだき	朝まだき	朝未だき
あさめし	朝飯	朝めし	朝メシ
あさもや	朝靄	朝もや
あさやけ	朝焼け	朝焼
あさり	浅蜊	歯振
あさりうり	アサリ売り	浅蜊売り
あさりかん	浅蜊缶	あさり缶
あさりじる	浅蜊汁	あさり汁
あさりまめ	浅蜊豆	あさり豆
あされん	朝練	朝錬
あざ	字	痣
あざけり	嘲	嘲けり
あざな	字	字名
あざらし	水豹	海豹
あざらしりょう	アザラシ猟	海豹猟
あし	足	脚	葦	葭	蘆	芦
あしあと	足跡	足あと	あし跡
あしあらい	足洗	足洗い
あしうら	脚裏	足占	足裏	蹠
あしかけ	足掛け	足かけ
あしかげ	葦蔭	葦陰
あしかざり	足かざり	足飾り
あしかせ	足かせ	桎	足枷
あしかり	葦雁	蘆刈	芦刈り
あしがかり	足がかり	足掛かり	足掛り
あしがた	足型	足形
あしがため	足固	足固め
あしがに	芦蟹	葦蟹
あしがらみ	足搦	足搦み
あしがわ	脚側	足側
あしがわり	足がわり	足代わり
あしきり	足切	足切り
あしくび	足首	足頸	脚首	足くび	あし首
あしげ	芦毛	葦毛	蘆毛	足毛	足蹴	足げ	あし毛
あしこし	足腰	脚腰
あしごしらえ	足ごしらえ	足拵え
あしさき	脚先	足先
あしさぐり	足さぐり	足探り
あしさばき	脚さばき	足さばき	足捌き
あしざま	悪しざま	悪し様	悪様
あしずり	足ずり	足摺り
あした	明日	晨	朝
あしたば	明日葉	鹹草
あしだい	足代	足台
あしだまり	足だまり	足溜まり	足溜り
あしつき	脚付	足つき	足付き
あしつぼ	足つぼ	足ツボ	足壺
あしで	足手	芦手	葦手	蘆手
あしとり	足とり	足取り
あしどめ	足止め	足どめ	足止	足留め
あしどり	足取り	足どり	足取
あしなえ	足萎え	蹇
あしなか	足なか	足半
あしなが	脚長	足なが	足長
あしなみ	足並み	足なみ	足並
あしならし	足ならし	足慣し	足慣らし	足馴し	足馴らし
あしのや	葦の矢	葦矢
あしはこび	足はこび	足運び
あしはら	アシ原	葦原	芦原
あしばらい	足ばらい	足払い
あしひき	足ひき	足引き
あしひれ	足ひれ	足ヒレ	足鰭
あしび	馬酔木	芦火	葦火
あしびえ	足冷	足冷え
あしふみ	足踏み	足ふみ
あしぶえ	芦笛	葦笛	あし笛
あしぶと	脚太	足太
あしぶみ	足ぶみ	足踏み	足踏
あしべ	葦辺	蘆辺
あしまわり	足回り	足まわり	足周り	足廻り
あしもと	足下	足元	足もと	足許	脚もと	脚元
あしゆ	足湯	脚湯
あしゆび	足指	足ゆび
あしわ	足輪	脚環	足環
あしわざ	足技	足業
あじ	味	阿字	按司	鯵	鰺
あじきき	味利き	味聞き
あじけ	味気	味け
あじさいいろ	紫陽花いろ	紫陽花色
あじさいまつり	アジサイ祭り	紫陽花祭り
あじさし	鯵刺し	鯵刺
あじずし	アジ寿司	鯵寿司	あじ寿司
あじつけ	味付け	味つけ
あじつり	アジ釣り	鯵釣り
あじづくり	味作り	味創り
あじどころ	味処	味所
あじどん	鯵丼	あじ丼
あじめぐり	味めぐり	味巡り
あじろしぼり	網代絞り	あじろ絞り
あじろとじ	網代綴じ	あじろ綴	あじろ綴じ
あじわいごはん	味わいご飯	味わい御飯
あすあさって	明日あさって	明日明後日
あすなろ	翌檜	翌桧
あずかり	預り	預かり
あずかりきゃく	預かり客	預り客
あずかりきん	預かり金	預り金	預リ金
あずかりさき	預かり先	預り先
あずかりしょ	預かり所	預所	預り所
あずかりしょう	預かり証	預り証
あずかりだか	預かり高	預り高
あずかりち	預かり地	預り地
あずかりにん	預かり人	預人	預り人
あずかりふだ	預かり札	預り札
あずかりもの	預かりもの	預かり物	預り物
あずきあん	小豆あん	小豆餡	あずき餡
あずきいり	小豆入り	あずき入り
あずきいろ	小豆色	あずき色
あずきかん	小豆缶	あずき缶
あずきがゆ	小豆がゆ	小豆粥
あずきこ	小豆粉	あずき粉
あずきこおり	小豆氷	あずき氷
あずきごはん	小豆御飯	あずきご飯
あずきつぶ	小豆粒	あずき粒
あずけいれ	預け入れ	預入れ	預入
あずけいれこうざ	預け入れ口座	預入口座
あずけいれさき	預け入れ先	預入れ先	預入先
あずけかえ	預けかえ	預け替え
あずけがえ	預け替え	預替え
あずけばち	預け鉢	預鉢
あずけばらい	預け払い	預払
あずさゆみ	梓弓	あずさ弓
あずま	吾妻	東
あずまあそび	東都遊	東遊
あずまえびす	東えびす	東夷
あずまからげ	東からげ	東紮
あずまや	四阿	東屋	東や	あずま屋
あせい	亜聖	阿世
あせしみ	汗シミ	汗染み
あせじと	汗じと	汗ジト
あせじみ	汗ジミ	汗染み
あせだく	汗だく	汗ダク
あせとり	汗とり	汗取り
あせどめ	汗どめ	汗止め
あせまけ	汗まけ	汗負け
あせまみれ	汗まみれ	汗塗れ
あせも	汗疣	汗疹
あせわき	汗ワキ	汗脇
あぜ	畦	畔
あぜかえし	綜返し	あぜ返し
あぜくらづくり	校倉造り	校倉造
あぜたけ	綜竹	あぜ竹
あぜち	按察	按察使
あぜみち	畦道	畔道	あぜ道
あそばせことば	遊ばせ言葉	あそばせ言葉
あそびぐせ	遊びぐせ	遊び癖
あそびごころ	遊び心	遊びごころ	遊びゴコロ
あそびごと	遊びごと	遊び事
あそびごま	遊び駒	遊駒
あそびたべ	遊び食べ	あそび食べ
あそびどころ	遊び処	遊び所
あそびば	遊び場	あそび場
あそびめ	遊び女	あそび女
あそびもの	遊びもの	遊び物
あたい	価い	値い	價	価	値	直
あたえて	与え手	あたえ手
あたたかさ	温かさ	暖かさ
あたたかみ	暖かみ	温かみ	暖か味	温か味	あたたか味
あたまうち	頭打ち	頭打
あたまごし	頭越し	頭ごし
あたまじらみ	頭じらみ	頭蝨
あたまつぼ	頭ツボ	頭壺
あたまでっかち	頭でっかち	頭デッカチ
あたまはね	頭ハネ	頭撥ね
あたままち	頭まち	頭襠
あたままわり	頭まわり	頭周	頭周り
あたまむし	アタマ虫	頭虫
あたまわり	頭割	頭割り
あたらしもの	新しもの	新し物
あたり	辺り	当たり	中り	当り	辺
あたりあたり	辺り辺り	当たり当たり
あたりきょうげん	当たり狂言	当り狂言
あたりくじ	当たりくじ	当たり籤	当り籤	当りくじ
あたりさわり	当たりさわり	当たり障り	当りさわり	当り障り
あたりどし	当り年	当たり年
あたりはずれ	当たりハズレ	当たり外れ
あたりばこ	当たり箱	当り箱
あたりばち	当たり鉢	当り鉢	あたり鉢
あたりばん	当たり番	当り番
あたりや	当たり屋	当り屋
あたりやく	当たり役	当り役
あだ	仇	寇	讎	讐	徒	異	他
あだうち	仇討ち	仇打ち	仇討	あだ討ち	あだ打ち
あだな	仇名	アダ名	渾名	徒名	綽名	綽號	諢名	あだ名
あだなさけ	仇情	徒情	徒情け	あだ情け
あだなみ	仇波	仇浪	徒浪	あだ波
あだばな	仇花	徒花	あだ花
あだびと	徒人	あだ人
あだゆめ	仇夢	徒夢
あだん	ア段	阿檀	あ段
あちめ	安知女	阿知女
あちらがわ	彼方側	あちら側
あちらごのみ	彼方好み	あちら好み
あっか	悪化	悪貨	悪果
あっかい	圧潰	壓潰	圧壊
あっかん	圧巻	圧感	悪漢	悪感
あっき	圧気	悪器	悪鬼
あっけ	呆気	あっ気
あっこう	悪行	悪口
あっこん	圧痕	悪根
あっしゅくき	圧縮機	圧縮器
あっせい	圧制	圧政	圧成
あっせつ	圧接	圧雪
あっせん	斡旋	あっ旋	あつ旋
あっせんちょうしょ	斡旋調書	あっせん調書
あっせんりょう	斡旋料	あっせん料
あったらもの	可惜物	可惜者	あったら物
あっちむいてほい	あっち向いてほい	あっち向いてホイ
あっぷく	圧伏	圧服
あっぺん	圧ぺん	圧片
あつあげ	厚あげ	厚揚	厚揚げ
あつあつ	熱々	熱熱
あつかん	熱燗	熱かん	あつ燗
あつがみ	厚紙	あつ紙
あつぎ	厚着	あつ着
あつし	厚司	厚子
あつで	厚手	厚で
あつまき	厚まき	厚播き	厚蒔き
あつまり	集り	集まり
あつみ	厚み	厚味
あつもの	厚物	羮	羹
あつやっこ	熱奴	あつ奴
あつらえ	誂	誂え
あて	当て	当
あていた	アテ板	当て板	あて板
あてうま	当て馬	アテ馬
あてがね	当て金	当金
あてぎ	当て木	あて木
あてこすり	当てこすり	当て擦り
あてさき	宛て先	宛先	あて先
あてじ	アテ字	当て字	宛て字	宛字	あて字
あてずいりょう	当推量	当て推量
あてずっぽう	当てずっぽう	当てずっぽ
あてぜめ	アテ攻め	当て攻め
あてち	宛て地	あて地
あてつけ	当て付け	当てつけ
あてど	当てど	当て所
あてどめ	当て止め	あて止め
あてな	宛て名	宛名	あて名
あてにげ	当て逃げ	あて逃げ
あてぬの	当て布	あて布
あてはずれ	当てはずれ	当て外れ	あて外れ
あてみ	当て身	当身
あてもの	当てもの	当て物
あですがた	艶姿	あで姿
あと	跡	後	趾	痕	阿堵
あとあし	後あし	後肢	後脚	後足	あと脚	あと足
あとあじ	後味	あと味
あとあと	後々	後後
あといれ	後入	後入れ
あとおい	アト追い	後追い	後追ひ
あとおさえ	後押え	後押さえ
あとおし	後押し	後おし	跡押
あとかた	跡形	跡かた	跡方
あとかたづけ	後片付け	後かたづけ
あとがき	後書き	跡書	後書
あとがま	後釜	後がま
あとくされ	後腐れ	あと腐れ
あとくち	後口	あと口
あとさき	後先	あと先
あとしき	跡式	跡敷
あとしまつ	跡始末	後始末
あとじさり	後じさり	後退り
あとじまい	後仕舞	後仕舞い	後じまい
あとずさり	後ずさり	後退り
あとつぎ	跡継ぎ	後継ぎ	後つぎ	後嗣ぎ	跡つぎ	跡継	後継
あとづけ	後づけ	後付	後付け
あととり	跡取	跡取り	後とり	跡とり
あとのまつり	後の祭り	あとの祭り
あとばらい	後払い	あと払い
あとひき	後引き	あと引き
あとまわし	後回し	後まわし	後廻し	あと回し
あともどり	後もどり	後戻り	跡もどり	あと戻り
あとやく	後厄	後役	跡役
あとりか	アトリ科	花鶏科
あな	穴	竅	孔
あなあき	穴開き	穴あき	穴空き
あなあけ	穴あけ	穴明け	穴空け	穴開	穴開け
あなうさぎ	穴ウサギ	穴兎
あなうめ	アナ埋め	穴うめ	穴埋め
あなぐま	穴ぐま	穴グマ	穴熊
あなぐら	穴蔵	穴倉	穴ぐら	窖
あなご	海鰻	穴子
あなごずし	穴子ずし	穴子寿司
あなたまかせ	貴方任せ	あなた任せ
あなどり	侮	侮り
あなば	アナ場	穴場
あなぼこ	穴ぼこ	穴ボコ
あなまわり	穴回り	穴廻り
あにがわり	兄がわり	兄代わり
あにき	兄き	兄ィ	兄哥	兄貴	哥ィ	哥兄
あにたち	兄たち	兄達
あによめ	兄嫁	嫂
あね	姉	姐	嫂
あねき	姉き	姉貴
あねむこ	姉婿	姉聟
あのう	穴生	穴太
あのよ	あの世	彼の世
あはなち	畔放ち	阿離
あばずれおんな	阿婆擦れ女	あばずれ女
あばらきん	肋筋	あばら筋
あばらぼね	アバラ骨	肋骨	あばら骨
あばらや	荒屋	あばら家	あばら屋
あばれうし	暴れ牛	あばれ牛
あばれうま	暴れ馬	あばれ馬
あばれか	暴れ蚊	あばれ蚊
あばれもの	暴れ者	あばれ者
あばれんぼう	暴れん坊	あばれん坊
あひる	家鴨	鶩
あひるおんな	家鴨女	あひる女
あひるがお	アヒル顔	家鴨顔
あひるがら	アヒル柄	家鴨柄
あひるぐち	アヒル口	家鴨口
あひるずわり	家鴨座り	あひる座り
あひるたまご	家鴨卵	あひる卵
あび	阿毘	阿鼻
あふれめん	溢れ面	あふれ面
あぶくぜに	アブク銭	泡銭	あぶく銭
あぶみがわ	アブミ革	鐙革
あぶみこつ	鐙骨	あぶみ骨
あぶら	脂	油	膩	膏
あぶらあげ	油揚げ	油あげ	油揚
あぶらあせ	油汗	脂汗	あぶら汗
あぶらいため	油いため	油炒め
あぶらいり	油いり	油入り	油熬り
あぶらうき	アブラ浮き	油浮き	脂浮き	あぶら浮き
あぶらえ	油絵	油画
あぶらえのぐ	油絵具	油絵の具
あぶらおさえ	脂抑え	脂押さえ
あぶらかす	油かす	油粕	油糟
あぶらぎり	油ぎり	油桐
あぶらぐすり	油薬	脂薬
あぶらけ	油気	脂気
あぶらげ	油げ	油揚
あぶらこげ	油こげ	油焦げ
あぶらこし	油こし	油漉し
あぶらさし	油さし	油差	油差し
あぶらしぼり	油しぼり	油絞り
あぶらじみ	油じみ	油染み
あぶらぜみ	油ぜみ	油蝉	油蟬
あぶらそば	油そば	油蕎麦
あぶらだき	油だき	油焚き
あぶらっけ	油っ気	脂っ気
あぶらでり	油照り	脂でり
あぶらとり	油取	油取り	脂とり	脂取	脂取り
あぶらとりがみ	脂取り紙	あぶらとり紙
あぶらならし	油ならし	油慣らし
あぶらぬき	油抜き	油ぬき	油ヌキ	脂抜き
あぶらはしけ	油ハシケ	油艀
あぶらはだ	油肌	脂肌
あぶらひかり	油光り	脂ひかり
あぶらびかり	油びかり	油光り	脂光り
あぶらふき	油ふき	油拭き
あぶらまみれ	油まみれ	油塗れ
あぶらみ	脂身	あぶら身
あぶらむし	アブラ虫	油虫
あぶらもの	油もの	油モノ	油物	脂物
あぶらやけ	油やけ	油焼け
あぶらよごれ	油汚れ	油ヨゴレ	脂汚れ
あぶりだし	炙り出し	あぶり出し	焙り出し
あぶりにく	炙り肉	あぶり肉
あぶりもの	炙り物	あぶり物
あぶりやき	炙り焼き	焙り焼き	あぶり焼き
あぶれもの	溢れ者	あぶれ者
あへん	阿片	鴉片
あほう	阿呆	阿呆う	阿房
あほげ	あほ毛	アホ毛
あま	阿媽	阿瑪	安摩	海人	海女	蜑	亜麻	尼	雨	天
あまあい	雨あい	雨間
あまあし	雨あし	雨脚	雨足
あまえごえ	甘え声	甘声
あまえなき	甘え鳴き	甘え泣き
あまえび	甘えび	甘エビ	甘海老
あまえんぼ	甘えんぼ	甘えん坊
あまえんぼう	甘えん坊	甘えんぼう
あまおち	雨落	雨落ち
あまかわ	甘皮	雨皮
あまがえる	雨がえる	雨蛙
あまがき	甘がき	甘柿
あまがさ	雨傘	雨笠
あまがっぱ	雨がっぱ	雨ガッパ	雨合羽
あまがみ	甘がみ	甘咬み	甘噛み	甘嚙	甘嚙み	雨神	あま嚙み
あまくだり	天下り	天降り
あまぐもり	雨曇	雨曇り
あまぐり	甘ぐり	甘栗
あまごい	雨乞い	雨ごい	雨乞
あまさけ	甘サケ	甘鮭
あまざけ	甘酒	甘醴	醴	あま酒
あまざらし	雨ざらし	雨曝し
あまじお	甘塩	あま塩
あまそぎ	尼そぎ	尼削ぎ
あまだい	甘だい	甘鯛	あま鯛
あまだれ	甘だれ	甘ダレ	雨だれ	雨垂れ
あまつばめ	雨つばめ	雨燕
あまつぶ	雨粒	雨つぶ
あまつゆ	甘つゆ	甘汁
あまどい	雨どい	雨樋
あまに	亜麻仁	甘煮
あまのがわ	天の川	天の河	天漢
あまのじゃく	天の邪鬼	天邪鬼
あまぼし	甘干	甘干し
あまみ	甘味	甘み	あま味
あまみず	雨水	雨みず
あまみそ	甘みそ	甘味噌
あまもよい	雨もよい	雨催い
あまもり	雨もり	雨漏り
あまもん	甘もん	甘モン
あまやどり	雨やどり	雨宿り
あまよけ	雨よけ	雨避け	雨除け
あまり	余	餘り	余り
あまりぬの	余り布	あまり布
あまりもの	余り物	余り者
あまわた	甘わた	甘腸
あみ	阿弥	網	糠蝦	醤蝦	編み
あみあげ	編み上げ	編上げ
あみいと	網糸	編み糸	編糸
あみいり	網入	網入り
あみうち	網打	網打ち
あみお	編み緒	編緒
あみかけ	網かけ	網掛け	編みかけ	編み掛け
あみかご	編み籠	編籠
あみがさ	編みがさ	編み笠	編笠
あみぎぬ	網衣	あみ衣
あみくぐり	網潜り	あみ潜り
あみこみ	編み込み	あみ込み	編込み
あみごし	網ごし	網越し
あみしん	編み芯	編芯
あみじ	網地	編み地	編地
あみちがい	編みちがい	編み違い
あみづくり	網づくり	網作り
あみとり	網とり	網取り
あみど	網戸	編み戸	編戸
あみばり	網針	編み針	編針	あみ針
あみひも	編みひも	編み紐
あみふるい	網ふるい	網篩
あみぶくろ	網袋	編み袋
あみぼう	編み棒	編棒
あみめ	網目	編み目	編目
あみもの	編物	編みもの	編み物	あみ物
あみやき	網焼き	あみ焼き
あみりょう	網猟	網漁
あめ	雨	飴	天
あめあがり	雨上がり	雨あがり	雨上り
あめあし	雨脚	雨足
あめあられ	雨あられ	雨霰
あめいと	飴糸	あめ糸
あめいろ	アメ色	飴色	あめ色
あめうり	飴売り	あめ売り
あめざいく	アメ細工	あめ細工	飴細工
あめしずく	雨しずく	雨雫
あめしぶき	雨しぶき	雨飛沫
あめだま	アメ玉	飴玉	あめ玉
あめつち	天つち	天地
あめに	飴煮	あめ煮
あめふり	雨降り	雨ふり	雨降
あめぶた	アメ豚	飴豚
あめみみ	アメ耳	飴耳
あめや	飴屋	あめ屋
あめやみ	雨やみ	雨止み
あめんぼう	飴ん棒	飴棒
あや	綾	文
あやいと	綾糸	あや糸
あやおどり	綾踊り	あや踊り
あやおり	綾織	綾織り	あや織り
あやかし	妖	妖かし	祅し
あやぎぬ	綵	綾絹
あやじ	綾地	あや地
あやすぎ	綾杉	あや杉
あやつり	操	操り
あやつりにんぎょう	操人形	操り人形	あやつり人形
あやとり	綾とり	綾取	綾取り	あや取り
あやぶね	紋船	あや船
あやまち	過ち	誤ち
あやまり	誤り	愆り	誤まり
あやめ	菖蒲	あや目	文目
あやめか	菖蒲科	アヤメ科
あゆ	阿諛	年魚	鮎
あゆい	脚結ひ	足結い
あゆがり	アユ狩り	鮎狩り
あゆずし	アユ鮓	鮎寿司	鮎鮨
あゆつり	アユ釣り	鮎つり	鮎釣	鮎釣り
あゆまつり	アユ祭り	鮎まつり	鮎祭り
あゆみいた	歩み板	歩板
あゆやき	鮎焼	鮎焼き
あゆりょう	アユ漁	鮎漁	あゆ漁
あら	粗	荒
あらい	洗い	洗
あらいあげ	洗上	洗い上げ
あらいおけ	洗いおけ	洗い桶
あらいかえ	洗い換え	洗い替え
あらいがえ	洗い替え	洗替	洗替え
あらいごこち	洗いごこち	洗い心地
あらいざらし	洗いざらし	洗い晒し
あらいぜき	洗い堰	洗堰
あらいそ	荒いそ	荒磯
あらいたて	洗いたて	洗い立て
あらいだし	洗い出し	洗いだし
あらいねぎ	洗いねぎ	洗い葱
あらいはり	洗い張り	洗張
あらいば	洗い場	洗場
あらいみず	洗い水	あらい水
あらいむら	洗いむら	洗い斑
あらいもの	洗い物	洗いもの	洗物
あらうみ	荒海	あら海
あらおこし	荒起こし	荒起し
あらおり	粗織り	荒織り
あらかす	荒かす	荒粕
あらかせぎ	荒ら稼ぎ	荒稼ぎ
あらかべ	粗壁	荒壁
あらかわ	粗皮	荒皮
あらがき	粗垣	あら垣
あらがね	粗金	鉱
あらき	阿刺吉	阿剌吉	新木	粗木	荒木
あらきざみ	荒きざみ	荒刻み
あらぎょう	荒業	荒行
あらけずり	粗削り	荒けずり	荒削り
あらごなし	粗ごなし	荒ごなし
あらごみ	荒ゴミ	荒塵
あらごも	粗ごも	粗薦	荒薦
あらさがし	アラ探し	粗捜し	粗探し	あら捜し	あら探し
あらさばき	荒さばき	荒捌き
あらし	嵐	荒し	荒らし
あらしお	粗塩	荒潮	あら塩
あらしこ	荒らし子	荒子
あらしごと	荒ら仕事	荒仕事
あらすじ	粗筋	荒筋	あら筋
あらそい	争い	争ひ
あらそいご	争い碁	争碁
あらそいごと	争いごと	争い事
あらたま	荒玉	荒魂
あらため	改	改め
あらためやく	改め役	改役
あらと	粗砥	荒砥
あらに	アラ煮	粗煮	あら煮
あらぬり	粗塗	粗塗り
あらねつ	粗熱	荒熱	あら熱
あらの	曠野	荒野
あらひと	現人	荒人
あらびき	粗びき	粗挽	粗挽き	あら挽き
あらびきくろこしょう	粗挽き黒コショウ	粗びき黒胡椒	粗挽き黒胡椒	粗びき黒こしょう	粗挽き黒こしょう	あらびき黒胡椒	あらびき黒こしょう
あらびきこしょう	粗びきコショウ	粗挽きコショウ	粗びき胡椒	粗挽き胡椒	粗びきこしょう	粗挽きこしょう	あらびき胡椒
あらぼり	粗彫り	荒彫り
あらまき	新巻	新巻き	荒巻	荒巻き
あらむしろ	粗むしろ	粗筵	粗莚	荒筵
あらめ	荒布	荒目
あらもの	荒物	新物
あらやすり	荒ヤスリ	荒鑢
あらわし	荒わし	荒鷲
あらわれ	表われ	表れ	現われ	現れ
あり	有り	蟻
ありあい	有り合い	有合	有合い
ありあけ	在明	有り明け	有明
ありあわせ	有り合せ	有り合わせ	有合せ	有合わせ	あり合わせ	あり合せ
ありか	在り処	在処
ありかた	在り方	あり方
ありがたなみだ	有り難涙	有難涙	ありがた涙
ありがたみ	有り難み	有難み	有難味
ありがためいわく	有り難迷惑	有難迷惑	ありがた迷惑
ありがね	有り金	在り金	有金	あり金
ありきたり	在り来たり	在り来り	あり来たり
ありぎれ	有り切れ	あり布
ありさま	有様	有り様
ありそみ	荒磯海	ありそ海
ありだか	有高	在高
ありったけ	有りったけ	有りっ丈
ありづか	アリ塚	蟻塚	あり塚
ありてい	有り体	有体
ありどころ	在りどころ	有り所	あり所
ありのあゆみ	アリの歩み	ありの歩み	蟻の歩み
ありのまま	有りの侭	有りの儘
ありんこ	蟻んこ	蟻ん子
あるきづめ	歩きづめ	歩き詰め
あるきみこ	歩き巫女	あるき巫女
あるなし	有る無し	ある無し
あるふぁせん	アルファ線	α線
あれ	阿礼	荒れ
あれい	亜鈴	唖鈴
あれしし	暴猪	荒れ猪
あれしょう	荒れ性	荒性
あれだま	荒れダマ	荒れ球
あれち	荒れ地	荒地	あれ地
あれの	荒れ野	あれ野
あわ	泡	粟
あわあぶら	泡油	あわ油
あわせ	合わせ	袷	合せ	合
あわせいと	合せ糸	合わせ糸
あわせうま	併せ馬	合わせ馬
あわせおび	合帯	袷帯	あわせ帯
あわせかがみ	合せかがみ	合せ鏡	合わせ鏡	あわせ鏡
あわせぎぬ	袍衣	袷衣
あわせず	合せ酢	合わせ酢	あわせ酢
あわせづめ	合せ爪	合わせ爪
あわせど	合せ砥	合わせ砥
あわせに	合わせ煮	あわせ煮
あわせめ	合せめ	合わせめ	合わせ目	合せ目
あわせわざ	合わせワザ	合わせ技	あわせ技	合せ技
あわたて	泡立	泡立て
あわだて	泡立て	泡立
あわだてき	泡立器	泡立て器
あわだま	アワ玉	粟玉
あわつぶ	泡粒	粟つぶ	粟粒	あわ粒
あわてがお	慌て顔	あわて顔
あわてもの	慌て者	あわて者
あわてんぼう	慌てん坊	あわてん坊
あわび	蚫	鮑	鰒
あわびむすび	鮑結び	あわび結び
あわびりょう	アワビ漁	鮑漁
あわめし	粟飯	あわ飯
あわもち	粟もち	粟餅	粟餠
あわゆき	沫雪	泡雪	淡雪
あわれ	憐れ	憫れ	哀れ	可哀
あわれみ	哀れみ	憐み	憐れみ
あん	案	按	餡	兄ん	閹	安	暗
あんあん	暗暗	暗々
あんあんり	暗々裏	暗暗裏
あんい	安位	安慰
あんいつ	安いつ	安佚	安逸
あんいり	餡入り	あん入り
あんえい	暗影	暗翳
あんか	案下	行火
あんかけ	餡掛け	あん掛け
あんき	暗記	諳記	暗鬼	安企	安危	暗期	暗祈
あんきも	アン肝	鮟肝	あん肝
あんきょ	安居	暗きょ	暗渠	暗虚
あんけつ	暗穴	暗血
あんけん	案件	暗剣
あんこ	餡こ	餡子
あんこう	安康	暗光	暗紅	暗香	鮟鱇
あんこく	闇黒	暗黒	安国
あんこむすめ	アンコ娘	あんこ娘
あんご	安居	暗語
あんごう	暗合	暗号	庵号
あんざ	安坐	安座
あんざん	安産	暗算	安山
あんし	暗視	暗紫
あんしつ	暗室	庵室	菴室
あんしゅ	庵主	暗主	菴主	按手
あんしょ	暗所	安処
あんしょう	暗唱	暗誦	諳誦	暗証	暗礁	鞍傷
あんしん	安心	安神	闇神
あんじたて	餡仕立て	あん仕立て
あんじゅう	安住	庵住
あんじょう	安祥	安詳	暗条	鞍上
あんず	杏子	杏
あんずいろ	杏子色	杏色
あんぜん	安全	安禅
あんたい	安泰	暗帯
あんだま	餡玉	あん玉
あんち	安置	按地
あんちゅう	暗中	闇中
あんてい	安定	案定
あんていき	安定期	安定器
あんてん	暗転	暗点	鞍点
あんとう	暗闘	案頭
あんど	安堵	安ど	安途	行燈
あんどん	行燈	行灯
あんない	案内	安内	あん内
あんば	鞍馬	あん馬
あんばい	塩梅	按排	按配	案配	塩配	按梅
あんぶ	安撫	暗部	鞍部	あん部
あんぶん	按分	案分	安分	案文	あん分
あんぷ	暗符	暗譜	諳譜	暗夫
あんぽう	罨法	あん法
あんま	按摩	あん摩
あんみつ	餡蜜	あん蜜
あんみん	安眠	安民	晏眠
あんや	闇夜	暗夜
あんらくいす	安楽イス	安楽椅子	安楽いす
い	衣	萎	伊	潙	胃	井	意	威	違	亥	藺	医	居	為	異
いあい	遺愛	居合
いあき	居あき	居空き
いい	依倚	以夷	謂	飯
いいあい	言い合い	言いあい
いいあらそい	言い争い	いい争い	言いあらそい
いいかえ	言い替え	言い換え
いいかげん	いい加減	好い加減
いいがかり	言いがかり	言い掛かり	言い掛り	言掛かり	言掛り
いいぐさ	言いぐさ	言い種	言い草	言ぐさ	言種	言草	いい草
いいちがい	言いちがい	言い違い	言違い
いいつ	遺佚	遺逸
いいつぎ	言い継ぎ	言継ぎ
いいつけ	言いつけ	言い付け
いいつたえ	言い伝え	言いつたえ	言伝え	いい伝え
いいなずけ	許婚	許嫁
いいのがれ	言い逃がれ	言い逃れ
いいひらき	言い開き	言開き
いいびつ	飯びつ	飯櫃
いいぶん	言い分	云ひ分	言いぶん	いい分
いいまわし	言い回し	云いまわし	云い廻し	言いまわし	言い廻し	言回し	いい回し	いひ廻し
いいよどみ	言い淀み	言いよどみ
いいわけ	言い訳	云いわけ	云い訳	云ひ訳	言いわけ	言分	言分け	言訳	言い分け
いいわたし	言い渡し	言渡し	言渡
いいん	委員	医院	医員
いえい	遺影	伊英	遺詠
いえいえ	家々	家いえ	家家
いえうさぎ	家うさぎ	家ウサギ	家兎
いえがら	家がら	家柄
いえき	移易	胃液
いえさがし	家探し	家さがし
いえじ	家地	家路
いえだに	家だに	家ダニ	家壁蝨
いえつ	怡悦	慰悦
いえつき	家付	家付き	家附
いえづくり	家造り	家作り	家づくり
いえづと	家づと	家苞
いえなみ	家なみ	家並	家並み
いえねずみ	家ねずみ	家ネズミ	家鼠
いえばえ	家ばえ	家蠅
いえばと	家ばと	家鳩
いえめし	家メシ	家飯
いえもち	家持	家持ち
いえやしき	家やしき	家屋敷
いえん	以遠	胃炎
いおう	硫黄	以奥	以往	遺王
いおどめ	魚止	魚止め
いおり	廬	庵
いおりてん	庵点	いおり点
いおん	異音	遺音
いか	異化	以下	医科	烏賊	医家	紙鳶	凧	如何
いかい	遺灰	異界	位階	医界	異解	遺戒	遺誡
いかえさ	イカ餌	烏賊餌
いかがく	医化学	医科学
いかく	威嚇	位格	囲郭	胃角
いかけ	沃懸	沃懸け	鋳掛	鋳掛け
いかさし	イカ刺し	烏賊刺し	いか刺し
いかさまし	如何様師	いかさま師
いかしどり	生かしどり	生かし捕り
いかすみ	イカ墨	烏賊墨	いか墨
いかだくだり	筏下り	いかだ下り
いかだし	筏士	筏師
いかだながし	筏流し	いかだ流し
いかつり	イカ釣り	烏賊つり	烏賊釣り	いか釣	いか釣り
いかどっくり	イカ徳利	烏賊徳利
いかのぼり	紙鳶	凧
いかもの	如何物	いか物
いかやき	イカ焼き	烏賊焼き
いかり	怒り	怒	忿り	瞋り	碇	錨
いかりがた	怒り肩	いかり肩
いかりそう	イカリ草	碇草	錨草	いかり草
いかりづな	碇綱	錨綱
いかりょう	イカ漁	烏賊漁	いか漁
いかる	鵤	斑鳩
いかん	移監	移管	移貫	何如	奈何	衣冠	遺簡	位冠	位官	偉観	偉鑑	偉鑒	医官	尉官	異汗	異観	移換	維管	胃官	胃管	如何
いが	衣蛾	毬
いがい	イ貝	以外	貽貝	遺骸	い貝
いがく	医学	醫學	異学	胃学
いがぐり	毬栗	いが栗
いがぐりあたま	毬栗頭	いがぐり頭
いがっ	医学	醫學	異学
いがみあい	イガミ合い	啀み合い	いがみ合い
いがん	胃癌	胃がん	胃ガン	依願
いき	生	粋	遺棄	委棄	意気	粹	息	行き	偉器	彝器	意企	畏忌	異記	胃気	息気	位記	閾	生き	域
いきあじ	生きアジ	生き鰺
いきあたり	行き当たり	行き当り	行きあたり	行当たり	行当り
いきうつし	生うつし	生きうつし	生き写し	生写し
いきうめ	生き埋め	生きうめ	生埋め
いきえ	活き餌	生きえ	生き餌
いきえさ	生きエサ	生き餌
いきえび	活きエビ	活き海老	生き蝦
いきおい	勢い	勢ひ	勢
いきおいまかせ	勢いまかせ	勢い任せ
いきかえり	往き帰り	生き返り	行き帰り
いきかけ	行きかけ	行き掛け
いきかた	生き方	生き形
いきがい	域外	生きがい	生き甲斐	生甲斐
いきがかり	行きがかり	行き掛かり	行き掛り	行掛かり	行掛り
いきがけ	行きがけ	行き掛け	行掛け
いきき	行き来	往き来	往きき
いきぎも	生き肝	生き胆
いきぎれ	息ぎれ	息切れ	気息切れ
いきぐせ	生きグセ	生き癖
いきさき	行き先	行先
いきさらし	生き晒し	生き曝し
いきざま	生き様	生きざま
いきじごく	生地獄	生き地獄
いきじびき	生字引	生き字引
いきじめ	活じめ	生き締め
いきすじ	粋すじ	粋筋
いきだおれ	往き倒れ	行きだおれ	行き倒れ	行き斃れ
いきち	生き血	域値	閾値	いき値
いきちがい	行きちがい	行き違い	行違い
いきつぎ	息つぎ	息継ぎ
いきつけ	行きつけ	行き付け
いきづかい	息づかい	息づかひ	息使い	息遣い
いきづくり	活き造り	生き作り
いきづまり	行き詰まり	行きづまり	行き詰り	行詰り	ゆき詰り
いきどおり	憤り	慨憤
いきどころ	行き所	いき所
いきどまり	行き止まり	行きどまり	行き止り	行き留まり	行止まり	行止り
いきぬき	息ぬき	息抜き
いきのこり	生残り	生き残り
いきびん	生き瓶	生瓶
いきぼとけ	生き仏	生仏
いきみ	息み	生き身
いきみのがし	息み逃し	いきみ逃し
いきもの	生き物	生きもの	息物
いきもれ	息もれ	息漏れ
いきょ	依拠	移居	異居
いきょう	異教	異境	異郷	異香	違境	遺響
いきょく	医局	委曲	異曲	異極
いきりょう	生き霊	生霊
いきわかれ	生きわかれ	生き別れ
いぎ	意義	異議	異義	威儀	居木
いぎょう	異形	医業	偉業	意行	易行	遺業	異業
いく	遺句	異口	意気
いくさ	戦さ	戰	戦
いくささわぎ	戦さわぎ	戦さ騒ぎ	戦騒ぎ
いくさば	戦さ場	いくさ場	戦場
いくじ	育児	意気地
いくすう	育すう	育雛
いくび	猪頸	猪首
いくぶん	幾分	いく分	郁文
いくん	偉勲	遺勲	遺訓
いぐさ	イ草	藺草	い草
いぐさか	イグサ科	藺草科
いぐし	忌串	斎串
いぐち	兎唇	欠唇	猪口
いぐり	居繰	居繰り
いけい	違警	畏敬	胃経	異景
いけうお	活け魚	活魚
いけうなぎ	活うなぎ	生け鰻
いけがき	生垣	生け垣	生け籬	生籬
いけこみ	生け込み	いけ込み
いけす	活け簀	生けす	生け簀	生洲	生簀
いけづくり	池作り	活け作り	活け造り	活作り	生け作り	生作り
いけどり	生け捕り	活け捕り	生けどり	生捕り	生擒
いけにえ	生け贄	生けにえ	生贄
いけばな	生け花	挿花	活け花	活花	生花
いけもの	活けもの	活け物	生け物
いけん	意見	移建	違憲	意拳	異見	遺賢	い見
いげた	井げた	井桁
いげん	威厳	医原	異言	遺言
いこい	憩い	憩
いこう	以降	移行	移項	意向	意嚮	偉功	威光	遺構	遺稿	遺講	偉効	囲口	異校	異香	衣こう	衣桁	衣香
いこうじょうひがん	移行上皮がん	移行上皮ガン	移行上皮癌
いこじ	依固地	依怙地	意固地
いこみ	鋳込	鋳込み
いご	以後	已後	囲碁
いごこち	居心地	居ごこち
いさい	偉才	異才	委細	異彩	移祭
いさお	勲	功
いさおし	勲	功
いさかい	諍	諍ひ	諍い
いさみあし	勇み足	いさみ足
いさめ	居寤	諌め	諫め
いさり	漁り	漁
いさりび	漁火	漁り火	いさり火
いさん	遺産	伊飡	彙纂	胃散	胃酸	違算
いざ	椅座	伊邪
いざい	偉材	異材
いし	甃	医師	石	移祀	縊死	頤使	頤指	意志	意思	遺志	倚子	威示	遺址	遺子	遺矢	異翅
いしあたま	石頭	石あたま
いしうす	石うす	石臼
いしうち	石打ち	石打
いしおとし	石落とし	石落し
いしかげ	石かげ	石陰
いしがき	石垣	石がき
いしがけ	石がけ	石崖	石垣
いしがに	石がに	石蟹
いしがま	石窯	石釜	石鎌
いしがめ	石がめ	石亀
いしがれい	石がれい	石鰈
いしき	意識	違式
いしきり	石切	石切り
いしぎつね	石ギツネ	石狐
いしくれ	石くれ	石塊
いしぐみ	石組み	石ぐみ	石組
いしぐら	石倉	石蔵
いしけり	石けり	石蹴り
いしこ	石こ	石子	石粉
いしころ	石ころ	石子路
いしごろも	石ごろも	石衣
いしじい	石じい	石爺
いしじき	石敷き	石敷
いしたたき	石たたき	石敲	石敲き
いしだい	石だい	石鯛
いしだき	石抱	石抱き
いしだたみ	石畳	甃	石だたみ	石畳み
いしだん	石段	石だん
いしつ	遺失	異質	痿疾	い質
いしつぶて	石つぶて	石礫	石飛礫
いしつぼ	石つぼ	石壺
いしつみ	石積み	石づみ	石積
いしづき	石づき	石ヅキ	石搗き	石突	石突き
いしづくり	石造り	石づくり	石作り
いしどり	石取	石取り
いしなご	石なご	石な子
いしばし	石階	石橋
いしぶみ	碑	石文
いしぼり	石彫り	石彫
いしもち	石もち	石持	石首魚
いしゃ	医者	倚藉	慰藉	慰謝
いしゃりょう	慰藉料	慰謝料
いしやき	石焼	石焼き
いしやど	石宿	石屋戸
いしゅ	縊首	鋳手	異種	意趣	異株
いしゅう	維修	蝟集	異臭	異執	遺習	い集
いしゅく	委縮	畏縮	萎縮	胃宿	い縮
いしゆみ	弩	石弓
いしょ	遺書	位署	医書	異所	移書
いしょう	衣装	囲障	衣しょう	衣裳	意匠	意象	異称	遺詔
いしょうもち	衣装持ち	衣裳持ち
いしょく	依嘱	依属	委嘱	移植	移殖	異食	医食	遺嘱	衣食
いしわり	石割	石割り
いしん	惟神	威信	以心	遺臣	以深	医心	医診	威神	異心	異神	移審	維新
いじ	意地	維持	意じ	異時	遺児	医事	倚辞	医士	医治	意字	異字	遺事
いじっぱり	意地っぱり	意地っ張り
いじめ	苛め	虐め
いじめっこ	苛めっ子	いじめっ子
いじゅう	移住	異獣
いじょう	以上	已上	囲撓	囲繞	委譲	移乗	移城	移譲	異常	異状	偉城	囲城	夷場	遺状
いじりもの	弄りもの	弄り物
いじん	異人	偉人	夷人	移陣
いすう	位数	異数
いすわり	居坐り	居座り
いずまい	居住まい	居ずまい	居住い
いせい	異性	遺精	威勢	為政	異星	以西	医聖	異姓	移棲	遺制	医制
いせき	移籍	遺跡	遺せき	遺石	遺蹟	偉蹟	医籍	井堰
いせつ	移設	医説	異説	異節
いせん	移遷	以浅	医専	夷船	緯線	胃腺
いぜん	以前	已然	怡然
いそう	移葬	移送	位相	意想	異相	異装	移相
いそがね	磯ガネ	磯金
いそぎあし	急ぎ足	急足	いそぎ足
いそづり	磯釣	磯釣り	いそ釣り
いそばた	磯ばた	磯端
いそぶね	磯船	いそ舟
いそべ	磯べ	磯辺	いそ辺
いそべら	磯ベラ	磯遍羅
いそまつか	イソマツ科	磯松科
いそやけ	磯焼け	いそ焼け
いそん	易損	依存
いぞく	イ族	遺族	夷賊	彝族	異俗	異賊
いぞん	依存	異存	遺存
いたい	遺体	異体	胃体	衣帯
いたかべ	板壁	板かべ
いたがこい	板囲	板囲い
いたがね	板ガネ	板金
いたがらす	板ガラス	板硝子
いたきれ	板切れ	板きれ	板片
いたく	依托	依託	委託	遺託	遺沢	委托
いたぐみ	板組	板組み
いたけ	威丈	居丈
いたじき	板敷	板敷き
いたじめ	板締	板締め
いたずらがき	悪戯書き	いたずら書き
いたずらごころ	悪戯心	いたずら心
いたずらっこ	悪戯っ児	いたずらっ子	悪戯っ子
いたずり	板ずり	板摺り
いただき	頂	巓	巓き	顛	頂き	戴
いただきもち	戴き餅	戴餅
いただきもの	頂きもの	頂き物	戴きもの	戴き物	いただき物
いたち	鼬	居立ち
いたちげ	イタチ毛	鼬毛
いたちのさいごっぺ	イタチの最後っ屁	鼬の最後っ屁	いたちの最後っ屁
いたちふで	鼬筆	いたち筆
いたっきれ	板っきれ	板っ切れ
いたづくり	板づくり	板作り
いたで	痛手	傷手	痍
いたでん	イタ電	いた電
いたどり	虎杖	板取り
いたのま	板の間	いたの間
いたのり	板のり	板ノリ	板海苔
いたはね	板ハネ	板羽根
いたばさみ	板挟み	板ばさみ	板バサミ	板挾み
いたばね	板ばね	板バネ	板発条
いたばり	板張り	板ばり	板張	板貼り
いたひき	板引	板引き
いたぶき	板葺き	板ぶき	板葺	板蓋
いたべい	板べい	板塀
いたみ	痛み	悼	悼み	傷み
いたみどめ	痛みどめ	痛み止め
いため	板目	炒め
いためあげ	炒め揚げ	いため揚げ
いためおにぎり	炒めおにぎり	炒め御握り
いためごはん	炒めごはん	炒め御飯
いために	炒め煮	いため煮
いためもの	炒め物	炒めもの	いため物
いためゆで	炒めゆで	炒め茹で
いたり	至り	至
いたるところ	至る所	至るところ	いたる所	到る所
いたわさ	板わさ	板ワサ	板山葵
いたわりごころ	労わり心	いたわり心	労り心
いたん	畏憚	異端
いだい	医大	為大
いだしうちき	出打着	出袿
いだん	イ段	い段
いち	市	位置	位地	夷地
いちい	1位	一位	1尉	一尉	一葦	一意
いちいち	一々	一一
いちいん	一院	一員	一因
いちうり	市売	市売り
いちおし	イチ押し	一押し	一推し	いち押し
いちがい	一害	一がい	一概
いちぎ	一議	一義
いちぐう	一遇	一隅
いちぐん	一群	一軍
いちげそう	一花草	一華草
いちげん	一見	一元	一言
いちご	一期	苺	莓
いちごあじ	イチゴ味	苺味	いちご味
いちごがら	イチゴ柄	苺柄	いちご柄
いちごがり	イチゴ狩り	苺狩り	いちご狩り
いちごじた	苺舌	いちご舌
いちごはだ	イチゴ肌	苺肌
いちごばたけ	苺畑	いちご畑
いちごばな	イチゴ鼻	苺鼻
いちさんるい	1\u002C3塁	一、三塁	一三塁
いちざ	一座	市座
いちじ	一字	一時	一事
いちじしょうにん	1次承認	一次承認
いちじしょうにんしゃ	1次承認者	一次承認者
いちじせんこう	1次選考	一次選考
いちじゅん	一巡	一旬
いちじょう	一場	一条
いちぞく	一族	一簇
いちだん	一団	一段
いちづけ	位置付け	位置づけ
いちど	1度	一度
いちどう	一同	一堂	一動	一道
いちどき	一どき	一時
いちどく	一読	一毒
いちにちたんい	1日単位	一日単位
いちにるい	1\u002C2塁	一・二塁	一、二塁	一二塁
いちねん	一年	一念
いちはつ	一八	鳶尾
いちば	市場	市庭
いちばん	1番	一番	一ばん
いちび	市日	莔麻
いちべつ	一暼	一瞥	一別
いちぼう	一望	一眸
いちまつ	一抹	市松
いちめい	一命	一名
いちめん	一面	一めん
いちもう	一毛	一網
いちもつ	一物	逸物
いちもん	一問	一文	一門
いちや	1夜	一夜	市屋
いちやづけ	一夜漬け	一夜漬
いちゅう	移駐	意中	意衷
いちゆう	一揖	一憂
いちょう	移庁	移牒	移調	公孫樹	鴨脚	帷帳	異朝	萎ちょう	萎凋	胃腸	銀杏	医長
いちり	一里	一利	一理
いちりつ	一律	市立
いちりょう	一両	一竜
いちる	一る	一縷
いちるい	一塁	一類
いちれん	一連	一蓮
いちろう	一臘	市臈
いっか	一家	一過	一下
いっかい	一塊	一介
いっかく	一角	一画	一劃	一獲	一廓	一攫	一郭	一鶴
いっかくじゅうざ	いっかくじゅう座	一角獣座
いっかつ	一喝	一喝	一括
いっかつしはらい	一括支払い	一括支払
いっかつせいさん	一括清算	一括精算
いっかつとりこみ	一括取り込み	一括取込
いっかつはらいもどし	一括払い戻し	一括払戻
いっかつばらい	一括払	一括払い
いっかん	一貫	一巻	一環
いっき	一騎	一気	逸機	一喜	一揆	一季	一簣
いっきうち	一騎打ち	一騎討	一騎討ち
いっきゅう	1級	一級
いっきゅうしょく	1級職	一級職
いっきょ	一挙	一擧	一去
いっきょう	一興	一驚	逸興
いっけい	一系	一計
いっけつ	溢血	一決	いっ血
いっけん	一軒	一見
いっけんや	一軒屋	一軒家
いっこ	一戸	一顧	一枯	一己
いっこう	一行	一考
いっこだて	一戸建て	一戸建
いっさ	一佐	1佐
いっさい	一才	一切	一再	一妻
いっさく	一昨	一策
いっさつ	一札	一殺	一颯
いっさん	一酸	一散	一盞	逸散
いっし	一糸	一矢	一枝	一士	一弛	一指	一視	逸史	一死
いっしつ	一室	逸失
いっしゅつ	溢出	逸出
いっしょ	一所	一処	一緒	一しょ	一しよ	一緖	一生	佚書	逸書
いっしょう	一升	一生	一笑	一将
いっしょく	一色	一触
いっしん	一身	一心	一進	一神	一新
いっしんとう	1親等	一親等
いっすい	一水	溢水	一睡	一炊
いっせい	一斉	一せい	一声	一世
いっせき	一席	一夕	一石
いっせつ	一節	一説	一殺
いっせん	一線	一閃	一戦
いっそう	逸走	一掃	一曹	一草	一走
いっそく	一足	逸足
いったい	一体	一帯	一隊	一帶	一退
いったん	一端	一短
いっち	一致	一知
いっちゅう	一籌	一中
いっちょう	一朝	一丁	一張	一聴	一長
いってつ	一徹	いっ徹
いってん	一点	一転	一天
いってんばり	一点張り	一点ばり
いっと	一斗	一途
いっとう	一刀	一棟	一等	一答	一搨	一統	一党
いっとうしん	1等親	一等親
いっとうせい	一等星	一党制
いっとうぼり	一刀彫り	一刀彫
いっとき	一とき	一時	いっ時
いっぱい	一杯	一つぱい	一廃
いっぱつ	一発	一髪
いっぱん	一般	一半	一斑
いっぱんけんしん	一般検診	一般健診
いっぱんしゃ	一般車	一般者
いっぱんのかふ	一般の寡夫	一般の寡婦
いっぴん	一顰	逸品	一品
いっぷ	一婦	一夫
いっぷう	一風	一封
いっぷく	一服	一腹
いっぺん	一遍	一変	一ぺん
いっぽう	一方	一報	一法
いつ	佚	稜威
いつえぎぬ	五衣	五重衣
いつき	斎槻	斎
いつごろ	何時頃	いつ頃	何時ごろ
いつじ	軼事	逸事
いつぶん	逸文	逸聞
いつわり	偽り	詐り
いてざ	射手座	いて座
いてん	移転	移轉
いでたち	出で立	出で立ち	出立ち	出立	いで立ち
いでゆ	出で湯	出湯	温泉	いで湯
いでん	遺伝	位田	囲田	異伝
いと	糸	意図	意圖	異都	絲	異図
いとあめ	糸あめ	糸飴
いとあやつり	糸操	糸操り
いといり	糸入	糸入り
いとう	以東	伊富魚
いとおどし	糸威	糸縅
いとおり	糸織	糸織り
いとかがり	糸かがり	糸縢
いとかつお	糸かつお	糸鰹
いとがつお	糸がつお	糸鰹
いときり	糸きり	糸切	糸切り
いとく	偉徳	威徳	懿徳	遺徳
いとくず	糸くず	糸クズ	糸屑
いとくり	糸くり	糸繰り	糸繰
いとくりぐるま	糸繰車	糸繰り車
いとぐち	緒	糸口	糸ぐち	緒口
いとぐるま	糸ぐるま	糸車
いとこ	従姉妹	従兄弟	従兄	従兄妹
いとこに	従兄弟煮	いとこ煮
いとしご	愛し子	いとし子	愛子
いとだま	糸玉	絲玉
いとづくり	糸づくり	糸作り	糸造り
いととり	糸とり	糸取り
いととんぼ	糸とんぼ	糸蜻蛉
いとねぎ	糸ネギ	糸葱
いとのこ	糸のこ	糸ノコ	糸鋸
いとはし	糸はし	糸端
いとひき	糸引き	糸引
いとほし	糸ほし	糸干し
いとま	遑	暇
いとまき	糸まき	糸巻	糸巻き
いとまごい	暇乞	暇乞い	暇乞ひ	いとま請い
いとみみず	糸みみず	糸ミミズ	糸蚯蚓
いとより	糸縒	糸縒り
いとよれ	糸ヨレ	糸縒れ
いど	井戸	威怒	易怒	異土	緯度
いどう	移動	異動	医道	異同	い動
いどうさき	移動先	異動先
いどうじょうほう	移動情報	異動情報
いどうてつづき	異動手続	異動手続き
いどうび	移動日	異動日
いどころ	居所	居どころ	居処
いどし	亥年	亥歳
いな	否	維那	鯔
いない	以内	胃内
いなかぐらし	田舎ぐらし	田舎暮し	田舎暮らし
いなかけ	稲掛	稲掛け
いなかずまい	田舎住い	田舎住まい
いなかそだち	田舎育ち	いなか育ち
いなかそば	田舎そば	田舎蕎麦
いなかまち	田舎町	いなか町
いなかみち	田舎道	いなか道
いなかめぐり	田舎巡り	田舎廻り
いなかもの	田舎者	いなか者
いなかもん	田舎もん	田舎モン
いなぎ	伊尼翼	稲木	稲置
いなごとり	イナゴ捕り	イナゴ採り	蝗捕り
いなだつり	イナダ釣り	いなだ釣り
いなば	稲羽	稲葉
いなびかり	稲光	稲光り
いなほ	稲穂	稲穗
いなむら	稲むら	稲叢
いなりずし	稲荷ずし	稲荷寿司	稲荷鮨	いなり寿し	いなり寿司
いなわら	稲わら	稲藁
いにしえ	古え	古しへ	古
いにょう	囲繞	遺尿
いぬ	犬	狗	戌
いぬい	戌亥	乾
いぬうらない	犬占い	いぬ占い
いぬか	イヌ科	犬科
いぬかき	犬掻き	犬かき	犬カキ
いぬがた	イヌ型	犬型
いぬがや	犬がや	犬榧
いぬき	居抜き	鋳抜き
いぬくぎ	犬くぎ	犬釘
いぬころ	犬ころ	犬コロ
いぬごはん	イヌご飯	犬御飯
いぬじに	犬死	犬死に
いぬじらし	犬じらし	犬焦らし
いぬずわり	犬坐り	犬座り
いぬぞり	犬ぞり	犬ゾリ	犬橇
いぬたで	犬たで	犬蓼
いぬどし	戌年	いぬ年
いぬはりこ	犬張り子	犬張子
いぬばしり	犬走	犬走り
いぬびえ	犬びえ	犬稗
いぬふぐり	犬ふぐり	犬陰嚢
いぬふせぎ	犬防	犬防ぎ
いぬぼね	イヌ骨	犬骨
いぬよばわり	犬よばはり	犬呼ばわり
いね	稲	亥子
いねかけ	稲掛	稲掛け	稲架け
いねかり	稲かり	稲刈	稲刈り
いねこき	稲こき	稲コキ	稲扱	稲扱き
いねたば	稲たば	稲束
いねつくり	稲つくり	稲作り
いねづくり	稲作り	いね作り
いねなえ	イネ苗	稲苗
いねまき	稲まき	稲蒔き
いねむり	居眠り	居ねむり	居眠	居睡	居睡り
いねわら	稲ワラ	稲藁
いねん	以冷	意念	易燃
いのこ	亥の子	亥子	猪子	豕
いのこり	居残り	い残り
いのち	命	生命
いのちがけ	命懸け	命がけ	命掛け	生命がけ
いのちげ	命毛	いのち毛
いのちごい	命ごい	命乞	命乞い	命請い
いのちづな	命綱	命づな
いのちとり	命取り	命とり
いのちびろい	命拾い	命びろい
いのふ	胃の府	胃の腑
いのり	禱り	祈り	祷り
いはい	移配	違背	位はい	位牌	遺灰	遺珮
いはく	威迫	医博
いはだ	斎肌	鋳肌
いはつ	衣鉢	遺髪
いはん	違反	違犯	囲範	異版
いばら	薔薇	荊	荊棘	茨
いばらみち	イバラ道	茨道
いばり	威張	威張り	尿
いばりんぼう	威張りんぼう	威張りん坊
いひつ	異筆	遺筆
いひん	遺品	い品
いび	萎靡	居飛	異尾
いふ	畏怖	夷俘	意符	異父	移付	胃腑
いふう	威風	遺風	異風
いふうどうどう	威風堂堂	威風堂々
いふく	威伏	威服	畏伏	畏服	衣服	倚伏	威福	為福	異服	異腹	い吹く	医福
いぶ	慰撫	威武
いぶき	息吹	息ぶき	息吹き	伊吹
いぶしがわら	燻し瓦	いぶし瓦
いぶしぎん	燻し銀	燻銀	いぶし銀
いぶしどう	燻し銅	いぶし銅
いぶつ	異物	遺物
いぶん	異聞	遺文	異文
いへき	痿躄	胃壁
いへん	異変	彙編	韋編
いほう	移封	違法	異邦	医方	彙報	異方	遺宝
いほん	為本	異本
いぼ	疣	異母
いぼう	威望	異貌	遺忘
いぼく	移牧	遺墨
いぼじ	疣痔	いぼ痔
いぼじりまき	いぼじり巻	いぼじり巻き
いぼだい	疣鯛	いぼ鯛
いま	今	居間
いまかの	今カノ	今かの
いまごろ	今頃	今ごろ	いま頃
いましがた	今しがた	今し方
いましめ	戒め	戒しめ	警め	縛め	縛
いまち	居待	居待ち
いまちづき	居待月	居待ち月
いまどき	今どき	今時
いまひとつ	今一つ	今ひとつ
いままいり	今参	今参り
いままで	今まで	今迄
いみ	意味	忌み	忌
いみあい	意味あい	意味合	意味合い
いみあけ	忌み明け	忌明	忌明け
いみくら	斎み蔵	斎蔵
いみことば	忌みことば	忌み言葉	忌み詞	忌言葉	忌詞
いみな	忌み名	諱
いみん	移民	遺民
いむ	医務	異夢
いめい	依命	威名	遺命	異名
いも	薯	藷	芋	痘痕	妹
いもあらい	芋洗	芋洗い	芋洗ひ
いもうとおとうとねこ	妹、弟猫	妹弟猫
いもうとむこ	妹婿	妹聟
いもがい	イモ貝	芋貝
いもがゆ	芋がゆ	芋粥
いもがら	芋がら	芋幹
いもくず	イモ葛	芋葛
いもごはん	芋ごはん	芋御飯
いもじょうちゅう	芋焼酎	いも焼酎
いもせ	妹背	妹脊
いもたれ	胃もたれ	胃凭れ
いもちびょう	稲熱病	いもち病
いもづる	芋づる	芋蔓
いもづるしき	イモヅル式	芋づる式	芋蔓式
いもに	芋煮	いも煮
いもばたけ	イモ畑	芋畑
いもほり	イモ堀り	芋掘り
いもむし	イモ虫	芋虫	いも虫
いももち	イモ餅	芋餅	いも餅
いもん	慰問	夷門
いやいや	嫌々	嫌嫌
いやおう	否応	いや応
いやく	医薬	伊訳	意訳	違約
いやけ	嫌気	厭気	いや気
いやし	癒し	癒やし
いやしんぼう	卑しん坊	いやしん坊
いやたち	弥立ち	いや立ち
いやち	厭地	忌地
いやふき	弥吹き	いや吹き
いやみ	イヤ味	嫌味	厭味	嫌み	いや味	厭み
いゆ	慰諭	出湯
いよう	移用	偉容	医用	威容
いよく	意欲	意慾
いらい	以来	以來	依頼
いらいら	焦々	苛々	苛苛
いらく	怡楽	慰楽	為楽
いらくさ	刺草	蕁麻	いら草
いらせい	刺製	いら製
いらだち	苛立ち	焦立ち	苛だち	苛らだち	イラ立ち	いら立ち
いらつめ	娘	以良都女	郎女	郎姫
いらぶーじる	イラブー汁	いらぶー汁
いらん	違乱	囲卵
いり	煎	入り	入	煎り
いりあい	入相	入合	入会
いりうみ	入り海	入海
いりえ	入り江	入江
いりがた	入方	入り方
いりぎわ	入りぎは	入り際
いりぐち	入口	入り口
いりこ	海参	炒り子	炒り粉	熬り子	熬り粉	熬海鼠	いり子
いりごま	炒りゴマ	煎りゴマ	炒り胡麻	煎り胡麻	いり胡麻	炒りごま	煎りごま
いりごめ	炒り米	煎り米	いり米
いりざけ	煎り酒	煎酒
いりしお	煎り塩	入り汐	入り潮	入汐	入潮
いりたて	煎りたて	煎り立て
いりたまご	炒り卵	いり卵
いりづり	入釣	入り釣り
いりどうふ	煎豆腐	煎り豆腐
いりに	炒り煮	煎り煮	いり煮
いりはま	入り浜	入浜
いりひ	入日	入り日
いりふね	入り船	入舩	入船	入舟
いりほり	入り堀	入堀
いりぼし	炒り干し	炒干し	熬り干し	熬干し
いりまめ	炒豆	煎り豆	煎豆	炒り豆	いり豆
いりむぎ	炒麦	煎り麦
いりむこ	入り婿	入婿	入聟
いりめ	入り目	入目
いりもや	入り母屋	入母屋
いりゅう	慰留	遺留	移流
いりょう	衣料	医療	医りょう	威稜	衣糧	遺領
いりょく	威力	偉力	意力
いりよう	入用	入り用	要り用	いり用
いりわけ	入り訳	入訳
いるい	衣類	衣るい	異類
いるかざ	いるか座	海豚座
いれ	入れ	入
いれい	違令	異例	威令	威霊	威靈	慰霊	違例	遺例
いれかえ	入れ替え	入れかえ	入れ換え	入換	入替	入替え
いれかけ	入れ掛け	入掛け
いれかわり	入れ替わり	入れ代わり	入れかわり	入れかはり	入れ代り	入れ替り	入代り
いれぐい	入れぐい	入れ喰い	入れ食い
いれこ	入れ子	入れこ	入れ籠	入子
いれずみ	入れ墨	入れずみ	入墨	刺青	文身
いれたて	入れたて	入れ立て
いれぢえ	入知恵	入れ知恵
いれば	入れ歯	入歯
いれぼくろ	入れぼくろ	入れ黒子
いれもの	入れ物	入れもの	入物	容れもの	容れ物	いれ物
いろ	色	倚廬
いろあい	色合い	色あい	色合
いろあげ	色上げ	色揚	色揚げ
いろあせ	色褪せ	色あせ
いろあそび	色遊	色遊び
いろあわせ	色合わせ	色あわせ	色合せ
いろいた	色いた	色板
いろう	慰労	遺漏	胃瘻	衣粮	胃ろう
いろうつり	色うつり	色写り	色移り
いろおんな	色おんな	色女
いろかけ	色かけ	色掛け
いろがえ	色がえ	色変え
いろがわり	色変り	色変わり
いろこ	色子	色粉
いろごと	色ごと	色事
いろごのみ	色ごのみ	色好み
いろさし	色さし	色差し
いろじ	色地	色字
いろじかけ	色仕掛	色仕掛け
いろずり	色ずり	色刷	色刷り
いろぞろえ	色ぞろえ	色揃え
いろちがい	色ちがい	色違い
いろつや	色つや	色ツヤ	色艶
いろづかい	色遣い	色づかい	色使い
いろづくり	色づくり	色作り
いろづけ	色づけ	色付け
いろどめ	色どめ	色止	色止め
いろどり	彩り	色どり	彩	色取り
いろなじみ	色なじみ	色馴染み
いろぬり	色ぬり	色塗り
いろは	以呂波	伊呂波	色葉
いろはうた	伊呂波歌	いろは歌
いろはかえで	伊呂波楓	いろは楓
いろはがな	色葉仮名	色葉仮字
いろはもみじ	伊呂波紅葉	いろは椛
いろふし	色ふし	色節
いろべた	色べた	色ベタ
いろぼかし	色ぼかし	色暈し
いろぼけ	色ボケ	色呆け
いろまち	色街	色町
いろみ	色身	色味	色見	色み
いろみず	色水	いろ水
いろむら	色むら	色ムラ	色斑
いろめ	色目	色め
いろりばた	囲炉裏ばた	囲炉裏端	いろり端
いろりび	囲炉裏火	いろり火
いろわけ	色分	色分け	色わけ
いわ	岩	違和	異和	伊和	惟和	磐	巌
いわい	祝い	祝ひ	祝
いわいうた	祝い唄	祝い歌
いわいきん	祝い金	祝金
いわいごと	祝い事	祝事	祝いごと
いわいざけ	祝い酒	祝酒
いわいばし	祝い箸	祝箸
いわいもち	祝い餅	祝餅
いわかげ	岩かげ	岩影	岩蔭	岩陰
いわかわ	岩川	岩河
いわかん	違和感	異和感
いわがき	岩垣	磐垣
いわく	云く	曰	曰く	曰はく	曰わく	曰ク	言はく
いわくず	岩くず	岩屑
いわくら	岩座	磐座
いわぐみ	岩組	岩組み
いわざ	岩座	磐坐
いわし	鰮	鰯
いわしうり	鰯売り	いわし売り
いわしくじら	鰯鯨	いわし鯨
いわしぐも	鰯雲	いわし雲
いわしぶし	鰯節	いわし節
いわしみず	岩清水	石清水
いわしむすめ	イワシ娘	鰯娘
いわしや	鰯屋	いわし屋
いわしりょう	鰯漁	いわし漁
いわたけ	岩たけ	岩茸
いわたばこ	岩莨	岩煙草
いわだたみ	岩畳	岩畳み
いわつばめ	岩つばめ	岩燕
いわづくり	岩作り	岩造り
いわづら	岩づら	岩面
いわと	岩戸	磐戸
いわなだれ	岩ナダレ	岩雪崩
いわなつり	イワナ釣り	岩魚釣り
いわね	岩根	石根
いわのり	岩のり	岩ノリ	岩海苔
いわひばり	岩ひばり	岩雲雀
いわぶろ	岩ぶろ	岩風呂
いわや	岩屋	石屋	窟
いん	尹	婬	淫	韵	韻	印	隠	飲	院	陰
いんいつ	淫佚	淫逸	隠逸
いんう	淫雨	陰雨
いんえい	陰影	陰翳	印影
いんか	允可	印加	印可	引火	印花	印顆	陰火	隠花
いんかん	印鑑	印環	殷鑑	員環
いんかんさいぼうがん	印環細胞がん	印環細胞ガン	印環細胞癌
いんが	因果	印画	淫雅	陰画
いんがい	院外	員外
いんき	淫気	隠起	隱起
いんきょ	隠居	允許	陰虚
いんきょう	印僑	引経	引經	淫教	韻鏡
いんぎ	淫技	院議
いんぎょう	印形	因行	隠形
いんけい	陰経	陰茎
いんけつ	引決	音穴
いんけん	引見	隠見	隠顕
いんげん	扁豆	隠元	隱元
いんげんまめ	隠元豆	インゲン豆	いんげん豆
いんこ	鸚哥	陰壺	陰戸	陰股
いんこう	印行	印稿	引航	淫交	淫行	淫香	陰爻	咽喉
いんこく	印刻	陰刻	陰谷
いんご	隠語	陰語	韻語
いんさん	陰惨	陰慘	いん惨
いんし	印紙	因子	淫祀	淫祠	院司	院子	隠士	韻士
いんしゅ	飲酒	引首
いんしゅう	淫醜	因襲	因習	隠修
いんしょ	印書	韻書
いんしょう	印象	引照	引証	引證	印床	印章
いんしん	殷賑	陰森	印信	淫唇	淫芯	陰唇	陰神	音信
いんじ	印字	印磁	印璽	淫事	隠侍	韻事	韻字
いんじき	印字器	印字機
いんじゅ	印綬	院主	陰樹
いんじゅう	淫汁	淫獣	陰獣
いんすい	引水	淫水
いんせい	陰世	陰栖	陰棲	隠栖	隠棲	陰性	殷盛	院政	陰晴	陰生	隕星	院生
いんせき	引責	隕石	姻せき	姻戚	陰石	いん石
いんせつ	引接	因説
いんせん	印箋	院線	陰線	飲泉
いんぜん	飲膳	院宣
いんそつ	引率	院卒
いんたい	引退	隠退	院体
いんち	引致	印池	韻致
いんちきうらない	インチキ占い	いんちき占い
いんちょう	院長	院庁
いんてつ	印哲	隕鉄
いんてん	陰転	引転	院展
いんでん	印伝	院殿	隠殿
いんとう	引倒	引湯	咽頭	允当	印刀	印塔	引頭	淫豆	淫蕩	いん頭
いんとうがん	咽頭がん	咽頭ガン	咽頭癌
いんとく	隠匿	婣徳	陰徳
いんとん	隠とん	隠盾	隠遁	隱遁
いんどう	印堂	引導
いんにく	印肉	淫肉
いんのう	陰のう	陰嚢	陰囊
いんぱ	印パ	院派
いんび	淫靡	陰微	隠微	因美	韻尾
いんぴ	隠秘	隠避
いんふたぎ	韻塞	韻塞ぎ
いんぶ	殷武	陰部
いんぶん	陰文	韻文
いんぷ	印譜	淫婦	陰阜
いんぺい	陰ぺい	陰敝	陰蔽	隠ぺい	隠蔽
いんぼう	陰謀	印房	隠謀
いんぽん	淫奔	印本	院本
いんめつ	堙滅	湮滅	隠滅	いん滅
いんめん	印棉	印綿	印面
いんも	什麼	恁麼	恁麽	甚麼
いんもん	印文	院門	陰門
いんやく	隠約	印鑰	淫薬
いんゆ	因由	引喩	隠喩
いんよう	引用	飲用	淫羊	陰葉	陰陽
いんよく	婬欲	淫欲
いんらん	淫乱	いん乱
いんりょう	飲料	隠寮
いんれい	引例	陰冷
いんれつ	淫裂	陰裂
いんろう	印ろう	印篭	印籠
いんわい	淫わい	淫猥	いん猥
う	塢	卯	兎	鵜	有
ういき	禹域	雨域
うぇぶかいぎ	ウェブ会議	Web会議
うぇぶけっさい	ウェブ決済	Web決済
うえ	上	飢え	飢	餓え
うえあな	植え穴	植穴
うえかえ	植え替え	植えかえ	植え換え	植替	植替え
うえき	植木	植え木
うえこみ	植えこみ	植え込み	植込	植込み
うえしろ	植え代	植代	上白
うえじに	飢え死に	飢死	飢死に	餓え死	餓え死に	餓死に	飢え死	餓死	うえ死に
うえつき	上ツキ	上付き
うえつけ	植え付け	植付	植付け
うえびと	植え人	植人
うえまつげ	上まつげ	上まつ毛	上睫	植えまつげ	植え睫
うおかぎ	魚かぎ	魚鉤
うおかす	魚かす	魚滓
うおがし	魚がし	魚河岸
うおざ	魚座	うお座
うおつき	魚付	魚付き	魚附
うおのめ	魚の目	うおの目
うか	羽化	雨下	齲窩	う窩
うかい	ウ飼い	宇回	迂回	迂廻	迂迴	鵜飼い	鵜飼	う回	う飼い
うかか	鵜鹿々	鵜鹿鹿
うかつ	迂かつ	迂濶	迂闊
うかれめ	浮かれ女	うかれ女	浮れ女
うかれもの	浮かれ者	うかれ者	浮れ者
うかんむり	ウ冠	宀	う冠
うがい	含漱	嗽	雨害
うがいぐすり	嗽薬	うがい薬
うき	雨期	雨季	右記	烏鬼	泛子	浮	浮子	浮き
うきあし	浮き足	浮足
うきいし	浮き石	浮石
うきいと	浮き糸	浮糸
うきうお	浮き魚	浮魚
うきおとし	浮き落とし	浮落	浮落し
うきおり	浮き織	浮き織り	浮織	浮織り
うきかす	浮きかす	浮き滓
うきがし	浮き貸	浮き貸し	浮貸	浮貸し
うきぎ	浮き木	浮木
うきくさ	浮き草	浮草	うき草
うきぐさ	浮きぐさ	浮き草
うきぐも	浮雲	浮き雲
うきこ	浮き子	浮き粉
うきごし	浮き腰	浮腰
うきごみ	浮きゴミ	浮き塵
うきしま	浮き島	浮島
うきじかけ	浮き仕掛け	浮子仕掛け
うきす	浮き巣	浮巣
うきだま	浮き玉	浮き球
うきづくり	ウキ作り	浮き作り
うきづり	ウキ釣り	浮き釣り	浮子釣	浮子釣り	浮釣り
うきどめ	ウキ止め	ウキ留め	浮き止め
うきな	浮き名	浮名
うきながし	浮き流し	浮流し
うきに	浮き荷	浮荷
うきね	浮き寝	浮寝
うきは	浮き葉	浮葉
うきはし	浮き橋	浮橋
うきふね	浮き舟	浮舟
うきぶくろ	浮き袋	浮袋
うきぼり	浮き彫り	浮きぼり	浮き彫	浮彫	浮彫り
うきまくら	浮き枕	浮枕
うきみ	憂き身	憂身	浮き身	浮身	うき身
うきめ	憂きめ	憂き目	憂目	うき目
うきもの	浮きもの	浮き物
うきやね	浮き屋根	浮屋根
うきゆか	浮き床	浮床
うきょく	紆曲	迂曲
うきよ	浮世	浮き世	憂世
うきわ	浮き輪	浮環	浮輪	うき輪
うぐい	石斑魚	鯎
うぐいす	鴬	鶯
うぐいすいろ	ウグイス色	鴬色	鶯色	うぐいす色
うぐいすこ	鶯粉	うぐいす粉
うぐいすじょう	ウグイス嬢	うぐいす嬢
うぐいすな	鶯菜	うぐいす菜
うぐいすもち	鶯餅	うぐいす餅
うけ	有卦	雨花	筌	請け	請	受け
うけあい	受け合い	受合	受合い	請け合い	請合い	受けあい	請けあい
うけい	右傾	誓
うけいね	祈寝	誓寝
うけいれ	受け入れ	受入	受入れ	うけ入れ
うけうり	受け売り	受けウリ	受売	受売り	うけ売り
うけおい	請け負い	請負
うけぎ	受け木	受木
うけぐち	受け口	受口
うけこたえ	受け答え	受け応え	うけ応え
うけざら	受け皿	受けざら	受皿	うけ皿
うけしょ	請け書	請所	請書
うけじく	受け軸	受軸
うけつけ	受付	受付け	受附	受け付	受け付け
うけつぶし	受けつぶし	受け潰し
うけて	受手	受け手
うけとい	受け樋	受樋
うけとり	受け取り	受取	請取	受けとり
うけながし	受け流し	受流
うけにん	請人	請け人
うけねらい	ウケ狙い	受け狙い	受けねらい
うけはらい	受払	受け払い	受払い	請払
うけばこ	受け箱	受箱
うけふね	宇気槽	有卦船
うけみ	受け身	受身
うけもち	受持	受持ち	受け持ち	受け持	受けもち
うけもどし	受けもどし	受け戻し	受戻	受戻し	請け戻し	請戻	請戻し
うけわたし	受渡	受渡し	受け渡し
うげん	右舷	迂言
うこう	宇高	烏口
うこん	鬱金	欝金	右近
うご	雨後	海髪
うごきづくり	動きづくり	動き作り
うさぎ	兎	兔
うさぎあみ	兎網	うさぎ網
うさぎがら	兎柄	うさぎ柄
うさぎがり	兎狩	兎狩り
うさぎごろし	ウサギ殺し	兎殺し
うさぎざ	兎座	うさぎ座
うさぎとび	兎跳び	うさぎ跳び
うさばらし	憂さ晴し	憂さ晴らし
うさん	胡さん	胡散	う散
うし	牛	齲歯	丑	う歯	大人
うしおに	潮煮	うしお煮
うしかい	牛飼	牛飼い
うしかいざ	牛飼座	うしかい座
うしがえる	牛がえる	牛蛙
うしくわ	牛くわ	牛鍬
うしつ	右室	烏漆
うしとら	丑寅	丑虎	艮
うしばえ	牛バエ	牛蠅
うしぼね	ウシ骨	牛骨
うしみつ	丑三	丑三つ
うしみつどき	丑満時	丑三つ時
うしょう	鵜匠	右掌
うしょく	ウ蝕	齲蝕	う蝕
うしろ	背後	後ろ	後
うしろあき	後ろあき	後ろ明き
うしろあし	後ろあし	後ろ脚	後ろ足	後脚	うしろ脚	うしろ足
うしろかげ	後ろ影	後影	うしろ影
うしろかた	後肩	後ろ肩
うしろがみ	後ろ髪	後髪	うしろ髪
うしろがわ	後ろ側	後側	うしろ側
うしろきず	後ろ傷	後ろ疵	後傷	後疵
うしろくび	後ろ頸	後ろ首
うしろささえ	後ろ支え	うしろ支え
うしろざま	後ろざま	後ろ様
うしろすがた	後ろ姿	後ろすがた	後姿	うしろ姿
うしろそで	後ろそで	後ろ袖
うしろだて	後ろだて	後ろ楯	後ろ盾	後楯	後盾	うしろ楯	うしろ盾
うしろで	後ろ手	後手	うしろ手
うしろとんぼ	後ろとんぼ	後ろ蜻蛉
うしろならび	後ろ並び	うしろ並び
うしろはちまき	後鉢巻	後ろ鉢巻	後ろ鉢巻き
うしろまえ	後ろ前	後前
うしろまき	後ろ巻き	後巻き
うしろまち	後ろまち	後ろ襠
うしろみ	後ろ身	後身	後ろ見	後見
うしろむき	後ろ向き	後ろむき	後向き	うしろ向き
うしろゆび	後ろ指	後指	うしろ指
うじ	蛆	氏
うじすじょう	氏素姓	氏素性
うじな	氏名	ウジ名
うじむし	ウジ虫	蛆虫	うじ虫
うじょう	鵜匠	有情	右丞	羽状
うす	碓	臼	薄
うすあお	薄蒼	薄青
うすあかり	薄明かり	うす明かり	うす明り
うすあげ	薄揚げ	うす揚	薄あげ	うす揚げ
うすあじ	薄味	うす味
うすいろ	薄色	うす色
うすかわ	薄皮	莩
うすがた	薄型	薄形
うすがゆ	薄粥	うす粥
うすぎ	薄着	薄黄	うす黄	うす着
うすぎぬ	薄絹	薄衣	うす絹
うすぎり	薄切り	薄切	うす切り
うすくず	薄葛	うす葛
うすくち	薄口	うす口
うすくちしょうゆ	薄口醤油	うすくち醤油	薄口しょうゆ	薄口しょう油
うすぐもり	薄曇	薄曇り	うす曇り
うすけずり	薄削り	うす削り
うすげ	薄毛	うす毛
うすごおり	薄氷	うす氷
うすじお	薄塩	うす塩
うすずみ	淡墨	薄墨
うすちゃ	薄茶	うす茶
うすづき	臼搗き	舂	薄づき	薄付き
うすづけ	薄づけ	薄付け
うすにび	薄にび	薄鈍
うすはなだ	薄縹	うす縹
うすば	臼歯	薄刃	薄羽
うすばか	薄バカ	薄ばか	薄馬鹿
うすび	薄日	薄陽
うすびき	薄引き	うす引き
うすべに	薄紅	うす紅
うすべり	薄べり	薄縁
うすまき	薄まき	薄播き
うすみ	薄み	薄身
うすみどり	薄緑	うす緑
うすむらさき	薄紫	うす紫
うすめ	薄目	薄眼	うす目	うす眼
うすめえき	薄め液	うすめ液
うすもの	薄物	薄もの
うすやき	薄焼き	うす焼き
うすやみ	薄闇	うす闇
うすよう	薄葉	薄様
うすらあかり	薄らあかり	薄ら明かり
うすらわらい	ウスラ笑い	薄ら笑い	うすら笑	うすら笑い
うすわらい	白笑	薄笑い	うす笑い
うず	右図	雲珠	烏頭	渦
うずしお	渦潮	うず潮
うずながれ	渦流れ	うず流れ
うずまき	渦巻	渦巻き	うず巻	うず巻き
うずみび	埋み火	埋火	うずみ火
うずみもん	埋み門	埋門
うずらうり	ウズラ売り	鶉売り
うずらすくい	ウズラ掬い	鶉掬い
うずらたまご	鶉卵	うずら卵
うずらまめ	鶉豆	うずら豆
うせい	迂生	雨声
うせつ	右折	雨雪
うせもの	失せ物	うせ物
うそ	嘘	噓	嘯	獺	鷽
うそいつわり	嘘いつわり	嘘偽り	噓いつわり	噓偽り	うそ偽り
うそじ	嘘字	うそ字
うそっぱち	嘘っぱち	嘘っ八
うそつき	噓つき	嘘つき	嘘吐き	嘘突き
うそなき	ウソ泣き	嘘泣き	噓泣き	うそ泣き
うそばなし	嘘話	噓話
うそよみ	嘘読	嘘読み
うた	歌	哥	唄	譜	詩
うたあわせ	歌合せ	歌合わせ	歌合
うたい	謡い	謡
うたいこみ	唄い込み	歌い込み
うたいて	唄い手	歌い手
うたいもの	謡い物	謡物
うたいもんく	うたい文句	謳い文句
うたいよみ	歌い読み	歌ひよみ
うたいり	歌入	歌入り
うたうたい	歌うたい	歌歌い	うた歌い
うたがら	歌がら	歌柄
うたぎれ	歌切	歌切れ
うたげい	歌芸	歌藝
うたごえ	歌声	唄声	歌ごえ	歌聲	うた声
うたざわ	哥沢	歌沢
うたたね	転た寝	転寝	轉寢	うたた寝
うたひめ	歌姫	歌妓
うたびと	歌びと	歌人
うたぶくろ	哥袋	歌袋
うたほん	ウタ本	歌本
うたまくら	歌まくら	歌枕
うたまね	歌まね	歌真似
うたよみ	歌詠	歌詠み	歌読
うたん	右袒	右端
うだつ	卯建	宇建	梲
うだん	ウ段	う段
うち	打ち	内	衷	裡	撃ち	討	討ち	打	家	中
うちあい	打ち合い	打合い	撃ちあい	撃ち合い	撃合い
うちあがり	打ち上がり	打上り
うちあげ	打揚	打ち上げ	打上げ	打揚げ	打ちあげ	打ち揚げ
うちあわせ	打ち合わせ	打合せ	打ちあわせ	打ち合せ	打合わせ	うち合わせ
うちあわび	打ちあわび	打ち鮑	打鮑
うちいり	内入	打ち入り	討ち入	討ち入り	討入	討入り
うちいわい	内祝い	内祝
うちうち	内内	内々
うちお	打ち緒	打緒
うちおこし	打ち起こし	打起こし
うちかい	打ち交い	打交
うちかくし	内かくし	内隠し
うちかけ	打ち掛け	打ち掛	打掛	打掛け	袿衣	裲襠
うちかた	撃ち方	打ち方
うちかぶと	内かぶと	内兜	内冑
うちがい	打飼	打飼い
うちがき	内書	内書き
うちがたな	打ち刀	打刀
うちがま	内がま	内釜
うちがり	内刈	内借り
うちがわ	内側	内がわ	うち側
うちき	内気	打ち木	打ち気
うちきず	打ち傷	打傷
うちきり	打切	打ち切り
うちきりほしょう	打切補償	打ち切り補償
うちぎ	袿	褂
うちぎぬ	打衣	擣衣
うちくい	打ち杭	打杭
うちくび	打ち首	打首	討首	うち首
うちくるぶし	内くるぶし	内踝
うちけし	打ち消し	打消	打消し
うちこ	打ち粉	打粉	うち粉	打ち子
うちこみ	打ち込み	打込	打込み
うちこわし	打ちこわし	打ち壊し	打ち毀し	打壊し	打毀	打毀し
うちご	打ち碁	打碁	打ち豆汁
うちごこち	打ちごこち	打ち心地
うちじに	討ち死	討ち死に	討死	討死に
うちそで	内そで	内袖
うちたて	打ちたて	打ち立て
うちだき	内だき	内焚き
うちだし	打出し	打ち出し
うちだち	打ち太刀	打太刀
うちちがい	打ち違い	打違い
うちつぎ	打ち継ぎ	打継	打継ぎ
うちて	打ち手	打手
うちで	打出	打ち出
うちどころ	打ち所	打ちどころ
うちどの	打殿	擣殿
うちどめ	打ち止め	打ちどめ	打ち留め	打止め	打留め
うちなべ	内なべ	内鍋
うちに	打ち荷	打荷
うちぬき	打ち抜き	打抜き
うちのし	内のし	内熨斗
うちのり	内のり	内法
うちはなし	打放し	打ち放し
うちはらい	打ち払い	打払	討払
うちばらい	内払	内払い
うちばり	内張	内張り
うちひだ	内ヒダ	内襞
うちひも	打ちひも	打ち紐	打紐
うちぶ	打ち歩	打歩
うちぶた	内ぶた	内蓋
うちぶろ	内風呂	内ぶろ
うちぼり	内堀	内濠
うちまき	内巻き	打撒
うちまた	内股	内また
うちまめ	打ち豆	打豆
うちまわし	打ちまわし	打ち回し
うちみ	打ち身	打身
うちみず	打ち水	打水
うちめ	擣目	打目
うちもの	打ちもの	打ち物	打物
うちもも	内腿	内もも	内モモ
うちゅう	右中	雨中	雨注	宇宙
うちゅうせん	宇宙線	宇宙船
うちわ	団扇	内輪
うちわえび	団扇海老	うちわ海老
うちわけ	内訳	内わけ	内訳け	打ち分け
うちわた	打ち綿	打綿
うちわまつり	団扇祭り	うちわ祭り
うちわもめ	内輪揉め	内輪もめ
うちわり	打ち割り	打割り
うっくつ	欝屈	鬱屈	うっ屈	うつ屈
うっけつ	鬱結	鬱血	うっ血
うっせき	欝積	蔚積	鬱積	うっ積
うったい	鬱滞	うっ滞
うったえ	訟え	訴え
うって	打っ手	討手
うっぷん	ウッ憤	欝憤	鬱憤	うっ憤
うつ	欝	鬱
うつぎ	卯木	空木
うつけもの	空け者	うつけ者
うつし	写し	写
うつしえ	写し絵	写絵	移し絵	うつし絵
うつしかえ	移換え	移し替え
うつしくに	宇都志国	現国	顕国
うつしごころ	うつし心	現し心
うつしつづり	写しつづり	写し綴り
うつしぼり	写し彫り	写彫
うつしみ	現し身	移し身	うつし身
うつしよ	現し世	うつし世
うつじょうたい	鬱状態	うつ状態
うつせみ	空蝉	空蟬	虚蟬
うつせみぶえ	虚蝉笛	虚蟬笛
うつつ	現つ	現
うつびょう	ウツ病	鬱病	うつ病
うつぶし	俯伏し	うつ伏し
うつぶせ	俯伏せ	うつ伏せ
うつぶせね	うつぶせ寝	うつ伏せ寝
うつぼ	空穂	靫	靱
うつぼかずら	靫葛	靫蔓
うつぼざる	靭猿	靫猿
うつむけ	俯け	俯向け
うつり	写り	映り	移り
うつりかわり	移り変わり	移りかわり	移り替り	うつり変わり	移り変り
うつりがえ	移り替え	移替え
うつりばし	移りばし	移り箸	うつり箸
うつりゆき	移りゆき	移り行き
うてい	烏啼	盂鼎	禹鼎
うてな	蕚	台
うでおし	腕押し	うで押し
うでかざり	腕かざり	腕飾り
うできき	腕きき	腕利	腕利き
うでくらべ	腕比べ	腕競べ
うでぐみ	腕ぐみ	腕組	腕組み	うで組み
うでずもう	腕ずもう	腕相撲
うでだめし	腕だめし	腕試し
うでっぷし	腕っぷし	腕っ節	腕ッぷし
うでつり	腕つり	腕吊り
うでとかげ	腕トカゲ	腕蜥蜴
うでまえ	腕前	腕まえ
うでまくら	腕まくら	腕枕
うでまくり	腕まくり	腕捲り
うでまわり	腕まわり	腕周り
うでもと	腕もと	腕元
うでわ	腕輪	腕環	うで輪
うでん	優塡	優填	右殿
うとう	右投	善知鳥	右党
うどん	優曇	饂飩
うどんこ	饂飩粉	うどん粉
うないがみ	髫髪髪	うない髪
うなぎがわ	鰻皮	うなぎ皮
うなぎじる	鰻汁	うなぎ汁
うなぎてん	ウナギ店	鰻店	うなぎ店
うなぎなべ	ウナギ鍋	鰻鍋	うなぎ鍋
うなぎのぼり	ウナギ上り	ウナギ昇り	ウナギ登り	鰻上り	鰻登り	うなぎ上り	うなぎ昇り	うなぎ登り
うなぎめし	鰻飯	うなぎ飯
うなぎや	ウナギ屋	鰻屋	うなぎ屋
うなさか	海坂	海境
うなじ	海路	項
うなじがわ	項側	うなじ側
うなじげ	項毛	うなじ毛
うなじそり	項剃り	うなじ剃り
うなじゅう	鰻重	うな重
うなて	溝瀆	瀆
うなどん	ウナ丼	鰻丼	うな丼
うなりいた	唸り板	うなり板
うなりおん	唸り音	うなり音
うなりぎ	唸り木	うなり木
うなりごえ	唸り声	唸声	唸聲	うなり声
うに	海胆	雲丹
うにどん	ウニ丼	雲丹丼
うね	畦	畝
うねおり	畝織	畝織り
うねかた	ウネ肩	畝肩
うねぐも	畝雲	うね雲
うねたて	畝立て	うね立て
うねはば	畝幅	うね幅
うねま	畝間	うね間
うのけ	兎の毛	兎毛
うのはな	卯の花	うの花
うのみ	ウ呑み	鵜吞み	鵜呑み	う呑み
うば	乳母	姥
うばい	優婆夷	烏梅
うばいし	姥母石	姥石
うばがもち	姥が餅	姥ヶ餅
うばすて	姥捨	姥棄	姨捨て
うひょう	右表	雨氷
うぶ	右廡	有部	初心	初
うぶぎ	産着	産衣
うぶげ	ウブ毛	生毛	産毛	うぶ毛
うぶごえ	産声	産ぶ声	うぶ声
うぶすな	産すな	産土
うぶゆ	産湯	うぶ湯
うへん	右辺	右片	羽片
うま	馬	午
うまあい	ウマ合い	馬合い
うまい	右舞	熟寝	熟睡
うまおい	馬追	馬追い
うまさけ	味酒	うま酒
うまじるし	馬印	馬標	馬験
うまぞい	馬副	馬添い
うまつなぎ	馬つなぎ	馬繋	馬繋ぎ
うまづら	馬づら	馬面
うまとび	馬跳	馬跳び	馬飛	馬飛び
うまどめ	馬止め	馬留め
うまに	旨煮	甘煮	うま煮
うまのあし	馬の脚	馬の足
うまのり	馬乗り	馬のり
うままわり	馬回り	馬廻	馬廻り
うまみ	ウマ味	旨み	旨味	うま味
うまや	厩	廐	馬屋	駅家
うまれ	生まれ	生れ	生
うまれかけ	生まれかけ	生まれ掛け
うまれかわり	生まれかわり	生まれ代り	生まれ代わり	生れ代り	生まれ変わり
うまれたて	生まれたて	生まれ立て
うまれつき	生まれつき	生まれ付き	生れつき	生れ付き
うまれづき	生まれ月	生れ月
うまれどし	生まれ年	生れ年
うまれなおし	生まれ直し	産まれ直し
うまれび	生日	生れ日	生まれ日
うみ	湖	海	膿	産み	生み
うみう	海う	海鵜
うみがめ	海ガメ	海亀	海がめ	海龜
うみがらす	海がらす	海烏
うみぎわ	海ぎわ	海際
うみすずめ	海すずめ	海雀
うみぞい	海ぞい	海沿い
うみたて	生みたて	生み立て	産み立て
うみたなご	海たなご	海鱮
うみっぷち	海っぷち	海っ縁
うみつばめ	海燕	海つばめ
うみづき	生み月	産み月
うみづり	海づり	海釣り
うみなり	海鳴	海鳴り
うみにきび	膿ニキビ	膿面皰
うみにな	海にな	海蜷
うみのおや	生みの親	産みの親
うみのこ	生みの子	産みの子
うみのり	海のり	海海苔
うみばた	海ばた	海端
うみへび	海へび	海蛇
うみへびざ	海蛇座	うみへび座
うみべ	海辺	海べ
うみべり	海べり	海縁
うみほおずき	海ほおずき	海酸漿
うみほたる	海ほたる	海蛍
うみやま	海やま	海山
うみわし	海わし	海鷲
うめあわせ	埋め合わせ	埋めあわせ	埋合せ
うめがえ	梅が枝	梅ケ枝
うめがつお	梅がつお	梅鰹
うめき	呻き	埋め木	埋木
うめきごえ	呻き声	呻声	うめき声
うめくさ	埋めくさ	埋め草	埋草
うめこみ	埋めこみ	埋込	埋込み	埋め込み
うめごよみ	梅児誉美	梅暦
うめたたき	梅たたき	梅叩き
うめたて	埋め立て	埋立て	埋立
うめちゃ	埋め茶	梅茶
うめづけ	梅漬	梅漬け
うめぼし	梅干し	梅ぼし	梅干
うめもどし	埋戻し	埋め戻し
うもうぶとん	羽毛布団	羽毛蒲団
うもれぎ	埋もれ木	埋れ木	うもれ木
うもれみず	埋もれ水	埋れ水
うよく	右翼	羽翼
うら	裏	浦
うらあみ	裏編	裏編み
うらうち	裏打ち	裏打
うらえり	裏衿	裏襟
うらおもて	裏表	裏おもて
うらかぜ	浦風	うら風
うらがえし	裏返し	裏がえし	裏がへし	うら返し
うらがき	裏書	裏書き	うら書き
うらがね	裏金	裏ガネ	裏曲	裏矩
うらがわ	ウラ側	裏側	裏がわ	裏皮	裏革	うら側
うらぎり	裏切	裏切り
うらぐち	ウラ口	裏口	うら口
うらけい	裏けい	裏ケイ	裏罫
うらごし	裏ごし	裏漉し
うらさめ	裏サメ	裏鮫
うらすじ	裏スジ	裏筋
うらだな	裏店	裏だな
うらっかわ	裏っかわ	裏っ側
うらづけ	裏づけ	裏付け	うら付け
うらて	裏手	占手	うら手
うらどおり	裏通り	うら通り
うらどら	裏どら	裏ドラ
うらない	占い	卜	占
うらないし	占い師	占師
うらないば	占い場	占場
うらなみ	浦波	裏波
うらなり	末成り	末生り
うらにわ	裏庭	うら庭
うらねた	裏ねた	裏ネタ
うらぶた	裏ブタ	裏ぶた	裏蓋
うらぼん	孟蘭盆	盂蘭盆	うら盆
うらまち	裏町	裏まち
うらみ	怨	恨	怨み	憾み	裏見	恨み
うらみごと	怨みごと	怨み言	恨みごと	恨み言
うらみじに	怨み死	怨み死に	恨み死	恨み死に
うらみち	裏道	裏通
うらみつらみ	怨みつらみ	恨みつらみ	恨み・つらみ	恨み辛み
うらみどころ	怨み所	恨み所
うらもの	裏モノ	裏物
うらもも	裏もも	裏腿
うらもん	裏紋	裏門	うら門
うらやま	ウラ山	裏山	うら山
うらわざ	ウラ技	裏ワザ	裏技	裏わざ
うり	売り	売	瓜
うりあげ	売上げ	売り上げ	売上	売り上
うりいえ	売り家	売家	賣家
うりうり	瓜売	瓜売り
うりおしみ	売り惜しみ	売惜しみ
うりかい	売り買い	うり買い
うりかけ	売り掛け	売掛	売掛け
うりぎょく	売り玉	売玉
うりくずし	売り崩し	売崩し
うりくち	売り口	売口
うりぐい	売り食い	売食い
うりけはい	売りケハイ	売り気配	売気配
うりこ	売り子	売子	瓜子
うりこし	売越	売越し	売り越し
うりことば	売りことば	売りコトバ	売り言葉	売言葉
うりこみ	売り込み	売込
うりごえ	売り声	売声
うりさばき	売りさばき	売捌	売り捌き
うりざね	瓜ざね	瓜実
うりざねがお	瓜実顔	うりざね顔
うりたて	売り建て	売り立	売り立て	売立	売立て
うりだし	売りだし	売出	売出し	売り出し
うりだめ	売りだめ	売り溜	売り溜め	売溜め
うりつけ	売り付け	売付
うりつなぎ	売りつなぎ	売り繋ぎ
うりて	売り手	売手
うりてしじょう	売り手市場	売手市場
うりどき	売りどき	売り時
うりぬけ	売り抜け	売抜け
うりぬし	売り主	売主
うりね	売りね	売値	売り値
うりはらい	売り払い	売払
うりば	売り場	売場
うりむき	瓜むき	瓜剥き
うりもどし	売り戻し	売戻	売戻し
うりもの	売り物	売りもの	売物
うりもんく	売文句	売り文句
うりわたし	売り渡し	売渡	売渡し	売りわたし
うりん	雲林	雨林
うるう	閏	潤
うるうづき	閏月	うるう月
うるうどし	閏年	うるう年
うるおい	潤い	霑ひ
うるおいかん	潤い感	うるおい感
うるさがた	ウルサ型	煩型	うるさ型
うるしかき	漆掻き	漆搔
うるしぬり	漆塗り	漆塗	うるし塗り
うるしばけ	漆ばけ	漆刷毛
うるちまい	ウルチ米	粳米	うるち米
うるみごえ	潤み声	うるみ声
うるめぼし	うるめ干	うるめ干し
うれい	愁い	愁え	愁ひ	憂ひ	愁	憂え	憂い	憂
うれいがお	愁い顔	憂い顔
うれしなき	嬉し泣き	うれし泣き
うれしなみだ	嬉し涙	うれし涙
うれすじ	売れ筋	売れスジ	売筋
うれだか	売れ高	売高
うれっこ	売れっ子	売れっ妓
うれのこり	売残り	売れ残り
うれゆき	売れ行き	売れゆき	売行	売行き	賣行
うろ	雨露	有漏	烏鷺	迂路	洞	虚	空
うろおぼえ	ウロ覚え	うろ憶え	うろ覚え
うろこがた	鱗形	うろこ形
うろこぐも	鱗雲	うろこ雲
うわあご	上顎	上あご	上アゴ	上頤
うわおび	上帯	上帶
うわぎ	上着	上衣
うわくちびる	上唇	上くちびる	上脣
うわぐすり	上薬	釉	釉薬	うわ薬
うわごと	囈言	譃言	譫言	譫語	うわ言
うわさばなし	ウワサ話	噂話	噂ばなし	うわさ話
うわざし	上差	上差し
うわしき	上敷	上敷き
うわすべり	上滑り	上すべり	上辷り
うわずみ	上ずみ	上澄	上澄み
うわっかわ	上っ皮	上っ側
うわっぱり	上っぱり	上っ張り	上つぱり	上ツぱり
うわつら	上面	上ツラ
うわづみ	上積み	上積
うわて	ウワ手	上手
うわぬり	上ぬり	上塗	上塗り
うわね	上根	上値
うわのせ	上乗せ	上のせ	うわ乗せ
うわのそら	ウワの空	上の空	うわの空
うわのび	上伸	上伸び
うわばき	上履き	上ばき	上履
うわばり	上張り	上貼り
うわぶた	上ブタ	上蓋
うわべ	上べ	上辺
うわまぶた	上まぶた	上瞼
うわむき	上向き	上向
うわめ	上目	上眼	うわ目
うわや	上屋	上家
うん	運	吽
うんえい	運営	雲翳
うんえん	雲烟	雲煙
うんか	運化	雲霞	浮塵子
うんかい	運開	雲海
うんかく	雲客	雲角	雲鶴
うんき	運気	温気	雲気	雲貴
うんきゅう	運休	雲級
うんぐさ	運ぐさ	運草
うんこあつめ	ウンコ集め	うんこ集め
うんこう	運行	運航	芸香	運鉱	雲高
うんこば	ウンコ場	うんこ場
うんこひろい	ウンコ拾い	うんこ拾い
うんさい	雲斎	雲際
うんさん	雲散	雲桟
うんざん	運算	雲山
うんしゃ	温藉	蘊藉
うんしゅう	雲集	温州
うんしん	曇心	運針
うんじょう	運上	雲上	雲壌
うんそう	運漕	運送	運遭
うんたん	運担	雲端
うんだめし	運だめし	運試し
うんちく	温蓄	薀蓄	蘊蓄	うん蓄
うんちとり	ウンチ取り	うんち取り
うんてい	雲底	雲梯
うんぬん	云々	云云
うんのう	薀奥	蘊奥
うんぱん	運搬	運ぱん
うんぷ	運否	運賦
うんまかせ	運まかせ	運任せ
うんもん	雲文	雲紋
うんゆう	雲涌	雲遊
うんりゅう	雲竜	雲龍
うんりゅうすい	雲龍水	雲竜水
うーろん	烏竜	烏龍
え	画	衣	枝	穢	畫	慧	柄	絵	荏	榎	餌	江	会
えあわせ	絵合	絵合せ	絵合わせ
えい	英	依位	楹	睿	穎	纓	裛衣	嬰	詠	鱏	酔い
えいい	鋭意	営為	栄位	衛尉
えいいん	影印	英印
えいえい	永栄	英英
えいえん	永遠	映演
えいおん	嬰音	鋭音
えいか	曳火	英貨	詠歌
えいかく	鋭角	瘞鶴
えいかん	栄冠	叡感	英艦
えいが	映画	栄華	栄花	榮花	英華	映畫
えいき	盈虧	英気	鋭気
えいきゅう	永久	営救
えいきょう	影響	英京	衛教
えいぎょう	営業	永業
えいぎょうしゃ	営業者	営業車
えいけつ	永訣	英傑
えいけん	営建	英検	衛研
えいこう	曳航	栄光	曳光	曳行	えい光	えい行	えい航
えいこん	曳痕	英魂
えいご	英語	穎悟	英悟	頴悟	えい語
えいさい	英才	穎才	頴才
えいし	英紙	英誌	栄賜	英姿	英詞	英詩	衛士	衛視	詠史	英資
えいしゃ	映写	映射	営舎	泳者
えいしょ	営所	英書	衛所	郢書	えい書
えいしょう	詠唱	嬰商	英商
えいしん	栄進	詠進
えいじ	英字	嬰児	営自	永字	えい児
えいせい	永逝	衛生	衛星	叡聖	永世	永生	衛正	えい生	えい星
えいせいか	衛生課	衛生科
えいそう	営巣	営倉	営草	詠藻	詠草
えいぞう	営造	映像	影像	えい像
えいたつ	栄達	頴達
えいたん	詠嘆	詠歎
えいだん	英断	営団
えいち	英知	叡智	叡知	英智
えいちゅう	営中	營中	英中
えいてん	栄転	栄典	榮典
えいなき	酔い泣き	酔ひ泣き
えいふう	翳風	衛風
えいぶん	英文	叡聞
えいへい	英兵	衛兵
えいほう	泳法	英法	詠法	鋭鋒
えいまい	英まい	英邁
えいまん	盈滿	盈満
えいめい	英名	英明
えいゆう	英雄	英ゆう	英勇
えいよう	栄養	営養	栄耀
えいらん	英蘭	叡覧
えいり	鋭利	絵入	絵入り	営利	営理	營理	ゑ入
えいりょう	営漁	英領
えいりょく	営力	泳力
えおとめ	可愛少女	愛少女
えかき	絵描き	絵書き	絵かき
えがお	笑顔	咲顔
えき	駅	液	驛	疫	易	益	役
えきうり	駅売り	駅売
えきか	液化	液果	腋下	腋窩	駅家	えき化
えきかん	駅館	駅間
えきが	易牙	腋芽
えきがく	疫学	易学
えきがっ	疫学	易学
えきし	易幟	駅子
えきしゃ	駅舎	駅しゃ	易者
えきしょう	液晶	駅商
えきしん	液浸	疫神
えきじゅう	液汁	益重
えきせい	易世	易姓	液性	駅制
えきそば	駅蕎麦	駅そば
えきたい	液体	えき体
えきちゅう	液柱	益虫	液中
えきちょう	駅長	益鳥
えきてい	駅丁	駅亭	駅逓
えきとう	液糖	駅頭
えきどめ	駅どめ	駅止め	駅留め
えきなか	駅ナカ	駅中
えきば	役馬	駅馬
えきふ	役夫	駅夫
えきべん	駅弁	液便
えきり	疫痢	駅吏
えきれい	液冷	疫癘	駅鈴
えくぼ	笑くぼ	笑窪	靨
えぐみ	エグ味	えぐ味
えぐりほり	抉り掘り	えぐり掘
えこ	会古	會古	依怙
えこう	回向	廻向
えごのき	えごの木	野茉莉
えごま	荏ごま	荏子	荏胡麻
えごまゆ	エゴマ油	荏胡麻油
えさうち	エサ打ち	餌打ち
えさおち	エサ落ち	餌落ち
えさかけ	餌かけ	餌掛け
えさがし	絵捜し	絵探し
えさだい	餌台	餌代
えさづくり	餌づくり	餌作り
えさづり	エサ釣り	餌釣り
えさとり	エサ取り	餌取り
えさねらい	エサ狙い	餌狙い
えさば	エサ場	餌場	えさ場
えさばこ	エサ箱	餌ばこ	餌箱	えさ箱
えさぶくろ	餌袋	えさ袋
えさやり	餌やり	餌遣り
えし	壊死	絵師	画師
えしん	回心	廻心	穢身
えせ	似非	似而非
えせもの	似非者	えせ者
えそ	壊疽	狗母魚
えぞう	画像	絵像
えぞうし	絵双紙	絵草紙
えたい	得たい	得体
えだうち	枝打	枝打ち	えだ打ち
えだおとし	枝落とし	枝落し
えだがり	枝刈り	枝刈
えだがわり	枝がわり	枝変わり
えだこ	絵だこ	絵凧
えだざし	枝ざし	枝差し
えだす	枝ス	枝す
えだつぎ	枝接ぎ	枝継ぎ
えだづくり	枝づくり	枝作り
えだぶね	枝舟	枝船
えだぶり	枝振り	枝ぶり
えだぼうき	枝ぼうき	枝箒
えだまめ	枝豆	えだ豆
えだもの	枝物	枝もの
えだわかれ	枝わかれ	枝分かれ	枝分れ	枝別れ
えだん	エ段	え段
えっくすせん	X線	エックス線
えっけん	謁見	越権
えつ	謁	閲	越	悦
えつけ	絵つけ	絵付	絵付け
えつれき	閲歴	閲歷
えづけ	餌付け	餌づけ	え付け
えて	得手	柄手
えてこう	エテ公	得手公
えとい	餌とい	餌樋
えとき	絵解	絵解き
えどっこ	江戸っ子	江戸っ児
えにしだ	金雀児	金雀枝	金雀花
えにち	恵日	慧日
えのぐ	絵の具	絵具	絵のぐ
えのころぐさ	狗尾草	えのころ草
えはがき	絵ハガキ	絵はがき	絵葉書
えひめ	兄姫	兄比売
えび	海老	蛯	鰕	蝦	葡萄
えびあし	海老足	えび足
えびいも	海老芋	蝦芋	えび芋
えびいり	エビ入り	海老入り
えびいろ	葡萄色	えび色
えびかま	海老釜	蝦釜
えびがため	エビ固め	海老固め
えびす	恵美須	戎	夷
えびすうた	夷歌	えびす歌
えびすがお	恵比寿顔	恵比須顔	えびす顔
えびすこう	夷講	恵比寿講	恵比須講	えびす講
えびせんべい	海老せんべい	海老煎餅
えびぞめ	葡萄染	葡萄染め	えび染め
えびぞり	蝦反り	えび反り
えびちゃ	海老茶	葡萄茶	えび茶
えびてん	エビ天	海老天	えび天
えびね	海老根	蝦根	えび根
えびまめ	エビ豆	蝦豆
えふ	絵布	衛府
えふだ	絵ふだ	絵札
えぶみ	絵踏	絵踏み
えほう	依報	吉方	恵方
えほん	絵本	會本	画本	艶本
えまき	絵巻	画巻	畫卷
えまきもの	畫卷物	絵まき物	絵巻物
えみし	戎夷	蝦夷
えもの	得物	獲物
えもん	衣文	衣紋	右衛門	衛門
えよう	絵容	絵様
えらあらい	エラ洗い	鰓洗い
えらこきゅう	エラ呼吸	えら呼吸
えらじか	エラ鹿	えら鹿
えらぶた	エラ蓋	鰓蓋
えらぶつ	偉物	豪物
えり	衿	襟	選り
えりあし	衿あし	衿足	襟あし	襟足	えり足
えりうら	衿裏	襟裏
えりかざり	衿飾り	襟飾り	えり飾り
えりかた	衿肩	襟肩	えり肩
えりがみ	衿がみ	襟がみ	襟髪
えりがわ	衿側	襟側
えりくび	エリ首	衿くび	衿首	襟くび	襟頸	襟首	えり首
えりぐり	衿ぐり	襟ぐり	襟刳	襟刳り
えりごのみ	選り好み	えり好み
えりさき	衿先	襟先	えり先
えりしん	衿芯	襟芯
えりぜに	撰り銭	撰銭
えりたけ	衿丈	襟丈
えりつき	衿つき	襟付き
えりぬき	選りぬき	選り抜き	えり抜き
えりはば	衿幅	襟幅
えりまき	襟巻	襟巻き	えり巻
えりまわり	エリ回り	衿まわり	襟まわり	襟回り
えりもと	エリ元	襟元	衿もと	衿元	襟もと	えり元
えん	鉛	円	縁	椽	緣	苑	菀	艶	婉	寃	塩	宴	園	冤
えんい	炎威	遠位
えんいん	延引	援引	遠引	遠因	掩韻	演員	縁因	鉛印
えんえい	遠泳	掩映	掩暎	援英	遠影
えんえん	炎焔	焔烟	煙炎
えんおう	冤枉	淵奥	燕王	鴛鴦
えんか	塩化	嚥下	円貨	円価	延河	炎夏	炎火	烟火	烟霞	煙火	煙花	煙霞	縁家	演歌	艶歌
えんかい	宴会	沿海	円戒	塩海	縁海	遠海	鉛灰
えんかく	遠隔	沿革	燕角
えんかん	演鑑	円環	円管	円缶	塩乾	塩干	捐官	淵鑑	焔管	鉛管	閹宦	煙管
えんが	偃臥	娟雅
えんがい	円買	円買い	円外	円蓋	塩害	掩蓋	煙害	猿害
えんがく	円覚	縁覚	讌楽
えんがわ	縁側	園側
えんがん	沿岸	遠眼
えんき	延期	厭忌	塩基	炎気	遠忌	鉛基
えんきゅう	円丘	円球	鉛球
えんきょう	円鏡	猿叫
えんきり	縁切	縁切り
えんぎ	演戯	演技	縁起	演伎	演義	艶技	衍義
えんぎもの	縁起物	縁起もの
えんぎょう	円教	塩業
えんぐみ	縁組	縁組み
えんぐん	厭軍	援軍
えんけい	円形	円型	遠景	炎景
えんけん	厭倦	延見	偃蹇	遠見	円圏
えんげい	園芸	演芸
えんげいか	園芸家	演芸家	園芸科
えんげき	演劇	映劇
えんげつ	偃月	円月
えんげん	淵源	怨言	援言	煙源
えんこ	円弧	縁故	遠古	塩湖
えんこう	円光	円口	円孔	堰高	塩坑	塩鉱	怨曠	援交	炎口	猿猴	遠交	遠航	遠行	鉛鉱
えんご	援護	掩護	延胡	緣語	縁語
えんざ	円座	円坐	縁坐
えんざい	円材	冤罪	えん罪
えんざん	演算	鉛山	鉛槧	遠山
えんし	園試	燕子	遠視
えんしゃ	園舎	援射	遠射
えんしゅう	演習	円周
えんしょ	炎暑	艶書
えんしょう	炎症	延焼	塩商	援将	援蒋	援蔣	演唱	烟硝	焔硝	焰硝	煙硝	艶笑	遠称	厭勝
えんしょく	怨色	演色	炎色	艶色
えんしん	延伸	遠心	円唇	円心
えんしんぶんりき	遠心分離機	遠心分離器
えんじ	演示	燕脂	臙脂	衍字	遠邇	園児
えんじゃ	炎蛇	縁者	演者
えんじゅ	鉛樹	槐
えんじゅう	園頭	鉛重
えんじゅつ	炎術	焔術
えんじょ	援助	怨女	艶女	えん助
えんじょう	炎上	円成	縁上	円上	円状
えんじん	円腎	円陣	厭人	炎神	煙塵	猿人	遠人
えんすい	円錐	円すい	塩水
えんせい	園生	遠征	塩性	厭世	延性	延政	えん世
えんせき	縁石	宴席	円石	円跡	塩析	縁戚	遠戚	遠赤
えんせん	沿線	円銭	厭戦	延線	沿川
えんぜい	塩税	鹽税
えんぜつ	演舌	演説
えんそ	塩素	塩噌	遠祖
えんそう	演奏	演そう	淵叢	淵藪
えんぞう	塩蔵	猿像
えんたい	延滞	堰体	掩体	猿体	えん体
えんたく	円タク	円卓
えんたん	淵潭	鉛丹
えんだい	遠大	宴台	演題	煙台	縁台	演台
えんだて	円建	円建て
えんだん	円壇	演壇	煙弾	緣談	縁談
えんち	園池	苑池	苑地	園地
えんちゅう	円柱	炎昼
えんちょう	延長	園長	援朝	円頂	堰頂	苑長
えんちょうせん	延長戦	延長線
えんつづき	縁つづき	縁続き
えんづき	縁付	縁付き	縁着き
えんてい	堰堤	園丁	園庭	堰提	えん堤
えんてん	炎天	宛転	円転
えんとう	遠投	円筒	円頭	厭祷	厭禱	延灯	延燈	檐塔	煙筒	遠島	遠東
えんどう	円堂	沿道	煙道	筵道	羨道	腕豆	豌豆
えんどく	円読	煙毒	鉛毒
えんない	園内	円内
えんにょう	廴繞	延繞
えんねん	延年	延撚	縁年
えんのう	延納	捐納	援農	演能
えんのした	縁の下	えんの下
えんばく	燕麦	えん麦	エン麦
えんばらい	円払い	円払
えんばん	円盤	円ばん	円板	煙盤	鉛板	鉛版
えんばんなげ	円盤投げ	円盤投
えんぱ	烟波	煙波
えんぱく	延泊	鉛白
えんぱつ	延発	炎髪
えんび	艶美	艷美	塩ビ	燕尾	えん尾
えんぴ	円匙	円皮	塩皮	猿臂
えんぴつ	鉛筆	円筆	えん筆
えんぶ	閻浮	偃武	円舞	演武	演舞	鋺部
えんぶん	塩分	艶文	艶聞	衍文
えんぷん	鉛粉	円墳
えんぺい	掩蔽	援兵
えんぺん	演変	縁辺
えんぼう	遠望	怨望	遠謀
えんま	円摩	円磨	炎魔
えんまちょう	閻魔帳	えんま帳
えんみ	厭魅	魘魅
えんむ	烟霧	煙霧	艶夢
えんめい	延命	円明	園名
えんもん	円文	縁紋	轅門
えんや	園冶	艶冶	艷冶
えんゆう	奄有	宴遊	苑囿	遠猷	園遊
えんよう	援用	遠洋	艶容
えんらい	遠来	遠雷
えんらく	燕楽	宴楽
えんりゅう	淹留	炎竜	炎龍
えんりん	円輪	園林	煙輪
えんるい	塩類	縁類
えんれい	婉麗	艶麗	艷麗	園例	延齢	檐鈴	炎霊	えん麗
えんれん	婉孌	演練
えんろ	園路	遠路	沿路
お	苧	麻	尾	緒	雄
おあいそ	御愛想	お愛想
おあし	御足	お足	お銭
おい	甥	老い	笈	老ひ	老
おいあみ	追い網	追網
おいうち	追い打ち	追いうち	追い撃ち	追い討ち	追打ち	追撃ち	追討ち
おいえ	お家	御家
おいえげい	御家芸	お家芸
おいえりゅう	お家流	御家流
おいおとし	追い落とし	追落し	追落とし
おいかぜ	追い風	追ひ風	追風
おいかわ	負い革	追河
おいがつお	追いがつお	追い鰹
おいこし	追い越し	追越	追越し
おいこみ	追込み	追い込み
おいごえ	老い声	追肥
おいさがり	生い下がり	生ひさがり
おいさき	生い先	老いさき	老い先	老先
おいずり	笈摺	笈摺り
おいせん	追い銭	追銭
おいたち	生い立ち	生いたち	生立	生立ち
おいだき	追いだき	追い炊き	追い焚き	追炊き	追焚き
おいだし	追い出し	追出し
おいだしへや	追い出し部屋	追出し部屋
おいっこ	甥っ子	甥っこ
おいつき	追いつき	追い付き
おいて	追風	追い手	追手
おいはぎ	追いはぎ	追い剝ぎ	追い剥ぎ	追剝	追剝ぎ	追剥
おいばね	追い羽根	追羽根
おいばら	追い腹	追腹
おいばらい	追い払	追い払い	追払	追払い
おいぼれ	老いぼれ	老ぼれ	老耄
おいめ	負い目	負ひ目	負目
おいわい	お祝い	御祝い
おう	王	欧	墺	媼	央	応	桜	翁	凹	黄
おうあつ	押圧	横圧
おうい	王威	王位
おういん	押印	押韻	桜蔭	王院
おうえん	応援	応えん	黄鉛
おうか	押下	謳歌	黄化	応化	桜花	桜華	桜香	横架	王化	欧化
おうかん	往還	王冠	王かん	奥棺	往翰
おうが	枉駕	横臥
おうき	嘔気	往紀	応機	王姫	王旗	王畿
おうきゅう	王宮	応急
おうきゅうてあて	応急手当	応急手当て
おうぎ	奥義	扇	奥儀	横議	黄耆
おうぎがた	扇型	扇形	おうぎ形
おうけつ	甌穴	黄血	横穴
おうけん	黄犬	王権
おうげん	応験	押弦
おうこ	応呼	往古
おうこう	横行	押航	往航	王侯	王公	王后
おうこく	王国	王國
おうごん	黄金	黄ごん	黄芩
おうさ	往査	王佐
おうさつ	応札	殴殺	鏖殺
おうし	横死	押紙	横指	王師	王賜	黄紙	牡牛	雄ウシ	雄牛	唖
おうしざ	牡牛座	おうし座
おうしゃ	応射	横射	往者	王舎	王者
おうしゃく	王爵	王笏
おうしゅう	押収	応しゅう	応酬
おうしょう	応召	応唱	應召	鞅掌	王将	応詔
おうしん	往診	往信	王臣	王親
おうじ	凹字	往事	往時	欧字	王事	皇子	王子
おうじゅ	桜樹	応需	黄綬
おうじょ	王女	皇女
おうじょう	往生	凹状	王城	王杖
おうす	御薄	お薄
おうすい	王水	黄水
おうせい	黄精	王政	欧西	王制
おうせつ	応接	横截
おうせん	応戦	黄染	黄線	横線
おうた	お歌	御歌
おうたい	応対	応待	横隊	黄体
おうだ	殴打	横舵
おうだい	王代	王台
おうだく	応諾	黄濁
おうだん	横断	応談	横だん	黄だん	黄疸
おうち	お家	凹地	王治	楝	樗
おうちょう	王朝	応徴	應徴	鸚鳥
おうて	王手	追手
おうてい	墺帝	王庭	王廷	王弟
おうてくるわ	追手曲輪	追手郭
おうと	呕吐	嘔吐	往途	王都	おう吐
おうとう	桜桃	応答	王統	鴨東	黄桃	王黨	王党
おうど	押土	王土	黄土
おうどう	王道	横道	黄道	黄銅
おうな	媼	嫗
おうなつ	押なつ	押捺
おうのう	懊悩	応能	おう悩
おうはん	黄斑	凹版	墺匈国	横帆
おうばん	垸飯	椀飯
おうばんぶるまい	椀飯振舞い	椀飯振る舞い	椀飯振舞
おうひ	王妃	奥秘
おうふ	王府	王父
おうぶん	応分	欧文
おうへん	往返	黄変	応変	王偏
おうべい	欧米	歐米
おうほう	往訪	応報	王法
おうぼ	応募	王墓	王母
おうぼう	押妨	横暴
おうま	黄麻	逢魔	雄馬	牡馬
おうめい	嚶鳴	王命
おうゆう	桜友	王有
おうよう	応用	應用
おうらい	往来	徃來
おうらん	鴨卵	黄卵
おうりゅう	応竜	横流
おうりょう	押領	横領	応量	王陵	王領	黄竜	黄龍
おうりん	凰林	王林	黄りん	黄リン	黄燐
おうれん	黄蓮	黄連
おうろ	欧露	往路	鴎鷺
おえかき	お絵描き	お絵書き	御絵描き	御絵書き
おえら	御偉	お偉
おえらがた	おえら方	御偉方	お偉方
おおあくび	大あくび	大欠伸
おおあご	大あご	大顎
おおあたり	大当たり	大当り
おおあばれ	大あばれ	大暴れ
おおあり	大あり	大有り	大蟻
おおあわて	大あわて	大慌て	おお慌て
おおい	覆い	葢	蔽い	被い	大炊
おおいかぶせ	覆いかぶせ	覆い被せ
おおいそがし	大忙し	大いそがし
おおいそぎ	大急ぎ	大いそぎ
おおいぬざ	大犬座	おおいぬ座
おおいばり	大いばり	大威張り
おおいびき	大いびき	大鼾
おおいもの	覆い物	覆物
おおいり	大入り	大入
おおいりぶくろ	大入り袋	大入袋
おおうそ	大ウソ	大嘘	大噓
おおうりだし	大売出し	大売り出し
おおおじ	大伯父	大叔父
おおおば	大伯母	大叔母	大祖母
おおかがみ	大カガミ	大鏡	大鑑
おおかご	大かご	大籠
おおかた	大方	おほ方
おおかみおとこ	狼男	おおかみ男
おおかみざ	狼座	おおかみ座
おおかみむすめ	オオカミ娘	狼娘
おおがい	大貝	頁
おおがた	大型	大形
おおがら	大柄	大がら
おおきみ	大君	阿輩雞弥	阿輩雞彌	大王	王
おおぎり	大切り	大喜利
おおくくり	大括	大括り
おおぐい	大ぐい	大喰い	大食い
おおぐま	大ぐま	大熊
おおぐまざ	大熊座	おおぐま座
おおぐらい	大喰らい	大食らい
おおけが	大ケガ	大怪我	大けが
おおけやき	大ケヤキ	大欅
おおげんか	大喧嘩	大ゲンカ	大げんか
おおごと	大ごと	大事
おおさかずき	大杯	大盃
おおさじ	大さじ	大匙	大サジ
おおさわぎ	大騒ぎ	大さわぎ	おお騒ぎ
おおざめ	大ざめ	大鮫
おおざらい	大浚	大浚い	大ざらい
おおざらえ	大ざらえ	大浚え
おおざる	大ざる	大猿	大笊	巨猿
おおしか	大シカ	大鹿	麋
おおしけ	大しけ	大時化
おおしまつむぎ	大島紬	大島つむぎ
おおじ	大路	祖父
おおぜい	大勢	多勢	多ぜい	大ぜい
おおぜき	大関	大ぜき	大堰
おおぜり	大ぜり	大迫り
おおたか	大たか	大鷹
おおたちまわり	大立ち回り	大立回り
おおたぬき	大ダヌキ	大狸
おおだすかり	大だすかり	大助かり
おおだてもの	大立者	大立て者
おおつごもり	大つごもり	大ツゴモリ	大晦
おおつぶ	大粒	大つぶ
おおづかみ	大づかみ	大掴み
おおづくり	大作り	大造り
おおづめ	大詰め	大づめ	大詰
おおとり	鳳	大鳥
おおとろ	大とろ	大トロ
おおどおり	大通り	大通
おおどころ	大どころ	大所
おおなき	大泣き	おお泣き
おおなぎ	大なぎ	大凪
おおなた	大ナタ	大なた	大鉈
おおなべ	大鍋	大なべ
おおなみ	大波	大浪
おおなり	大成り	大なり
おおなわ	大なわ	大縄
おおにぎわい	大賑わい	大にぎわい
おおのり	大ノリ	大乗り
おおはし	大橋	大はし	大嘴
おおはしゃぎ	大はしゃぎ	大ハシャギ	大燥ぎ
おおはずれ	大はずれ	大外れ
おおはまり	大ハマリ	大嵌まり
おおはやり	大はやり	大流行り	大流行
おおはらい	大はらい	大祓
おおば	大羽	大葉
おおばこ	大箱	大葉子	車前草	車前
おおばこか	オオバコ科	車前科
おおばん	大判	大版	大盤	大番	大鷭
おおばんぶるまい	大盤振舞い	大盤振る舞い	大盤振舞
おおびけ	大引け	大引
おおびん	大瓶	大びん
おおぶね	大船	大舟
おおぶり	大振り	大ぶり	大降り
おおぶろしき	大風呂敷	大ぶろしき
おおまけ	大負け	大マケ
おおまた	大また	大股
おおまる	大マル	大丸
おおまわり	大まわり	大回り	大廻り
おおみえ	大見え	大見得
おおみかみ	太神	大神	大御神
おおみけ	大御食	大御饌
おおみそか	大晦日	大みそか
おおみたから	大みたから	大御宝
おおむこう	大むこう	大向こう
おおむね	大むね	大旨	概ね	概ネ	大棟
おおめ	大眼	大目
おおもうけ	大もうけ	大儲け
おおもて	大もて	大モテ	大持て
おおもと	大元	大本	大もと
おおもり	大盛り	大盛	大もり
おおもん	大門	大紋
おおや	大家	大屋
おおやけ	公	公け
おおやけど	大やけど	大火傷
おおやけばら	公ばら	公腹
おおやなぎ	大ヤナギ	大柳
おおよろこび	大喜び	大よろこび
おおわざ	大ワザ	大技	大業
おおわし	大ワシ	大わし	大鷲
おおわらい	大笑い	大わらい
おか	丘	阜	傍	陸	岡
おかあさま	お母さま	お母様	御母様
おかいあげ	お買い上げ	お買上げ
おかかごはん	オカカご飯	御かか御飯
おかがみ	御鏡	お鏡
おかき	御欠き	お欠き
おかげ	御蔭	御陰	お陰	お蔭
おかげさま	御蔭様	お陰さま	お蔭さま	御陰様	おかげ様	お陰様	お蔭様
おかげまいり	御蔭参り	御陰参り	おかげ参り	お蔭参り
おかしみ	可笑しみ	可笑味	おかし味
おかしらつき	尾頭付き	尾頭付	尾頭つき
おかずぐみ	オカズ組	御数組
おかずづくり	御数作り	おかず作り
おかずづめ	オカズ詰め	御数詰め
おかっぱ	御河童	お河童
おかっぱあたま	オカッパ頭	おかっぱ頭	お河童頭
おかっぱがみ	おかっぱ髪	お河童髪
おかっぱすがた	オカッパ姿	御河童姿
おかっぴき	岡っ引	岡っ引き
おかづり	陸釣	陸釣り	おか釣り
おかなみ	丘なみ	丘並
おかぼれ	オカ惚れ	岡惚れ
おかまい	お構い	御構い
おかまおどり	オカマ踊り	おかま踊り
おかまよばわり	オカマ呼ばわり	おかま呼ばわり
おかまわり	岡回り	陸回り
おかみ	女主	お上	女将	御上	主上
おかめ	岡目	おか目
おかめざさ	お亀笹	阿亀笹
おかめはちもく	傍目八目	岡目八目
おかもち	岡持	おか持ち	岡持ち
おかやき	岡焼き	おか焼き
おかゆ	陸湯	おか湯
おから	御殻	雪花菜
おからづめ	御殻詰め	おから詰め
おがくず	オガ屑	大鋸屑	おが屑
おがたまのき	小賀玉の木	黄心樹
おがみうち	拝み打ち	拝み撃ち
おがむし	悪香虫	青香虫
おがら	苧がら	苧殻	麻幹
おき	沖	起き	汚気	熾	燠	置き	置
おきあい	沖合	沖あい	沖合い	おき合
おきあがり	起上り	起き上がり
おきあみ	沖あみ	沖アミ	沖醤蝦
おきいし	置き石	置石
おきかさご	沖カサゴ	沖笠子
おきがけ	起きがけ	起き掛け
おきがさ	置き傘	置傘
おきご	置き碁	置碁
おきさお	置き竿	置竿
おきざま	置きざま	置き様
おきざり	置き去り	置きざり	置去り	おき去り
おきじ	置き字	置字
おきすき	沖すき	沖鋤
おきだい	置き台	置台
おきつち	置き土	置土
おきづり	沖釣	沖釣り
おきてがみ	置き手紙	置手紙
おきてやぶり	オキテ破り	掟破り
おきどけい	置き時計	置時計
おきどこ	置き床	置床
おきどころ	置きどころ	置き所
おきなぐさ	翁草	おきな草
おきなます	沖なます	沖鱠
おきぬけ	起きぬけ	起き抜け
おきば	置き場	置場
おきばな	置き花	置花
おきひき	御木曳き	お木曳き
おきび	熾火	燠火
おきびき	置き引き	置き引	置引	置引き
おきふし	起きふし	起き伏し	起き臥し
おきみやげ	置きみやげ	置き土産	置土産
おきもの	置物	置きもの	置き物
おきゃく	御客	お客
おきゃくさま	御客様	お客様	お客さま
おきや	置き屋	置屋
おきりょう	沖漁	沖猟
おぎ	男木	雄木	荻
おく	奥	屋
おくが	奥処	奥所
おくがき	奥書	奥書き
おくがけ	奥駆け	奥駈
おくさま	奥さま	奥様
おくじまり	奥じまり	奥閉まり
おくせつ	憶説	臆説
おくそく	憶測	臆測	屋側
おくそで	奥袖	奧袖
おくづけ	奥付	奥付け
おくづめ	奥詰	奥詰め
おくて	奥手	晩稲
おくでん	奥伝	奥殿
おくねぎ	晩ネギ	晩葱
おくび	噯	噯気
おくびょう	憶病	臆病
おくふところ	奥懐	奥懐ろ
おくみ	衽	袵
おくみはば	衽幅	おくみ幅
おくむき	奥むき	奥向	奥向き
おくやみ	お悔やみ	お悔み
おくゆき	奥行き	奥ゆき	奥行
おくゆるし	奥許	奥許し
おくり	送	送り	贈り
おくりおおかみ	送りおおかみ	送りオオカミ	送り狼
おくりおもり	送りおもり	送り重り
おくりがな	送仮名	送りがな	送り仮名
おくりさき	送り先	送りさき	おくり先
おくりじょう	送り状	送状
おくりて	贈り手	送り手
おくりな	諡	諱名	謚	贈り名	贈名	送り名	おくり名
おくりぬし	贈り主	送り主
おくりねじ	送りねじ	送り螺子
おくりむかえ	送り迎え	送りむかえ	送り向かえ
おくりもの	贈り物	贈りもの	贈物	おくり物
おくれ	遅れ	後れ
おくれげ	後れ毛	おくれ毛
おくればせ	遅ればせ	遅れ馳せ
おぐし	小櫛	御髪	お髪
おぐらあん	小倉あん	小倉餡
おけがい	桶買い	おけ買い
おけつ	悪血	於血	瘀血
おけら	白朮	朮	螻蛄
おけらび	朮火	おけら火
おこ	尾籠	烏滸
おこう	汚行	お香
おこさま	お子さま	お子様	御子様
おこし	起し	起こし
おこぜぐみ	虎魚組	おこぜ組
おこない	行ひ	行ない	行い
おこり	瘧	瘧り	起り	起こり
おこりんぼう	怒りんぼう	怒りん坊
おごのり	海髪	海髪海苔
おごり	驕り	傲り	奢り
おさ	悪作	筬	長
おさえ	抑え	押え	押さえ
おさえつけ	押さえ付け	押さえつけ
おさがり	お下がり	御下がり
おさげ	御下げ	お下げ
おさげがみ	御下げ髪	お下げ髪	おさげ髪
おさし	御差	御差し
おさつ	お札	御薩
おさなご	幼子	幼な子	幼児
おさなごこち	幼な心地	幼心地
おさなごころ	幼心	おさな心
おさなざくら	稚桜	稚櫻
おさなづま	幼な妻	幼妻
おさななじみ	幼なじみ	幼馴染	幼馴染み
おさめ	筬目	納め	収め	納	長女
おさめどの	納め殿	納殿
おさらい	お浚い	御浚い	お復習い	御復習い
おさん	御三	御産	お産
おざしき	御座敷	お座敷
おざなり	御座形	御座成り	お座なり	お座成り
おし	押し	鴛	鴛鴦	鴦	唖	圧し	押	推し
おしあげ	押し上げ	押上げ
おしあて	推し当て	推当て	押し当て
おしあゆ	押し鮎	押鮎
おしいた	押し板	押板
おしいれ	押し入れ	押入	押入れ	押し入	おし入れ
おしうり	押し売	押し売り	押売	押売り
おしえ	押し絵	押絵	訓え	教え
おしえぐさ	教へ草	教え草	教草
おしおいとり	御汐井取り	お汐井とり
おしかく	押し角	押角
おしがた	押し型	押型
おしがみ	押し紙	押紙
おしくら	押しくら	押競
おしぐま	押し隈	押隈
おしさげ	押下げ	押し下げ
おしずし	押しずし	押し寿し	押し寿司	押し鮓	押し鮨	押鮨
おしだし	押し出し	押出	押出し
おしつけ	押しつけ	押付	押付け	押し付け
おしつぶし	押潰し	押し潰し
おしど	押土	押し戸	おし戸
おしどり	鴛	鴛鴦
おしどりふうふ	鴛鴦夫婦	おしどり夫婦
おしならし	押し均し	押均
おしば	押し葉	押葉	おし葉
おしばな	押し花	押花
おしぶた	押しぶた	押し蓋
おしべ	雄しべ	雄シベ	雄蕊
おしぼたん	押しボタン	押し釦
おしぼり	御絞り	お絞り
おしまい	お仕舞い	お終い
おしむぎ	押し麦	押麦	おし麦
おしむすめ	啞娘	おし娘
おしめ	御湿	襁褓	押し目	押目
おしもんどう	押問答	押し問答
おしゃれ	御洒落	お洒落
おしょう	和尚	和上
おしろいばな	白粉花	おしろい花
おしろいやけ	白粉焼け	おしろい焼け
おしんこ	御新香	お新香
おじ	叔父	伯父	伯父翁	小父	老翁
おじおば	伯父伯母	叔父叔母
おじか	雄ジカ	雄鹿	牡鹿
おじがわり	伯父代わり	叔父代わり
おじき	伯父貴	叔父貴
おじぎ	御辞儀	お辞儀
おじぎそう	含羞草	御辞儀草	おじぎ草	お辞儀草
おじけ	怖じ気	怖気	怯気	おじ気
おじこ	叔父子	おじ子
おじごころ	叔父心	伯父心
おじゃま	御邪魔	お邪魔
おじょう	汚情	御嬢	お嬢
おじょうさま	御嬢様	お嬢さま	お嬢様
おじょうず	お上手	御上手
おじょく	汚辱	汚濁
おす	牡	雄	小簾
おすいぬ	オス犬	雄犬
おすうし	牡ウシ	雄ウシ	雄牛
おすおや	オス親	雄親
おすかわうそ	雄カワウソ	雄川獺
おすがえる	雄ガエル	雄蛙
おすがわ	オス側	雄側
おすぎつね	牡ギツネ	牡狐
おすこおろぎ	雄コオロギ	雄蟋蟀
おすざる	雄ザル	雄猿
おすすめ	お勧め	お薦め	お奨め	御勧め	御薦め	御奨め
おすそわけ	おすそ分け	お裾分け
おすねこ	オス猫	牡猫	雄ねこ	雄ネコ	雄猫
おすひつじ	雄ひつじ	雄羊
おすぶた	オス豚	雄ブタ	雄豚
おすみつき	お墨付き	お墨付	御墨付	御墨付き
おすめす	牡牝	雄雌
おすもうさん	お相撲さん	御相撲さん
おずれ	緒ずれ	緒擦れ
おせいぼ	御歳暮	お歳暮
おせじ	御世辞	お世辞
おせち	御節	お節
おせちりょうり	御節料理	お節料理	おせち料理
おせっかい	お節介	御節介
おせわ	御世話	お世話
おぜんだて	御膳立て	御膳立
おそ	悪阻	獺
おそうまれ	遅生まれ	遅生れ	おそ生まれ
おそだち	遅発ち	遅立ち
おそなえ	お供え	御供え
おそまき	遅まき	遅蒔	遅蒔き
おそまつ	お粗末	御粗末
おそれ	怖れ	惧れ	畏れ	虞	虞れ	恐れ
おそれげ	恐れ気	おそれ気
おそろい	お揃	御揃	お揃い	御揃い
おたいこ	御太鼓	お太鼓
おたきあげ	お焚き上げ	お焚上	御焚き上げ
おたけび	雄たけび	雄叫び
おたな	お店	御店
おたなもの	御店者	お店者
おたふく	御多福	お多福	阿多福
おたふくかぜ	オタフク風邪	御多福風	おたふく風邪	お多福風邪	阿多福風邪
おたふくがお	御多福顔	お多福顔
おたふくまめ	御多福豆	おたふく豆	お多福豆
おたま	男珠	御玉	お玉
おたまじゃくし	御玉杓子	お玉じゃくし	お玉杓子
おため	お為	御為
おためすじ	お為筋	御為筋
おだいもく	御題目	お題目
おだか	尾高	尾だか
おだき	男滝	雄滝
おだけ	雄岳	雄竹
おだぶつ	御陀仏	お陀仏
おだまき	小田巻	小田巻き	環緒	苧環
おだん	オ段	お段
おち	落ち	落
おちあゆ	落ちあゆ	落ち鮎	落鮎
おちうお	落ち魚	落魚
おちえん	落ち縁	落縁
おちかた	落方	落肩
おちぐち	落ち口	落口
おちこぼし	落ちこぼし	落ち零し
おちこぼれ	落ちこぼれ	落ち零れ	落零れ
おちこみ	落ち込み	落込み
おちご	お稚児	御稚児
おちしお	落ち潮	落潮
おちつき	落ち着き	落着き	落ちつき	落ち付き	落付き
おちど	落ち度	落度	越度
おちはぜ	落ち沙魚	落ち鯊
おちば	落ち葉	落葉	おち葉
おちぶな	落ちブナ	落ち鮒
おちぼ	落ち穂	落穂
おちむしゃ	落ち武者	落武者
おちむら	落ちムラ	落ち斑
おちめ	落ち目	落ちめ
おちゃ	お茶	御茶
おちゃこ	お茶子	御茶子
おちゃづけ	御茶漬け	御茶漬	お茶漬け	お茶漬
おちゅうげん	御中元	お中元
おちょうしもの	御調子者	お調子者
おちょこ	御猪口	お猪口
おっかあ	おっ母ぁ	おっ母あ
おっかけ	追っかけ	追っ掛け
おっくう	億劫	臆劫
おっけん	憶見	臆見
おって	追手	追っ手
おってがき	追って書き	追而書	追而書き
おっと	夫	良人
おっとせい	膃肭獣	膃肭臍
おっぺけぺえぶし	オッペケペー節	おっぺけぺえ節
おっぺけぺぶし	オッペケペ節	おっぺけぺ節
おつかれさま	お疲れさま	お疲れ様
おつぼぐち	お壷口	御壷口
おつむ	御頭	お頭
おつり	お釣り	御釣り
おてあげ	お手あげ	お手上げ
おてまえ	お手前	お点前	御手前
おてもと	お手元	お手許	御手元	御手許
おてもときん	御手元金	御手許金
おてんば	御転婆	お転婆
おてんばむすめ	おてんば娘	お転婆娘
おでい	汚泥	汚でい	淤泥
おでかけ	お出掛け	お出かけ	御出掛け
おでき	御出来	お出来
おでまし	御出座	お出まし
おと	音	於兎
おとあわせ	音あわせ	音合わせ	音合せ
おとうさま	お父さま	お父様	御父様
おとうとおもい	弟おもい	弟思い
おとがい	顎	頤
おとぎ	御伽	お伽
おとぎのくに	御伽の国	おとぎの国
おとぎばなし	御伽噺	御伽話	おとぎ話	お伽話	おとぎ噺	お伽噺
おとくい	御得意	お得意
おとこ	男闘呼	男	漢
おとこうけ	男ウケ	男受け
おとこうん	男運	おとこ運
おとこおどり	男踊	男踊り
おとこおんな	おとこ女	男女
おとこぎ	男気	侠気	俠気	漢気
おとこぐみ	男組	男闘呼組
おとこことば	男ことば	男言葉
おとこざかり	男ざかり	男盛り
おとこずき	男好き	男ズキ
おとこだて	男だて	男伊達
おとこのこ	男の子	男のコ
おとこまかせ	男まかせ	男任せ
おとこまさり	男勝り	男まさり
おとこまつり	男祭り	おとこ祭り
おとこみこ	男巫	男御子
おとこめかけ	男めかけ	男妾
おとこもち	男持	男持ち
おとこもの	男物	男もの
おとこやもめ	男やもめ	男ヤモメ	男寡	男鰥
おとさがし	音さがし	音探し
おとし	落とし	落し
おとしあな	落とし穴	墜し穴	落し穴	陥し穴	おとし穴
おとしがみ	落し紙	落とし紙
おとしご	落し子	落とし子
おとしざし	落し差し	落とし差し
おとしたまご	落とし卵	落し卵
おとしだね	落し胤	落としだね	落とし胤
おとしどころ	落し所	落とし所	落としどころ
おとしぬし	落し主	落とし主
おとしばなし	落し噺	落とし噺	落とし話	落し話
おとしぶた	落しぶた	落し蓋	落としぶた	落としブタ	落とし蓋
おとしぶみ	落し文	落とし文
おとしまえ	落とし前	落し前	落としまえ
おとしみ	落し身	落とし身
おとしもの	落とし物	落し物	落としもの
おとづくり	音作り	音づくり
おととび	音とび	音跳び	音飛び
おとどり	音どり	音取	音録り
おとな	大人	乙名
おとなあつかい	大人扱い	おとな扱い
おとながお	オトナ顔	大人顔
おとなしゃ	大人舎	おとな舎
おとななみ	大人並み	大人並
おとなにきび	大人ニキビ	大人面皰
おとひめ	乙姫	弟姫	弟比売
おとめ	乙女	孃子	未通女	処女	少女
おとめご	乙女子	少女子	處女
おとめごころ	オトメ心	乙女ごゝろ	乙女心
おとめざ	乙女座	おとめ座
おとめぞう	オトメ像	乙女像
おとも	お伴	お供	御供	御伴
おとや	乙矢	音屋
おとり	お酉	御酉	囮	囮り	劣り
おとりさま	お酉さま	御酉様
おとりぶえ	囮笛	おとり笛
おどけがお	戯け顔	おどけ顔
おどけしばい	戯け芝居	おどけ芝居
おどけもの	戯け者	おどけ者
おどし	縅	威	嚇し	威し	脅し
おどり	踊	踊り
おどりうた	踊り唄	踊り歌	踊歌	おどり唄
おどりおさめ	踊りおさめ	踊り納め
おどりぐい	踊り食い	おどり食い
おどりこ	踊り子	踊子
おどりじ	踊り字	おどり字
おどりねんぶつ	踊り念仏	踊念仏
おどりば	踊り場	踊場	おどり場
おどりぶ	踊り歩	踊歩
おどりやき	踊り焼き	おどり焼き
おどろがり	オドロ刈り	棘刈り
おどろき	驚き	驚
おどろきがお	驚き顔	おどろき顔
おどろきもの	驚きもの	驚き物
おないどし	同い年	同いどし	おない年
おなか	お腹	御腹
おなかがわ	御腹側	おなか側	お腹がわ
おなかまわり	お腹周り	おなか周り	お腹回り	おなか回り
おなご	女子	女
おなごくされ	女くされ	女子腐れ
おなごしゅう	女子衆	おなご衆
おなみ	男波	男浪
おなり	御成	御成り	お成り
おなりがみ	オナリ神	おなり神
おにあざみ	鬼あざみ	鬼薊
おにおどし	鬼おどし	鬼威し
おにぎり	御握り	お握り
おにぎりづくり	オニギリ作り	御握り作り
おにげし	鬼芥子	鬼罌粟
おにご	鬼語	鬼子
おにごっこ	鬼ごっこ	鬼ゴッコ
おにばば	鬼ばば	鬼ばばあ	鬼ババ	鬼婆	鬼婆あ
おにひとで	鬼ヒトデ	鬼海星
おにやらい	追儺	鬼やらい	鬼遣
おにやんま	鬼やんま	鬼ヤンマ
おねがい	お願い	御願い
おねしょあと	御寝しょ跡	おねしょ跡
おねじ	雄ねじ	雄螺子
おの	戦斧	斧
おのおの	各々	各各
おののき	慄き	戦き
おはぎ	御萩	お萩
おはらいばこ	お払箱	お払い箱
おはらぶし	小原良節	おはら節
おば	叔母	伯母	姑母	姨	小母	祖母
おばがい	オバ貝	おば貝
おばがお	オバ顔	小母顔
おばくちびる	オバ唇	小母唇
おばけ	お化け	御化け
おばけやしき	お化け屋敷	おばけ屋敷	御化け屋敷	オバケ屋敷
おばすて	姥捨	姨捨
おばて	オバ手	小母手
おばな	雄花	尾花
おばはだ	オバ肌	小母肌
おひさま	お日様	お日さま	御日様
おひざもと	御膝下	お膝元	お膝下	御膝元
おひつじ	牡羊	雄羊
おひつじざ	牡羊座	おひつじ座
おひとりさま	お一人さま	お一人様	おひとり様	御一人様
おひなさま	お雛さま	お雛様	御雛様	おひな様
おひゃくど	お百度	御百度
おひや	お冷	お冷や
おひれ	尾ひれ	尾ヒレ	尾鰭
おひろめ	お披露目	御披露目
おびあげ	帯上げ	帯揚	帯揚げ
おびいわい	帯祝	帯祝い
おびうら	帯裏	帶裏
おびえがお	怯え顔	おびえ顔
おびかわ	帯側	帯皮	帯革
おびくるわ	帯曲輪	帯郭
おびじめ	帯〆	帯締	帯締め
おびだま	帯玉	おび玉
おびどめ	帯どめ	帯び止め	帯止め	帯留	帯留め
おびな	男びな	男雛
おびのこ	帯鋸	帯のこ
おびひも	帯ひも	帯紐
おびまき	帯巻	帯巻き
おびまくら	帯まくら	帯枕
おびもの	佩びもの	佩物
おびれ	尾びれ	尾ビレ	尾鰭
おふくろ	お袋	御袋
おふせ	御布施	お布施
おふだ	お札	御札
おふでさき	お筆先	御筆先
おふる	御古	お古
おぶいひも	負い紐	負ぶい紐	おぶい紐
おぶし	男節	雄節
おぼえがき	覚書	覚え書き	覚えがき	覚え書	覚書き
おぼえたて	覚えたて	覚え立て
おぼえちがい	覚えちがい	覚え違い
おぼしめし	思し召	思し召し	思召	思召し	おぼし召し
おぼれじに	溺れ死	溺れ死に	おぼれ死に
おぼろぐも	朧雲	おぼろ雲
おぼろづき	朧月	おぼろ月
おぼろづきよ	朧月夜	おぼろ月夜
おぼろよ	朧夜	おぼろ夜
おまいり	お参り	御参り
おまかせ	お任せ	御任せ
おまけ	御負	御負け	月水	お負け
おまけあつかい	オマケ扱い	御負け扱い
おまつり	お祭	お祭り	御祭	御祭り
おまつりさわぎ	御祭り騒ぎ	御祭り騷ぎ	御祭騷	お祭り騒ぎ	お祭りさわぎ	お祭騒ぎ
おまもり	お守り	御守り
おまる	お丸	御丸
おまわり	お巡り	御巡り	お巡
おみ	使主	臣
おみき	お神酒	御神酒
おみくじ	お御籤	お神籤	御御籤	御神籤
おみこし	お神輿	御神輿
おみせ	お店	御店
おみな	嬢女	女
おみまい	お見舞い	お見舞	御見舞い	御見舞
おむかえ	お迎え	御迎え
おむす	御娘	お娘
おむすび	御結び	お結び
おむつ	御襁褓	お襁褓
おむつがえ	オムツ換え	オムツ替え	御襁褓替え	おむつ替え
おめいこう	御命講	お命講
おめしもの	お召しもの	お召し物	お召物	御召し物	御召物
おめみえ	御目見得	お目見え
おもい	思い	想い	念い	惟い
おもいあがり	思い上り	思い上がり
おもいいで	思ひ出で	思い出で
おもいいれ	思い入れ	思入
おもいきり	思いきり	思い切り
おもいこみ	思いこみ	思い込み
おもいすごし	思いすごし	思い過ごし	思い過し	思ひ過し
おもいちがい	思いちがい	思い違い
おもいっきり	思いっきり	思いっ切り	思いッ切り
おもいつき	思いつき	思い付き
おもいで	思い出	想い出	思ひ出	憶い出	おもい出	思いで
おもいなし	思いなし	思い為し
おもいね	思い寝	思ひ寝
おもいのたけ	思いの丈	思の丈
おもいやり	思いやり	思い遣り	思遣
おもいれ	思入れ	おも入れ
おもかげ	面影	俤	於母影
おもかじ	面かじ	面舵
おもがわり	面変り	面変わり
おもざし	面ざし	面差	面差し
おもし	重し	重石
おもしいし	重し石	おもし石
おもしがわり	重しがわり	重し代わり	重石代わり
おもしろばなし	面白話	おもしろ話
おもしろみ	オモシロ味	面白み	面白味	おもしろ味
おもだち	重立	重立ち	面立	面立ち
おもちゃあつかい	オモチャ扱い	玩具扱い
おもちゃえらび	玩具選び	おもちゃ選び
おもちゃがわり	玩具代わり	おもちゃ代わり
おもちゃばこ	オモチャ箱	玩具箱	おもちゃ箱
おもちゃや	玩具屋	おもちゃ屋	オモチャ屋
おもて	表	面
おもてあみ	表編	表編み
おもてうた	表歌	おもて歌
おもてがえ	表替	表替え
おもてがき	表がき	表書	表書き
おもてがまえ	表構	表構え
おもてがわ	オモテ側	表側	表革	面革	おもて側
おもてけい	表ケイ	表罫
おもてざた	表沙汰	表ざた
おもてどおり	表通り	表通
おもてふた	表ふた	表蓋
おもてぶせ	面伏	面伏せ
おもてむき	表向き	おもて向き
おもで	重手	重傷
おもと	万年青	御許
おもみ	重み	重味
おもむき	趣き	趣むき	趣
おももち	面持ち	面もち	面持
おもや	母屋	主屋	母家
おもやつれ	面やつれ	面窶れ
おもゆ	重湯	おも湯
おもらし	御漏らし	お漏らし
おもり	重り	錘	お守
おもりいと	重り糸	おもり糸
おもわく	思惑	思わく
おもわくがい	思わく買い	思惑買い
おや	祖	親
おやいも	親いも	親芋
おやうけ	親ウケ	親受け
おやかわうそ	親カワウソ	親川獺
おやがかり	親がかり	親掛かり	親掛り
おやがみ	親ガミ	親神
おやがめ	親ガメ	親亀
おやがも	親ガモ	親鴨
おやがわり	親がわり	親代り	親代わり
おやき	親機	親木
おやぐま	親グマ	親熊
おやぐも	親蜘蛛	親雲
おやこ	親子	親娘
おやこづれ	親子連れ	親子づれ
おやじ	親父	親字	親仁	親爹	親爺	お爺
おやじかたぎ	親仁形気	親父気質
おやじがお	オヤジ顔	親父顔
おやじがり	オヤジ狩り	親父狩り
おやじしゅう	オヤジ臭	親父臭	おやじ臭
おやじどう	オヤジ道	親父道
おやっ	親仁	親爺	親っ	親父
おやつ	御八つ	お八つ
おやつがわり	御八つ代わり	おやつ代わり	おやつ代り
おやつばめ	親ツバメ	親燕
おやどり	親鳥	親鶏
おやなまこ	親ナマコ	親海鼠
おやはらから	親はらから	親同胞
おやばか	親バカ	親ばか	親馬鹿
おやばなれ	親離れ	親ばなれ
おやばれ	親ばれ	親バレ
おやま	女形	飾山
おやまかせ	親まかせ	親任せ
おやみ	小やみ	小止み
おやもと	親元	親もと	親許
おやゆずり	親ゆずり	親譲り
おやゆび	親指	大拇	親ゆび	おや指
およぎこみ	泳ぎこみ	泳ぎ込み
およびごし	及び腰	および腰
おり	織り	折り	折	汚吏	澱	檻
おりあい	折り合い	折合い
おりあがり	織り上がり	織上り
おりいと	織り糸	織糸
おりえだ	折り枝	折枝
おりえり	折りえり	折り襟	折襟
おりおり	折々	折り折り	折折
おりかえし	折り返し	折返	折返し	折りかえし
おりかた	折り形	折形
おりかばん	折り鞄	折鞄
おりから	折から	折柄
おりがし	折り菓子	折菓子
おりがみ	折り紙	折紙	おり紙
おりがみつき	折り紙付き	折紙付き	折紙付
おりがら	折柄	織り柄
おりぐち	下り口	降り口
おりこみ	折り込み	折りこみ	折込	折込み	織り込み
おりごえ	折り声	折声
おりごと	折り琴	折琴
おりしろ	折りしろ	折り代
おりしわ	折りしわ	折り皺
おりじ	織り地	織地
おりたたみ	折りたたみ	折畳	折畳み	折り畳み
おりたたみがさ	折り畳み傘	折りたたみ傘	折畳み傘	折畳傘
おりづめ	折り詰	折り詰め	折詰	折詰め
おりづる	折りヅル	折鶴	折りづる	折り鶴
おりど	折り戸	折戸
おりのり	下り乗り	降り乗り
おりば	下り場	織り場	降り場
おりばこ	折り箱	折箱
おりひめ	織り姫	織姫	おり姫
おりびき	オリ引き	澱引き
おりびつ	折り櫃	折櫃
おりふし	折ふし	折節
おりほん	折り本	折本
おりむら	織りむら	織り斑
おりめ	織り目	織目	折り目	折りめ	折目	おり目
おりもと	織り元	織元
おりもの	織物	織りもの	織り物	下り物	おり物
おりや	織り屋	織屋
おりやま	折り山	折山
おりわざ	下り技	降り技
おれい	御礼	お礼
おれおれさぎ	オレオレ詐欺	俺俺詐欺
おれきれき	御歴々	御歴歴	お歴々	お歴歴
おれくび	折れ首	折首
おれせん	折れ線	折線
おればし	折れ箸	折箸
おろかごと	愚かごと	愚か事
おろかもの	オロカ者	愚か者	愚かもの
おろし	卸し	卸	降ろし	颪	下し	下ろし
おろしあえ	下ろしあえ	下ろし和え
おろしいも	下ろし芋	おろし芋
おろしうり	卸売	卸し売り	卸売り
おろしがね	下し金	下ろし金	卸金	おろし金	卸し金
おろしき	下ろし器	おろし器	卸し器
おろししょうが	下ろしショウガ	おろし生姜	おろし生薑	下ろし生姜	下ろし生薑	下ろししょうが
おろしじる	下ろし汁	おろし汁
おろしず	卸し酢	おろし酢
おろしそば	オロシ蕎麦	下ろしそば	下ろし蕎麦	おろし蕎麦
おろしたて	下し立て	下ろしたて	下ろし立て	おろし立て
おろしど	下ろし戸	おろし戸
おろしに	下ろし煮	おろし煮
おろしみ	下ろし身	おろし身
おろち	大蛇	巨呂智
おわい	汚わい	汚穢
おわり	終わり	終り	糸冬	竟わり	終
おわりごろ	終りごろ	終り頃	終わりごろ	終わり頃
おわりね	終値	終わり値	終り値
おん	恩	音	怨
おんか	音価	音訛
おんかん	音感	温感	音管	音間
おんがえし	おん返し	恩返し
おんがく	音楽	音学	音がく
おんがくか	音楽家	音楽科
おんがくかい	音楽会	音楽界
おんがくし	音楽史	音楽誌	音楽士
おんきゅう	恩給	温灸
おんきょう	音響	音きょう	温恭
おんぎ	恩義	恩誼	音義
おんけい	恩恵	音形	音型
おんけん	穏健	温健
おんこ	温故	恩顧
おんこう	温厚	恩幸	音効	音工	音高
おんし	恩師	恩賜
おんしつ	温室	怨嫉	音質
おんしゃ	音写	恩赦	御社
おんしゅう	怨讐	恩讎	恩讐	温習
おんしょう	温床	恩賞
おんしょく	温色	温食	音色
おんしん	音信	温浸
おんじょう	音場	恩情	温情	温醸	音声
おんせい	音声	温製
おんせん	温泉	温せん	溫泉
おんぞう	怨憎	音像
おんぞうし	御曹司	御曹子
おんたい	御大	温帯	恩貸
おんちゅう	御中	温中	音注
おんちょう	音調	恩寵	恩重
おんてん	恩典	温点	音転
おんとう	穏当	温湯
おんど	音頭	温度
おんどり	雄鶏	雄鳥
おんな	女	婢
おんなあるじ	女あるじ	女主
おんなうけ	女ウケ	女受け
おんなおどり	女踊	女踊り
おんなおんな	女々	女オンナ
おんながさ	女傘	女笠
おんながた	女方	女形
おんなことば	女ことば	女言葉
おんなざかり	女ざかり	女盛り
おんなしのび	女忍	女忍び
おんなたらし	女たらし	女タラシ	女蕩し	女誑し
おんなだて	女伊達	女俠	女だて
おんなったらし	女ったらし	女っ誑し
おんなのこ	女の子	女のコ	女のこ
おんなはらから	女はらから	女同胞
おんなぶり	女ぶり	女振り
おんなみこ	女みこ	女御子
おんなもち	女持	女持ち
おんなもの	女物	女もの
おんなやもめ	女やもめ	女寡
おんねん	怨念	おん念
おんば	穏婆	音場	乳母
おんばん	音盤	音板
おんびき	音引	音引き
おんぷ	音ぷ	音符	音譜
おんぼう	隠亡	隠坊
おんめい	音名	恩命
おんもん	諺文	恩問
おんよう	恩養	温容	温陽	温雍	音容	陰陽
おんらい	恩賚	恩頼
おんりょう	温良	音量	怨霊	温涼
おんれい	御礼	温冷
おんわ	温和	穏和
か	課	火	禍	柯	戈	貨	可	蚊	果	加	科	香	夏	花	化
かあ	母	嚊	嬶あ
かあさま	母さま	母様
かい	貝	会	下位	乖	買い	海	會	甲斐	買	下意	下衣	楷	歌意	花彙	華夷	悔	効	壊	誡	解	峡	怪	戒	枻	櫂	開	階	匙	回
かいあげ	買上	買上げ	買い上	買い上げ
かいあわせ	貝あわせ	貝合せ	貝合わせ
かいい	介意	怪異	魁偉	会意	海尉	解頤	開囲	階位	かい偉
かいいた	買い板	買板
かいいぬ	飼い犬	飼犬	甲斐犬
かいいれ	買い入れ	買入れ	買入
かいいん	改印	開院	海員	誨淫	会員
かいうけ	買受け	買請	買い受け	買受
かいうさぎ	飼いうさぎ	飼い兎
かいうん	海運	開運	改運	回運	海雲
かいえん	開園	快演	怪演	開演	海援	開宴	開筵
かいおき	買い置き	買いおき	買置き
かいおけ	貝桶	飼い桶
かいおん	快音	怪音	諧音	開音
かいか	開花	改貨	開化	怪火	改過	槐柯	槐花	海貨	開架	階下
かいかい	開会	開會	恢々	恢恢	悔改	痒痒
かいかえ	買い換え	買換	買換え	買替	買替え	買い替え	買いかえ
かいかく	改革	開拡	介殻	介殼	開角
かいかけ	買い掛け	買掛	買掛け
かいかつ	快活	快濶	快闊	海闊
かいかん	会館	開館	開函	會舘	會館	快漢	怪感	怪漢	戒灌	海関	開巻	開環	開管	解官	快感
かいが	絵画	繪画	海河
かいがい	海外	絵蓋
かいがく	開学	戒学	皆学
かいがけ	皆掛	皆掛け
かいがら	貝殻	貝がら	貝ガラ
かいがん	海岸	開眼
かいき	会期	回帰	囘歸	快気	海気	會期	怪奇	買い気	買気	海基	下域	会旗	会規	河域	灰棄	皆既	開基	開気	会記	怪気	回忌
かいきしょく	皆既食	皆既蝕
かいきゃく	開脚	海客
かいきゅう	階級	懐旧
かいきょ	快挙	快擧	介墟	灰墟	開渠
かいきょう	海峡	海狭	回教	開教	懐郷	戒経	海況	開胸
かいきり	買い切り	買切り
かいきん	解禁	皆勤	海禁	開衿	開襟
かいぎ	会議	会ぎ	會議	回議	懐疑	快技	海技	開議
かいぎょ	海魚	怪魚
かいぎょう	開業	改行	戒行
かいぎょうしょ	楷・行書	楷行書
かいぎょうそうしょ	楷・行・草書	楷行草書
かいぎょうそうれいしょ	楷・行・草・隷書	楷行草隷書
かいく	化育	海区	海區	皆苦
かいくう	皆空	海空
かいくうぐん	海・空軍	海空軍
かいくうこう	海・空港	海空港
かいぐ	戒具	械具
かいぐい	買い喰い	買い食い	買食い
かいけい	会計	會計	塊茎	解谿	海景	海警
かいけいか	会計課	会計科
かいけいし	会計史	会計士
かいけつ	解決	壊血	怪傑	解結	快傑
かいけはい	買いケハイ	買い気配	買気配
かいけん	会見	改憲	快剣	快劒	懐剣	改権	海権	海權	開鍵
かいげん	改元	開現	戒厳	開眼	戒嚴	解元	開元
かいこ	回顧	懐古	解雇	蚕	買い子
かいこう	開口	開港	邂逅	回航	廻航	恢弘	改稿	解膠	開校	開講	甲香	偕行	回甲	怪光	海光	海寇	海溝	灰紅	蟹行	開咬	開闔	海港
かいこが	蚕蛾	かいこ蛾
かいこく	開国	戒告	廻国	会告	灰黒	回国	海国
かいことば	買い言葉	買いことば	買いコトバ	買言葉
かいこん	開こん	開墾	皆婚	悔恨	塊根	開建	開梱
かいご	介護	会晤	回護	悔悟	改悟	開悟	戒語	戒護	解語	誡語	魁悟	魁梧
かいごう	改号	会合	乖合	解合
かいごしょく	介護食	介護職
かいごろ	買いごろ	買い頃
かいごろし	飼い殺し	飼殺し
かいさ	海佐	開差	開鎖	階差	海砂
かいさい	開催	開さい	皆済	快さい	快哉	界際	解砕	開採	階際
かいさき	海先	買い先	開先
かいさく	改作	開削	開鑿	快作	怪作	改策
かいさつ	改札	開札	会薩	改刷
かいさん	海産	解散	開傘	開山	開三
かいざん	改ざん	改竄	買い残	開山	海山
かいざんぼうし	改ざん防止	改竄防止
かいし	開始	怪死	開市	介詞	会子	会試	回賜	懐紙	戒師	改氏	改詩	會試	芥子	海士	海市	会し	会誌
かいしき	開式	搔敷
かいしつ	改質	皆失	皆悉
かいしめ	買い占め	買占	買占め
かいしゃ	会社	會社	膾炙	下位者
かいしゃいん	会社員	会社印
かいしゃく	解釈	解しゃく	介錯
かいしゅ	拐取	皆朱	会主
かいしゅう	回収	改しゅう	改修	改宗	会衆	海鰍	開就
かいしゅん	悔俊	悔悛	改しゅん	改悛	買い春	回春	買春
かいしょ	開所	楷書	海渚	会所	かい書
かいしょう	解消	快勝	会商	改称	甲斐性	回章	廻章	快笑	海商	海嘯	海将	海相	海翔	海象	かい性	海上
かいしょく	会食	戒飭	海蝕	海食	解職	開殖	快食	改植	解嘱
かいしん	改新	回心	廻診	戒心	戒慎	改心	改進	開申	回診	回申	会心	海進	開心
かいじ	開示	海事	回次	快事	怪事	海自	解字	甲斐路
かいじつ	晦日	会日
かいじゅう	懐柔	晦渋	怪獣	海獣	かい渋
かいじょ	解除	介助	海恕	階序	かい助
かいじょう	会場	開場	解錠	開城	階上	海上	回状	塊状	廻状	戒場	戒杖	開錠	階乗
かいじょけん	解除権	介助犬
かいじん	開刃	怪人	灰塵	灰燼	海神
かいすう	回数	階数
かいせい	改正	改制	改姓	改製	海生	快晴	海棲	諧声	開成	回生
かいせき	解析	開席	開析	会席	懐石	回析	怪石
かいせつ	解説	開設	回折	改設
かいせん	回線	開戦	会戦	回旋	廻旋	改撰	改選	廻船	回船	快戦	櫂船	海船	海鮮	疥癬	開栓	海戦	界線
かいそ	改租	改組	開祖
かいそう	回想	会葬	囘想	回奏	回漕	廻漕	廻送	快走	改葬	改装	潰走	開創	回送	階層	貝層	海そう	海藻	海曹	海葬	海葱	開宗	開漕	開窓	海草
かいそうるい	海草類	海藻類
かいそく	蟹足	改測	快速	会則	快足
かいそん	開村	塊村	廻村	海損	海村
かいぞう	改造	解像	戒蔵	海造
かいぞえ	介添え	介添
かいぞえやく	介添え役	介添役
かいぞく	海賊	海ぞく	回族
かいぞくばん	海賊版	海賊盤
かいぞめ	買い初め	買初め
かいたい	解体	懐胎	拐帯	改替	開袋	戒体	海帯	海退	開泰	かい体
かいたくし	開拓史	開拓使
かいたつ	回達	廻達
かいたて	飼い立て	買い建て	買建て
かいだい	改題	解題	海台	開大	開題	海内	介代
かいだし	買い出し	買出し
かいだめ	買いだめ	買い溜め	買溜め
かいだん	会談	會談	快談	解団	階段	怪談	階だん	戒壇
かいちゅう	海中	改鋳	回虫	蛔虫	懐中	かい中
かいちょう	開帳	開張	恢張	快調	回腸	怪鳥	戒牒	海潮	解嘲	諧調	開庁	階調	海鳥	会長
かいちょく	戒飭	回勅
かいちん	開陳	開珎
かいつぎ	買い継ぎ	買次	買継ぎ
かいつくろい	掻い繕い	かい繕ひ
かいつけ	買い付け	買いつけ	買付	買付け	飼付
かいづる	飼い鶴	飼鶴
かいて	買手	買い手
かいてい	改定	改訂	開廷	海底	楷梯	海汀	階梯
かいてき	快てき	会敵	快適	解的
かいてしじょう	買手市場	買い手市場
かいてん	回転	廻転	開店	開展	回天	廻天	海天
かいてんずし	回転寿司	回転ずし
かいでん	皆伝	開田
かいとう	回答	解答	回頭	廻頭	快投	解凍	会頭	解党	快刀	快答	怪投	怪盗	戒刀	械闘	海東	海濤	解糖	開頭	階統
かいとく	懐徳	晦匿
かいとり	買取り	買取	買い取り
かいど	改土	灰土	開度
かいどう	会堂	街道	会同	皆働	海道	回胴	怪童	海棠	海童	解同	開堂	開道
かいどき	買いどき	買い時
かいどく	会読	回読	解読	買い得	買得	買いどく	貝毒
かいどり	掻取	飼い鳥	飼鳥
かいない	回内	会内
かいなつき	腕つき	腕付き
かいなべ	貝なべ	貝鍋
かいにゅう	介入	垣入
かいにん	解任	懐妊	改任	海人
かいぬし	買い主	飼い主	買主	飼主	かい主
かいね	買い値	買値
かいねこ	飼いネコ	飼い猫	飼ネコ	飼猫
かいねり	掻練	搔練
かいは	会派	海波
かいはい	壊廃	改廃	潰敗	潰廃	かい廃
かいはいぎょう	開・廃業	開廃業
かいはく	海舶	灰白
かいはつ	開発	開はつ
かいはん	改版	解版	開板	開版
かいば	海馬	買い場	飼い場	飼い葉	飼葉
かいばつ	皆伐	海抜
かいひ	回避	廻避	開扉	会費	開披
かいひも	貝ひも	貝紐
かいひょう	開票	解氷	開表	海氷	海豹	界標
かいびかえ	買い控え	買控え
かいびゃく	開びゃく	開闢
かいびょう	怪猫	海錨
かいふ	回付	回附	廻付	廻附	改附	開府
かいふう	開封	海風
かいふく	回復	快復	恢復	開腹
かいふくき	回復期	快復期
かいぶつ	怪物	開物
かいぶん	回文	廻文	怪聞	灰分	怪文
かいへい	開閉	海兵	開平	皆兵	解兵
かいへん	壊変	改変	改編	貝偏	匯編	海辺
かいべん	快便	快弁	開弁
かいほ	海保	介保
かいほう	開放	解放	介抱	懐抱	会報	快方	丐幇	回報	回峰	廻報	廻峰	快報	戒法	楷法	海堡	海泡	解法	開方	開法
かいほうかん	開放感	解放感
かいほうてき	開放的	解放的
かいぼう	解剖	海膨	海防
かいぼり	掻い掘り	かい掘り
かいま	傀魔	怪魔	海魔	垣間	かい間
かいまい	回米	廻米
かいまき	掻い巻	掻い巻き	掻巻	掻巻き	搔巻	かい巻き
かいまし	買い増し	買増
かいまみ	垣間見	かいま見
かいまわり	買回	買回り
かいみん	快眠	海民
かいむ	皆無	会務	海霧
かいめい	解明	改名	開明	会名	会盟	晦冥	誡命	階名
かいめつ	壊滅	潰滅
かいめん	海面	海綿	界面	解綿
かいもどし	買い戻し	買戻
かいもどしけん	買い戻し権	買戻権
かいもの	買い物	買いもの	買物
かいものぶくろ	買い物袋	買物袋
かいもん	開門	海門
かいやき	貝焼	貝焼き
かいやく	解約	改訳	解役
かいゆう	回遊	回游	廻游	廻遊	開誘	会友	海友	怪優	灰釉
かいよう	海洋	開葉	潰よう	潰瘍	海容	解傭	開陽	かい瘍
かいらい	界雷	傀儡
かいらく	快楽	偕楽
かいらん	回覧	壊乱	廻覧	潰乱	解纜	海覧	回鑾
かいり	乖離	解離	懐裏	海狸	歸いり	浬	海里	かい離
かいりき	怪力	戒力
かいりつ	介立	戒律	改律
かいりゅう	開立	海竜	海流	海龍	廻流	廻立	回流
かいりょう	改良	貝漁	開猟	飼い料	飼料
かいるい	介類	貝類
かいれい	回礼	海嶺
かいれいてんしょ	楷・隷・篆書	楷隷篆書
かいれつ	潰裂	解列	開裂
かいろ	海路	回路	懐炉	薤露	開炉
かいろう	回廊	偕老	廻廊	海楼	海樓	海狼	開廊
かいわ	会話	貝輪
かいわい	界隈	界わい
かいわり	穎割	穎割り	貝割	貝割り
かいわれ	貝割	貝割れ
かいわれだいこん	カイワレ大根	貝割れ大根	かいわれ大根
かいわれな	貝割れ菜	貝割菜	かいわれ菜
かいわん	怪腕	海湾	海灣
かいん	下院	過飲	課員
かいんとうがん	下咽頭がん	下咽頭ガン	下咽頭癌
かう	夏雨	寡雨	河盂	火雨	花雨	迦宇
かうら	カ浦	箇浦
かうん	家運	河運	火雲
かえ	換	換え	替	代え	変え	替え
かえうた	替え唄	替え歌	替唄	替歌
かえうま	替え馬	替馬
かえぎ	替え着	替着
かえし	返し	返
かえしどめ	返し止め	返し留め
かえしぬい	返しぬい	返し縫い
かえしん	替え芯	替芯
かえじ	換字	替え字
かえだま	替え玉	替玉	かえ玉
かえち	替え地	替地
かえて	替え手	替手
かえどき	変え時	替えどき	替え時
かえば	替え刃	替刃
かえひも	替えひも	替え紐
かえびき	替え引き	替引
かえもん	替え紋	替紋
かえり	帰り	還り	返り
かえりうち	返り討	返り討ち	返討	返討ち
かえりがけ	帰りがけ	帰り掛け
かえりぎわ	帰り際	帰りぎわ
かえりごと	返り事	返り言
かえりざき	返りざき	返咲き	返り咲き
かえりち	返り値	返り血
かえりてん	返り点	返点
かえりに	帰り荷	返り荷
かえりぶね	帰り舟	帰り船
かえりみち	帰り道	帰りみち	帰り路	帰り途	かえり道
かえるいろ	カエル色	蛙色
かえるおよぎ	カエル泳ぎ	蛙泳ぎ
かえるとび	カエル跳び	蛙飛び	かえる跳び
かえるまた	蛙股	蟇股
かえん	火炎	火焰	火焔	花園	下縁	加鉛	果園	火煙
かお	顔	気表	皃	貎	貌
かおあわせ	顔合わせ	顔あわせ	顔合せ
かおいろ	顔色	顔いろ
かおう	花押	華押	禍殃	花王
かおうつり	顔写り	顔映り
かおかくし	顔かくし	顔隠し
かおかたち	顔かたち	顔容	顔形	顔貌
かおこり	顔コリ	顔凝り
かおさわぎ	顔さわぎ	顔騒ぎ
かおそり	顔そり	顔剃り
かおぞろい	顔ぞろい	顔揃い
かおたれ	顔タレ	顔垂れ
かおだし	顏出し	顔出し
かおだち	顔立ち	貌だち	貌立ち	顏容	顔だち	顔立
かおだに	顔ダニ	顔壁蝨
かおつき	顔付き	顔つき	顔付
かおつなぎ	顔つなぎ	顔繋ぎ
かおつぼ	顔ツボ	顔壺
かおづくり	顔づくり	顔作り
かおなじみ	顔なじみ	顔馴染	顔馴染み
かおぶれ	顔ぶれ	顏觸	顏觸れ	顔触	顔触れ	顔触レ
かおまけ	顔負け	顔まけ	顔負
かおみせ	顔見世	顔見せ
かおもち	顔もち	顔持ち
かおり	香り	薫り	馨	香
かおりづけ	香りづけ	香り付け
かおん	加温	加音	訛音
かか	苛課	蚊科	呵々	呵呵	夏下	花下	媽	嬶
かかあでんか	嬶天下	かかあ天下
かかい	加階	下界	下階	科介	課会	歌会	可解
かかえ	抱え	抱へ	抱
かかえうち	抱え打ち	抱え撃ち
かかえおび	抱え帯	かかえ帯
かかえぐるま	抱え俥	抱え車
かかえこ	抱え子	抱へ子
かかえっこ	抱えっ子	抱ツ子
かかえぬし	抱え主	抱主
かかえもの	抱え者	抱者
かかえやしき	抱え屋敷	抱屋敷
かかく	価格	價格	家格	荷客	過客	華客
かかとおとし	踵落とし	かかと落とし	踵落し	かかと落し	カカト落とし
かかとがわ	踵側	かかと側
かかとつぶし	踵潰し	かかと潰し
かかとどめ	踵留め	かかと留め
かかり	掛	係	係り	掛かり
かかりあい	掛かり合い	掛り合い
かかりかん	係官	掛官
かかりぎ	懸木	掛かり木	かかり木
かかりちょう	掛長	係長
かかりっきり	掛かりっ切り	かかりっ切り
かかりつけ	掛かり付け	掛り付け
かかりつけい	かかりつけ医	掛かり付け医	掛り付け医
かかりゆ	掛かり湯	掛り湯	かかり湯
かかわり	関はり	関わり	係わり
かかわりあい	関わり合い	係わり合い	関り合い	かかわり合い
かかん	日間	加冠	可換	火浣	火管	花冠	顆間
かがい	加害	課外	嬥歌	禍害	花街
かがく	化学	科學	家学	歌学	科学	下学	下學	寡額	花岳	価額	下顎	化學
かがくか	化学科	科学科
かがくしゃ	化学車	化学者	科学者
かがくしょう	化学賞	科学省
かがくてき	化学的	科学的
かがっ	化学	科學	家学	歌学	科学
かがみ	鑑	鏡
かがみごし	屈み腰	鏡ごし	鏡越し
かがみづくり	鏡づくり	鏡作	鏡作り
かがみみがき	鏡みがき	鏡磨き
かがみもち	鏡モチ	鏡もち	鏡餅
かがみわり	鏡割	鏡割り
かがりいと	縢り糸	かがり糸
かがりび	篝火	かがり火
かがん	可汗	可寒	下顔	火眼	花顔	過眼	河岸
かき	堵墻	書	蠣	柿	火器	墻	垣	掻き	花期	柿子	夏期	花器	下記	夏季	下鰭	架器	火気	過期	牡蛎	牡蠣	花き	花卉	書き
かきあげ	掻き揚げ	掻揚げ	搔上	かき揚げ
かきあじ	描き味	書き味
かきあつめ	掻き集め	かき集め
かきあぶら	牡蠣油	かき油
かきあわせ	掻き合わせ	かき合わせ
かきいた	掻き板	かき板
かきいれ	書き入れ	書きいれ	書入れ
かきいろ	柿いろ	柿色
かきうち	カキ打ち	牡蠣打ち
かきおき	書き置	書き置き	書置	書置き
かきおとし	掻き落とし	書き落とし	かき落し
かきおろし	書き下ろし	書きおろし	書き下し	書下し	書下ろし
かきかえ	書き替え	書換	書替	書替え	書換え	書き換え	書きかえ
かきかけ	描きかけ	書きかけ	書き掛け
かきかた	書方	書き方
かきがい	カキ貝	牡蠣貝
かきがら	カキ殻	牡蠣殻	蠣殻
かききゅう	夏期休	夏季休
かききゅうか	夏期休暇	夏季休暇
かきぎ	掻き木	かき木
かきことば	書き言葉	書きことば
かきこみ	書込み	書き込み	書きこみ
かきこわし	掻きこわし	掻き壊し
かきごおり	カキ氷	欠き氷	かき氷
かきごこち	描き心地	書き心地
かきごはん	カキ御飯	牡蠣御飯	かきご飯
かきごや	カキ小屋	牡蠣小屋	かき小屋
かきざま	書きざま	書き様
かきしょうよ	夏期賞与	夏季賞与
かきじゅん	書きじゅん	書き順
かきそこない	書き損い	書き損ない
かきそんじ	書損じ	書き損じ
かきぞめ	書きぞめ	書き初め	書初	書初め	柿染め
かきたま	掻き玉	掻玉	かき玉
かきたまご	掻き卵	かき卵
かきため	書き溜め	書溜め
かきだし	書き出し	書きだし	書出し	書出
かきつけ	書き付け	書き付	書付	書付け
かきつばた	杜若	燕子花
かきつばたがさね	杜若襲	杜若重ね
かきづめ	掻き爪	かき爪
かきて	書き手	掻き手	かき手
かきとめ	書留	書き留め
かきとり	書き取り	書きとり	書き取	書取	書取り	柿取り	柿捕り
かきどおし	垣通	垣通し
かきなおし	描き直し	書き直し
かきなべ	カキ鍋	牡蠣鍋	かき鍋
かきぬき	書き抜	書き抜き	書抜	書抜き
かきね	垣根	かき根
かきのし	書きのし	書き熨斗	書熨斗
かきはん	書き判	書判
かきひび	牡蠣ひび	牡蠣皹
かきへら	掻きヘラ	掻き箆
かきべ	民部	部曲
かきまぜ	掻き混ぜ	かき混ぜ	掻きまぜ
かきまちがい	書き間違い	書きまちがい
かきまわし	掻き回し	かき回し
かきもち	柿餅	かき餅
かきもの	書き物	書きもの	書物
かきもん	書き紋	書紋
かきやく	書き役	書役
かきゅう	加給	火急	下級	下丘	可及	可給	火休	火球	過給
かきゆ	カキ油	牡蛎油
かきょ	家居	科挙	科舉
かきょう	歌興	華僑	佳境	家郷	歌境	歌経	架橋
かきょく	歌曲	佳局
かきわけ	書き分け	書きわけ
かきわり	書き割	書き割り	書割	書割り	欠き割り
かきん	課金	家きん	家禽	瑕瑾
かぎ	鍵	鑰	科技	嘉儀	歌妓	鉤
かぎあけ	鍵あけ	鍵開け
かぎあし	カギ足	鉤足	かぎ足
かぎあな	カギ穴	鍵穴	かぎ穴
かぎあみ	鉤編み	かぎ編み
かぎかっこ	カギ括弧	鉤括弧
かぎがた	カギ型	鉤形	鉤型	鍵形	かぎ型	かぎ形
かぎがわり	鍵代り	鍵代わり
かぎことば	カギ言葉	鍵言葉
かぎざき	鉤裂き	かぎ裂き
かぎたば	カギ束	鍵束
かぎたばこ	嗅煙草	嗅ぎタバコ	嗅ぎ煙草	嗅ぎたばこ
かぎっこ	鍵っ子	かぎっ子
かぎづめ	カギ爪	鉤爪	かぎ爪
かぎのて	鉤の手	かぎの手
かぎばな	鉤鼻	かぎ鼻
かぎばり	鉤針	かぎ針
かぎゃく	苛虐	加虐	可逆
かぎゅう	蝸牛	火牛
かぎょう	カ行	家業	歌業	稼業	稼行	課業	か行
かぎり	限り	限
かく	核	角	佳句	槨	歌句	膈	格	殻	画
かくい	各位	隔意	各委
かくいつ	画一	劃一
かくいん	各員	各院	閣員	客員	角印
かくう	架空	仮空	果倶有
かくえき	各駅	核液
かくえん	拡延	獲猿
かくおち	角落	角落ち
かくか	角化	各課	各科	核化
かくかい	角回	各回	各階	各界
かくかん	各艦	各巻	各館	画間
かくがい	核外	郭外	閣外	格外
かくがた	核型	角型	角形
かくがり	角刈	角刈り
かくき	各期	覚起	各機
かくきょく	各局	各極
かくぎ	閣議	角技	格技
かくぎょう	角行	各行	各業
かくく	各句	各区
かくぐん	各軍	各群
かくけい	各系	核径
かくげつ	客月	隔月	各月
かくげん	確言	格言
かくこう	各行	各港	各校	嚇猴	核孔	各項
かくご	各語	覚悟	客語
かくごう	各号	各郷
かくさ	格差	較差	隔差
かくさん	拡散	核酸
かくざ	擱坐	擱座
かくざい	角材	各財	拡材
かくし	各市	客死	各氏	各紙	各誌	核子	革紙	衣兜	隠し	革翅
かくしあじ	隠し味	かくし味
かくしき	格式	各式
かくしげい	隠し芸	かくし芸
かくしことば	隠しことば	隠し言葉
かくしご	隠し子	かくし子
かくしごと	隠し事	隠事
かくししつけ	隠し仕付け	隠し躾
かくしだて	隠しだて	隠し立て	かくし立て
かくしだま	隠し玉	隠し球
かくしつ	確執	各室	核質	角質	革質
かくしとびら	隠し扉	かくし扉
かくしどり	隠し取り	隠し撮り	隠し録り	かくし撮り
かくしな	隠し名	隠名
かくしばね	隠しばね	隠し発条
かくしみち	隠し径	隠し道
かくしゃ	各社	客舎	覚者	各車
かくしゅ	馘首	鶴首	各種	核種
かくしゅう	各週	客舟	隔週	各州
かくしゅつ	喀出	核出
かくしゆ	隠し湯	かくし湯
かくしょ	各署	各処	各所	各書
かくしょう	確証	確證	各賞	各章	各証	客将	確勝	隔障	各省
かくしょく	各色	角食	革職
かくしわざ	隠しわざ	隠しワザ	隠し技
かくしん	革新	確信	確診	核心	隔心
かくじ	各自	各次	各字	各寺	隔字
かくじょう	カク状	各帖	各條	角上	角状	閣上	各条
かくすい	拡水	角錐
かくすう	各数	画数
かくせい	覚せい	覚醒	廓清	郭清	隔清	革正	各性	拡声	確正	角聖	隔世	鶴声
かくせいき	拡声機	拡声器
かくせいざい	覚せい剤	覚醒剤
かくせつ	各説	各節
かくせん	各線	角栓	角閃
かくそう	各層	核相	角層
かくそく	各則	隔測
かくたい	各体	各隊	核体	覚体	客体
かくだい	拡大	廓大	各代
かくだん	画断	各段
かくち	各地	覚知	客地	画地	かく地	隔地	各値
かくちょう	拡張	各町	格調	各庁	殻長	殻頂
かくつう	格通	角通
かくづくり	核づくり	核作り
かくづけ	格づけ	格付け	格付
かくてい	画定	劃定	確定	各停	各邸	殻底	角抵	角觝
かくてん	各店	各点
かくと	拡都	殻斗
かくとう	格闘	挌闘	角鬪	確答	各党	各島	各棟	各等	客冬	角灯
かくとく	獲得	覚得
かくど	嚇怒	赫怒	角度	客土	確度
かくどけい	角時計	角度計
かくない	閣内	郭内	核内
かくなり	角成	角成り
かくにん	確認	覚認
かくにんひょう	確認表	確認票
かくねん	隔年	各年	客年	核燃
かくのみ	角のみ	角鑿
かくはん	各藩	撹拌	攪拌	各般	各版	各班	拡販	隔板	かく拌
かくはんき	撹拌機	攪拌機
かくひ	各碑	角皮
かくひつ	擱筆	角筆
かくひょう	各表	角氷
かくびん	角びん	角壜	角瓶
かくふ	拡布	擴布	角麩
かくぶん	確聞	各文	画分
かくへん	各編	各篇	各辺	確変	角片
かくほう	確報	各法	各邦	閣法
かくぼう	各坊	各房	客房	核防	角帽	角棒
かくまき	角巻	角巻き
かくまく	核膜	角膜	隔膜	各幕
かくみち	角行道	角道
かくめい	革命	革名
かくめいか	革命化	革命家	革命歌
かくもち	角もち	角餅
かくやく	確約	各役
かくらん	カク乱	撹乱	攪乱	各欄	霍乱	かく乱
かくりごと	幽りごと	幽り事	幽事
かくりつ	確率	確立	格率
かくれあそび	隠れ遊び	かくれ遊び
かくれい	確例	閣令	鶴唳
かくれが	隠れ家	隠処	かくれ家
かくれき	角礫	馘暦
かくれざと	隠れ里	かくれ里
かくれみの	隠れ蓑	隠れみの	隠れミノ	隠れ簑	かくれ簔	かくれ蓑
かくれもん	隠れ門	隠門
かくれんぼ	隠れん坊	隠れんぼ	匿れんぼ
かくれんぼう	匿れん坊	隠れんぼう	隠れん坊	かくれん坊
かくろう	客臘	閣老
かくろえごと	隠ろえ事	隠ろへごと
かくん	家訓	家君	寡君
かぐ	家具	下愚
かけ	賭け	欠け	賭	掛	掛け
かけあい	掛合い	掛け合い
かけあがり	カケ上がり	駆け上がり
かけあし	駆け足	駆足	駈け足	駈歩	駈足	かけ足
かけい	家系	科刑	家計	仮茎	佳景	可傾	家兄	家鷄	火刑	花径	花茎	河系	筧
かけいね	掛け稲	掛稲
かけうり	掛け売	掛け売り	掛売	掛売り
かけえり	掛け衿	掛け襟	掛衿	かけ衿
かけお	懸緒	掛緒
かけおち	駆け落ち	駆落	駆落ち	駈け落ち	駈落ち	欠け落ち	欠落ち
かけかえ	掛け替え	掛換	掛換え	架替	架替え
かけかまい	掛け構い	掛構い
かけがい	掛け買	掛け買い	掛買	掛買い
かけがえ	掛けがえ	掛け替え	掛替え	かけ替え
かけがね	掛け金	掛金
かけがみ	懸け紙	懸紙	掛紙	かけ紙
かけきん	掛金	掛け金	賭け金	賭金	かけ金
かけぎぬ	掛け衣	掛衣
かけぎわ	欠けぎわ	欠け際
かけくぎ	掛けくぎ	掛け釘
かけくらべ	駆け比べ	駆け競べ
かけことば	懸詞	掛詞	かけ詞
かけこみ	駆け込み	駆込
かけご	賭け碁	賭碁	懸子	懸籠	掛子	掛籠
かけごい	掛け乞い	掛乞い
かけごう	掛け盒	掛盒
かけごえ	掛け声	懸声	掛声	かけ声
かけごこち	掛け心地	かけ心地
かけごと	賭けごと	賭け事	賭事	かけ事
かけざお	掛け竿	掛竿
かけざかな	懸魚	掛け魚
かけざん	掛け算	掛算	かけ算
かけしょ	掛所	掛書
かけじ	懸け字	懸字	掛け字	掛字
かけじく	掛け軸	掛軸
かけじゃや	掛茶屋	掛け茶屋
かけじる	掛け汁	かけ汁
かけすて	掛け捨て	掛捨て	かけ捨て
かけず	掛け図	掛図
かけそば	掛けそば	掛蕎麦	かけ蕎麦
かけだおれ	掛け倒れ	掛倒れ
かけだし	カケ出し	駆け出し	駆出し	駆けだし	駈け出し
かけちがい	掛けちがい	掛け違い	かけ違い
かけっくら	駆けっくら	駈けっくら
かけつ	可決	果決
かけづくり	懸造	懸造り
かけで	駆け出	かけ出
かけとり	掛けとり	掛け取り	掛取り
かけどい	懸け樋	懸樋
かけどけい	掛け時計	掛時計
かけなおし	掛け直し	かけ直し
かけながし	掛け流し	かけ流し
かけね	懸価	掛け値	掛値	かけ値
かけはし	架け橋	懸け橋	懸橋	掛け橋	掛橋	桟	架橋	かけ橋
かけば	懸け場	駆け場
かけばな	掛け花	掛花
かけひき	駆けひき	駆け引き	駆引	駆引き	駈け引き	かけ引き
かけひも	掛けひも	掛け紐
かけふだ	懸札	賭け札
かけぶとん	掛布団	掛蒲団	掛け布団	掛け蒲団	かけ布団
かけべり	掛け減り	掛減り
かけぼとけ	懸け仏	懸仏
かけむしろ	掛け筵	掛蓆
かけめ	カケ眼	掛け目	掛目	欠けめ	欠け目	欠目
かけもち	掛け持ち	掛持ち	かけ持ち
かけもの	懸物	掛け物	賭け物	賭物	かけ物
かけや	掛け屋	掛け矢	掛屋	掛矢	賭け矢
かけゆ	掛け湯	かけ湯
かけわたし	掛け渡し	掛渡し
かけん	化研	下賢	家憲	家眷	科研
かげ	影	鹿毛	陰	翳	蔭
かげい	花芸	家芸
かげえ	影画	影絵
かげき	歌劇	歌げき
かげくま	影クマ	影隈
かげぐち	カゲ口	陰口	蔭口	かげ口
かげぜん	陰膳	かげ膳
かげち	蔭地	陰地
かげつ	カ月	ヶ月	ケ月	ヵ月	家月	花月	箇月	個月	か月
かげひなた	陰ひなた	陰日向
かげぼし	陰乾	陰乾し	陰干	陰干し	かげ干し
かげまつり	陰祭	陰祭り
かげり	陰り	翳り
かげろう	蜻蛉	陰郎	陽炎	蜉蝣
かげん	加減	仮現	下限	下弦	仮言	嘉言	寡言	禍源	科幻	下元	過言
かこ	過去	舟子	水主	水手	水夫
かこい	囲い	圍	鹿恋	囲
かこいつつみ	囲堤	囲い堤
かこいづくり	囲い造り	囲造り
かこいまい	囲い米	囲米
かこいわな	囲いわな	囲い罠
かこう	架工	火口	加工	下降	河口	花こう	花崗	化工	歌稿	下口	下崗	下行	仮構	佳肴	加功	卦爻	可耕	嘉肴	架構	河港	火光	火工	火攻	窩孔	花梗	華甲	靴工	歌行
かこうがた	下降形	下降型
かこうがん	花こう岩	花崗岩
かこうし	加工紙	架工歯	加工糸
かこうひん	加工品	火工品
かこく	カ国	ヶ国	ケ国	ヵ国	家国	河谷	箇国	箇國	個国	禾穀	か国
かこちがお	託ち顔	かこち顔
かこつ	下骨	仮骨
かこみいり	囲み入り	囲入り
かこん	禍根	仮根
かご	加護	籠	篭	歌語	華語	訛語	過誤	鹿児	駕篭	駕籠
かごう	化合	箇郷	か郷
かごえらび	カゴ選び	籠選び	かご選び
かごかき	駕篭舁き	駕籠かき	駕籠舁き
かごじ	籠字	かご字
かごたいまつ	籠たいまつ	籠松明
かごつり	カゴ釣り	籠釣り
かごづくり	籠づくり	籠作り
かごぬけ	篭抜け	籠抜け	籠脱け	かご抜け
かごのとり	籠の鳥	かごの鳥
かごめ	籠目	かご目
かごゆか	籠床	かご床
かごりょう	カゴ漁	籠漁
かごわき	駕籠わき	駕籠脇
かさ	傘	嵩	過差	暈	毬	瘡	笠
かさあげ	カサ上げ	嵩上げ	かさ上げ
かさい	火災	火さい	家裁	加彩	可採	家宰	家栽	寡妻	果菜	歌才	火砕	花彩	荷載	過載
かさいけいほうき	火災警報機	火災警報器
かさいた	笠板	かさ板
かさかけ	笠かけ	笠掛け
かさかしげ	傘かしげ	傘傾げ
かさぎらい	傘ぎらい	傘嫌い
かさく	仮作	寡作	佳作	家作	歌作
かさけ	瘡気	かさ氣
かさたはぎょう	カ、サ、タ、ハ行	か・さ・た・は行
かさづけ	笠付	笠付け
かさね	襲ね	重ね	襲	重
かさねあこめ	重ね衵	重衵
かさねあわせ	重ねあわせ	重ね合わせ
かさねいけ	重ねいけ	重ね生け
かさねえり	重ね衿	重ね襟
かさねがき	重ねがき	重ね書き
かさねことば	襲詞	重ね言葉
かさねじゅう	重ね重	かさね重
かさねばり	重ね張り	重ね貼り
かさぶくろ	傘袋	笠袋
かさぶた	痂	瘡ぶた	瘡蓋	笠蓋
かさほこ	傘鉾	かさ鉾
かさまし	嵩増し	かさ増し
かさん	加算	加餐	家産	可算	過酸
かざあし	風脚	風足
かざい	家財	家材	花材	貨財
かざおり	風折	風折り
かざきり	風切	風切り
かざぐるま	風車	風ぐるま
かざしぐさ	挿頭草	かざし草
かざしばな	挿頭花	かざし花
かざまち	風待	風待ち
かざみ	汗衫	風見
かざむき	風向き	風むき
かざよけ	風よけ	風除け
かざり	飾り	飾
かざりいし	飾り石	飾石
かざりいた	飾り板	かざり板
かざりうま	飾り馬	飾馬
かざりえび	飾り海老	飾り蝦
かざりけ	飾り気	飾りけ	飾気
かざりげ	飾り毛	飾毛
かざりし	錺師	飾り師
かざりしょく	錺職	飾り職
かざりじ	飾り字	飾字
かざりたち	飾り太刀	飾太刀
かざりだけ	飾り竹	飾竹
かざりだな	飾り棚	飾棚	かざり棚
かざりつけ	飾りつけ	飾り付け	かざり付け
かざりなべ	飾りなべ	飾り鍋
かざりなわ	飾り縄	餝縄
かざりひも	飾りひも	飾り紐	飾紐
かざりびな	飾り雛	飾雛
かざりぶた	飾りぶた	飾り蓋
かざりまど	飾り窓	飾窓
かざりまわし	飾りまわし	飾り回し
かざりみみ	飾り耳	飾耳
かざりもの	飾りもの	飾り物	かざり物
かざん	火山	仮山
かし	カ氏	菓子	貸し	下賜	河岸	下士	樫	果子	仮死	仮歯	華氏	歌詞	下肢	加脂	可視	家嗣	家士	歌詩	瑕疵	過脂	貸	歌誌
かしあげ	貸し上げ	貸上
かしいしょう	貸し衣装	貸し衣裳	貸衣装	貸衣裳
かしうり	貸し売り	貸売	貸売り
かしおり	菓子折り	菓子折
かしかた	貸し方	貸方
かしかぶ	貸し株	貸株
かしかまど	貸しかまど	貸し竈
かしがさ	貸し傘	貸傘
かしき	貸記	下式
かしきり	貸切り	貸切	貸し切り
かしきりばす	貸切りバス	貸し切りバス	貸切バス
かしきん	貸金	貸し金
かしきんこ	貸し金庫	貸金庫
かしくち	貸し口	貸口
かしこし	貸し越	貸し越し	貸越	貸越し
かしさげ	貸し下げ	貸下げ
かしざしき	貸し座敷	貸座敷
かしじてんしゃ	貸し自転車	貸自転車
かしじむしょ	貸し事務所	貸事務所
かしそうこ	貸し倉庫	貸倉庫
かしだおれ	貸し倒れ	貸倒	貸倒れ
かしだし	貸出し	貸出	貸し出し
かしだま	貸し玉	貸玉
かしだる	樫だる	樫樽
かしち	貸し地	貸地
かしちん	貸し賃	貸賃
かしつ	加湿	過失	荷室	下湿	呵叱	過湿
かしつき	加湿機	加湿器
かしつけ	貸し付け	貸付	貸付け	貸しつけ	貸し付
かしつけがく	貸し付け額	貸付額
かしつけきん	貸し付け金	貸付金	貸付け金
かしつけじょうけん	貸し付け条件	貸付条件	貸付け条件	貸しつけ条件
かして	貸し手	貸手
かしてんぽ	貸し店舗	貸店舗
かしどり	樫鳥	橿鳥
かしぬし	貸し主	貸主
かしのうえん	貸し農園	貸農園
かしはがし	貸しはがし	貸し剝がし	貸し剥がし	貸し剥し
かしふ	貸し譜	貸譜
かしぶとん	貸し布団	貸布団
かしべっそう	貸し別荘	貸別荘
かしべや	貸し部屋	貸部屋
かしほん	貸し本	貸本
かしみせ	貸し店	貸店
かしめだま	カシメ玉	かしめ玉
かしゃ	仮借	火車	花車	貨車	華奢
かしゃく	仮借	挂錫	掛錫	呵責	家借	苛責
かしや	貸家	貸し家	菓子屋
かしゅ	歌手	佳酒	嫁娶	火手	火酒	貨主	華主
かしゅう	歌集	下集	何首烏	家集
かしょ	カ所	ヶ所	ヵ所	ケ所	佳所	家書	歌書	華胥	課所	個所	個処	箇所	か所
かしょう	嘉尚	嘉賞	歌唱	煆焼	過称	過賞	過少	過小	仮称	下焦	仮象	寡照	花床	花精	菓匠	和尚	火傷	河床
かしょうしんこく	過少申告	過小申告
かしょく	過食	仮植	加飾	火食	花色	可食	家職	果色	果食	稼穡	華燭	華飾	貨殖
かしわ	槲	檞	柏
かしわたし	貸し渡し	貸渡	貸渡し
かしわで	柏手	かしわ手
かしわもち	柏もち	柏餅
かしん	加振	過信	家臣	佳辰	嘉辰	家信	歌神	河神	火神	火進	痂疹	花信	花唇	花心	花神	花芯	華芯	化審
かじ	ヵ寺	ヶ寺	加持	夏時	舵	橈	楫	家事	花事	華字	訛字	譌字	遐邇	火事	梶	鍛冶	箇寺
かじか	河鹿	鰍
かじき	旗魚	梶木
かじきざ	旗魚座	梶木座	かじき座
かじし	柁師	舵師
かじつ	果実	過日	佳日	嘉日	花実	華實
かじとり	カジ取り	楫取	柁取り	梶取	楫取り	舵とり	舵取	舵取り	かじ取り	かじ取
かじば	鍛冶場	かじ場	火事場
かじや	鍛冶屋	かじ屋
かじゅ	仮授	加授	果樹
かじゅう	加重	荷重	過重	果汁	佳什	可住
かじゅつ	戈術	火術
かじょ	加除	花序
かじょう	ヵ条	ヶ条	ヶ條	加上	火定	火浄	カ条	ケ条	過剰	下情	家常	渦状	個条	箇条	か条
かじょうがき	個条書	箇条書	個条書き	箇条書き
かじん	歌人	佳人	寡人	華人	家人
かす	滓	糟	粕
かすい	下垂	仮睡	加水	歌吹	河水	花水	花穂	火水
かすいし	カス石	滓石
かすう	仮数	価数	歌数
かすげ	粕毛	糟毛
かすじる	粕汁	かす汁
かすづけ	カス漬	粕漬	粕漬け	糟づけ	糟漬け	かす漬け
かすとり	粕取	粕取り	かす取り
かすみあみ	霞網	かすみ網
かすみそう	霞草	かすみ草
かすみめ	翳み目	翳目	霞目
かすり	絣	飛白	掠り
かすりきず	掠り傷	かすり傷
かすれごえ	カスレ声	掠れ声	かすれ声
かず	数	下図	數
かずあて	数あて	数当て
かずあわせ	数合わせ	数あわせ	数合せ
かずかず	数々	数かず	数数
かずけわた	被け綿	被綿
かずとり	数取	数取り
かずら	葛	蔓	鬘
かずらばし	蔓橋	かずら橋
かせ	枷	綛
かせい	カ性	化成	加勢	火制	化生	家政	火勢	下制	仮声	仮性	加成	呵成	和声	歌聖	河清	火成	花成	苛政	苛性
かせいと	綛糸	かせ糸
かせき	化石	火石	花石	過石	過積
かせぎ	稼ぎ	挊	挊ぎ
かせぎて	稼ぎ手	かせぎ手
かせつ	仮設	架設	仮説	佳節	加設	家説	寡雪	歌節
かせまき	綛巻き	かせ巻
かせん	河川	下線	加線	化せん	化繊	哥仙	寡占	架線	歌仙	河船	火箭	花仙	貨泉	火線
かぜ	風邪	風
かぜあたり	風当たり	風当り
かぜきり	風切り	風切
かぜぐすり	カゼ薬	風邪薬	かぜ薬
かぜさわぎ	風さわぎ	風騒ぎ
かぜだま	風だま	風玉
かぜひき	風引き	風邪ひき	風邪引き
かぜまかせ	風まかせ	風任せ
かぜやみ	風やみ	風止み
かぜよけ	風よけ	風除け
かそ	過疎	可塑	家祖
かそう	火葬	ヵ荘	仮装	仮想	仮葬	下層	家相	夏巣	架装	火層	花草	夏草	箇荘
かそく	加速	仮足
かそん	カ村	ヵ村	ヶ村	箇村	か村
かぞう	加増	架蔵	家蔵
かぞえあげ	数えあげ	数え上げ
かぞえうた	数えうた	数え唄	数え歌
かぞえきれないくらい	数えきれないくらい	数え切れないくらい	数えきれない位	数え切れない位
かぞえきれないほど	数えきれないほど	数え切れないほど	数えきれない程	数え切れない程
かぞえどし	数え年	数え歳	数え齢	かぞえ年
かぞえぼう	数えぼう	数え棒
かぞく	家族	家ぞく	下属	華族
かぞくせい	家族性	家族制
かた	方	型	過多	潟	夥多	寡多	掛搭	肩	肩ァ	片	形
かたあげ	肩あげ	肩上げ	肩揚	肩揚げ
かたあし	片足	片あし	片脚	かた足
かたあて	肩当	肩当て
かたい	化体	下たい	下腿	歌体	過怠	銙帯	下体	乞丐
かたいき	片息	肩息
かたいた	型板	形板
かたいみ	方忌	方忌み
かたえ	型絵	片枝	片方
かたおか	片丘	片岡
かたおくれ	型おくれ	型遅れ
かたおこし	型起こし	型起し
かたおし	型押し	形押し
かたおち	型落ち	片落ち
かたおもい	片思い	片想い	片思
かたかけ	肩掛け	片掛け	肩かけ	肩掛
かたかな	カタ仮名	片仮名	片かな	かた仮名
かたがき	肩書	肩書き
かたがた	方々	方がた	方方
かたがわ	片側	肩側	かた側
かたがわり	肩がわり	肩代り	肩代わり	肩替り	肩替わり	型変わり
かたき	仇	敵
かたきうち	カタキ討ち	敵討ち	敵打ち	敵討
かたきやく	仇役	敵役
かたぎ	堅気	堅木	形木	容気	形気	氣質	模	気質	かた気	かた木
かたく	仮托	仮託	家宅	火宅
かたくずれ	型くずれ	型崩れ	形崩れ
かたくりこ	カタクリ粉	片栗粉	片くり粉	かたくり粉
かたこと	片言	片こと
かたこり	肩こり	肩コリ	肩凝り
かたごし	肩ごし	肩越し
かたさき	肩さき	肩先	かた先
かたすかし	肩すかし	肩透かし
かたすみ	片隅	片すみ
かたそで	片そで	片袖	肩袖
かたぞめ	型染め	型染
かたたがえ	方違	方違え
かたたたき	肩たたき	肩叩き
かただし	型出し	肩出し
かたちあて	形あて	形当て
かたちづくり	形づくり	形作り
かたちづけ	形づけ	形付け
かたっぱし	片っぱし	片っ端	片ッぱし	片ッ端
かたっぽ	片っぽ	片っ方
かたつ	下達	過達
かたつき	肩ツキ	肩つき	肩付き	肩衝	型付	型付き
かたつぎ	堅ツギ	堅継ぎ
かたづき	偏付き	片付き
かたづけ	片づけ	片付け	かた付け
かたて	片手	かた手
かたてま	片手間	片手業
かたとき	片時	片とき	かた時
かたどおり	型通り	型どおり
かたなかけ	刀掛け	刀架け
かたなかじ	刀かじ	刀鍛冶
かたながり	刀狩	刀狩り
かたなきず	刀きず	刀傷	刀疵
かたなさばき	刀さばき	刀捌き
かたなし	形無し	形なし	形無
かたぬき	型ぬき	型抜き	形抜き
かたねり	固煉	固煉り	固練り
かたは	片羽	片刃	片葉
かたはし	片端	片はし
かたはずし	片はずし	片外し
かたはだ	片肌	肩肌
かたはば	肩幅	肩はば
かたひざ	片膝	片ひざ	片ヒザ
かたひじ	片ひじ	片肘	片肱	肩ひじ	肩肘
かたひも	肩ひも	肩紐
かたぶとり	固太り	固肥り	堅太り
かたへん	方偏	片偏
かたほう	片方	片っぽう
かたほお	片頰	片ほお	片頬
かたほとり	片ほとり	片辺
かたまり	塊	固り	塊まり	塊り	固まり
かたまりにく	固まり肉	塊り肉	塊肉	かたまり肉
かたまわり	肩まわり	肩周り	肩回り
かたみ	肩身	片身	形見	筐
かたみがわり	互替り	互替わり
かたむすび	固結び	片結び
かため	固め	片眼	片目	固目	硬め
かためい	型名	形名
かためふで	固め筆	固筆
かためわざ	固め技	固技
かたもち	片持	片持ち
かたもみ	肩もみ	肩揉み
かたもん	固文	固紋
かたやき	堅焼き	固焼き
かたゆき	堅雪	かた雪
かたゆで	固ゆで	固茹で	かた茹で
かたよせ	肩よせ	肩寄せ
かたらい	語らい	契い
かたり	騙り	語り
かたりかえ	語りかえ	語り変え	語り替え
かたりくち	語り口	語りくち	語口
かたりぐさ	語りぐさ	語り種	語り草	語種	語草
かたりて	語り手	語手
かたりべ	語りべ	語り部	語部
かたりもの	語り物	語りもの	語物
かたわ	片輪	片端
かたわき	片わき	片脇
かたわく	型枠	形枠
かたわら	傍ら	側ら	傍
かたわれ	片割	片割れ	片われ
かたわれづき	片割月	片割れ月
かたん	加担	荷担	下端	化痰	可鍛	華誕
かだい	課題	過大	仮題	架台	歌題	花台
かだん	果断	花壇	歌壇	花だん	下段
かち	勝ち	勝	価値	褐	徒	徒士
かちいくさ	勝いくさ	勝ちいくさ	勝ち戦	勝ち戦さ	勝ち軍	勝戦
かちいろ	勝ち色	褐色	かち色
かちうま	勝馬	勝ち馬
かちがしら	勝ち頭	徒頭
かちき	勝ち気	勝気
かちく	家畜	家ちく	花竹	華竹
かちぐみ	勝ち組	勝組	徒士組	徒組
かちぐり	勝ち栗	勝栗	搗栗	かち栗
かちてん	勝ち点	勝点
かちどき	鬨	勝ちどき	勝ち鬨	勝どき	勝鬨
かちなのり	勝ち名のり	勝ち名乗り	勝名乗り
かちふね	勝ち舟	勝舟
かちぼし	勝ち星	勝星
かちまけ	勝負	勝ち負け	勝ち敗け
かちみ	勝ちみ	勝ち味	勝ち身	勝味
かちめ	勝ち目	勝ちめ	勝目
かちゅう	火中	渦中	下注	歌中	花柱	花虫	華中	華冑	華胄	家中
かちょう	ヵ町	可聴	家長	花鳥	加徴	科長	花庁	課徴	課長	加重	箇町	過重	化調
かちわたり	徒渡り	かち渡り
かちわり	搗ち割	搗ち割り	搗割	搗割り	かち割	かち割り
かっ	核	角
かっか	閣下	核果	隔靴
かっかい	各界	角界
かっかん	覚官	客観
かっき	活気	画期	劃期	嚇機	客気
かっきてき	画期的	劃期的
かっきん	恪勤	隔勤
かっけ	脚気	角餉
かっけつ	喀血	かっ血
かっこ	恰好	括弧	格好	各戸	羯鼓	鞨鼓	各個
かっこう	格好	恰好	滑降	滑腔	藿香	角行	郭公
かっさい	喝さい	喝釆	喝采	喝采	活彩
かっし	甲子	割糸
かっしゃ	活写	滑車
かっしょく	カッ色	褐色	褐色	かっ色
かっすい	渇水	活水
かっせい	活性	滑性
かっせん	合戦	割線	活栓
かっそう	滑走	滑奏	割創	褐藻
かったん	咯痰	褐炭
かっちゅう	甲冑	甲胄	褐虫
かってもの	カッテ者	勝手者
かっぱ	合羽	河童	喝破	川童
かっぱあたま	カッパ頭	河童あたま	河童頭
かっぱな	河童菜	かっぱ菜
かっぱまき	河童巻	河童巻き
かっぱらい	掻っ払い	掻払い	かっ払い
かっぱん	活版	褐斑
かっぷく	割腹	恰幅	格幅	かっ幅
かっぽ	カッ歩	活歩	濶歩	闊歩	かっ歩
かっぽうぎ	割烹着	かっぽう着
かつ	喝	渇	活
かつあい	割愛	渇愛
かつえじに	飢え死に	かつえ死に
かつお	鰹	松魚
かつおぎ	鰹木	鰹魚木
かつおせん	鰹船	かつお船
かつおつり	カツオ釣り	鰹釣り	かつお釣り
かつおどり	鰹鳥	かつお鳥
かつおのたたき	鰹のタタキ	鰹のたたき
かつおぶし	カツオ節	鰹節	かつお節	かつを節
かつおぶね	鰹船	かつお舟
かつおりょう	カツオ漁	鰹漁	かつお漁
かつぎ	被衣	担ぎ
かつぎて	担ぎ手	かつぎ手
かつぎぼう	担ぎ棒	かつぎ棒
かつじゅう	カツ重	かつ重
かつじん	活人	活神
かつぜつ	活舌	滑舌
かつどう	活動	活どう	喝道	滑動
かつどうか	活動化	活動家
かつどん	カツ丼	かつ丼
かつぶし	カツ節	かつ節
かつぶつ	活仏	活物
かつま	羯磨	勝間
かつめん	割面	滑面
かつやく	活躍	活やく	括約
かつゆ	滑油	活喩
かつよう	活用	濶葉	闊葉
かつら	鬘	桂
かつらいた	桂板	かつら板
かつらざい	カツラ材	桂材
かつらむき	カツラ剥き	桂むき	桂剥き
かつれい	割礼	蛞蠡
かて	糧	糅	粮
かてい	課程	仮定	家庭	過程	家てい	下底	河底
かてちがい	カテ違	カテ違い
かてめし	糅飯	かて飯
かてん	加添	火点	加点
かでん	架電	荷電	訛伝	家電	家伝	火田	火電	瓜田	花鈿	課田
かと	過渡	河図	蝌蚪
かとう	加糖	下等	過当	花頭	仮痘	可倒	可撓	家統	寡糖	寡頭	果糖	火灯	火盗	瓦灯	花燈	花闘	華頭	顆頭
かとく	家督	寡徳	果徳	稼得	科特
かとり	縑	蚊とり	蚊取	蚊取り
かとん	可敦	火遁
かとんぼ	蚊とんぼ	蚊トンボ	蚊蜻蛉
かど	角	家奴	火土	火度	廉	門
かどいし	燧石	稜石	角石
かどう	稼働	稼動	河道	歌道	可動	家道	渦動	火道	華道	花道
かどうぶ	可動部	華道部
かどがまえ	門構	門構え
かどぐち	門口	かど口
かどちがい	門ちがい	門違い
かどづけ	角づけ	角付け	門づけ	門付	門付け
かどで	門出	首途
かどなみ	門並	門並み
かどばん	カド番	角番	かど番
かどゆえ	才故	かど故
かな	仮名	仮字
かなあみ	金網	金あみ	金アミ
かない	家内	課内
かながき	仮名書	仮名書き	カナ書き	かな書き
かなきり	金切り	金切
かなきりごえ	金切り声	金切声
かなくぎ	金くぎ	金釘
かなくず	金くず	金屑
かなぐさり	金ぐさり	金鎖
かなぐし	金ぐし	金串
かなぐつ	金沓	鉄沓
かなけ	金気	鉄気
かなこぎ	金扱ぎ	鉄扱
かなざる	金ざる	金笊
かなしき	金敷	金敷き	鉄敷
かなしばり	金縛り	金しばり
かなしみ	悲しみ	哀しみ
かなしみびと	悲しみびと	悲しみ人
かなだらい	金だらい	金盥
かなつんぼ	金つんぼ	金聾
かなづかい	仮名遣い	仮名づかい	仮名遣ひ	仮名遣	かな遣い
かなづち	金づち	金槌
かなてこ	金てこ	金挺子	鉄梃
かなとこ	金とこ	金床	鉄床	鉄砧
かなのこ	金ノコ	金鋸	金のこ
かなばさみ	金ばさみ	金鋏
かなぶん	金蚉	仮名文
かなぼう	金棒	鉄棒
かなまじり	仮名交じり	仮名交り
かなまり	金椀	金碗	金鋺	鋺
かなむぐら	葎草	金葎
かなよみ	仮名読	仮名読み
かなん	和南	火難
かにあし	カニ足	蟹足
かにあるき	カニ歩き	蟹歩き
かにえさ	カニ餌	蟹餌
かにかご	カニ籠	蟹籠
かにかん	カニ缶	蟹缶	かに缶
かにく	果肉	花肉
かにざ	蟹座	かに座
かにじる	カニ汁	蟹汁
かにすじ	カニ筋	蟹筋
かにたま	カニ玉	蟹玉	かに玉
かにち	箇日	か日
かにとり	カニ捕り	蟹取り	蟹採り
かににく	カニ肉	蟹肉	かに肉
かにば	蟹場	蟹葉
かにばさみ	カニ挾み	蟹挟み
かね	鉦	金	鐘	鉄漿	矩	鉄
かねあい	兼ね合い	兼合い	かね合い
かねあつめ	カネ集め	金集め
かねあまり	カネ余り	金余り
かねうり	金売	金売り
かねかし	金貸し	金貸
かねかせぎ	金かせぎ	金稼ぎ
かねくい	カネ食い	金喰い	金食い
かねごえ	金肥	金肥え
かねざし	矩尺	矩差	矩差し
かねじゃく	曲尺	矩尺	かね尺
かねたたき	鉦叩	鉦叩き	鐘たたき
かねつ	過熱	加熱	火熱
かねつき	鐘つき	鐘撞	鐘撞き	過熱器	加熱器
かねづか	カネ塚	金塚
かねづかい	カネ使い	金遣い	金づかい	金使い
かねづつみ	金包	金包み
かねづまり	金づまり	金詰まり	金詰り
かねづる	金づる	金ヅル	金蔓
かねのなるき	金のなる木	金の生る木
かねはり	鉦はり	鉦張り
かねばらい	カネ払い	金払い
かねほり	金掘	金掘り
かねまいり	金参り	金詣り
かねまみれ	金まみれ	金塗れ
かねまわり	金まわり	金回り
かねめ	カネ目	金目	金め
かねもうけ	カネ儲け	金儲け	金もうけ
かねもち	カネ持ち	金持ち	金もち	金持
かねやすり	金やすり	金ヤスリ	金鑢
かねん	カ年	ケ年	ヵ年	ヶ年	加年	可燃	過年	箇年	個年	か年
かねんごみ	可燃ゴミ	可燃塵	可燃ごみ
かのう	化膿	嘉納	過納
かのうがく	過納額	可能額
かのうせい	可能性	化膿性
かのこ	鹿の子	鹿子
かはい	加配	下肺	下輩	歌俳
かはく	下膊	下薄	仮泊	河伯	科白
かはん	加判	川畔	河畔	可搬	火伴	過般	過半
かば	河馬	樺	蒲
かばいだて	庇いだて	庇い立て	かばい立て
かばいて	庇い手	かばい手
かばいろ	樺色	蒲色	かば色
かばしら	蚊ばしら	蚊柱
かばつ	科罰	過伐
かばね	屍	屍骨	姓
かばやき	カバ焼	カバ焼き	樺焼	蒲焼	蒲焼き	かば焼き
かばらい	過払い	過払
かばらいきん	過払い金	過払金
かばん	下番	革包	鞄
かばんえらび	カバン選び	鞄選び
かばんじょう	カバン錠	鞄錠
かばんもち	カバン持ち	鞄持ち	かばん持ち
かひ	下婢	歌碑	可否	下碑	果皮	花被
かひょう	下表	価標	華表
かび	華美	黴
かびきん	黴菌	かび菌
かびしゅう	カビ臭	黴臭	かび臭
かびとり	カビ取り	黴取り
かびどく	黴毒	カビ毒
かびよごれ	カビ汚れ	黴汚れ	かび汚れ
かびん	過敏	花瓶	花びん
かぴたん	加比丹	甲比丹
かふ	下附	下付	家父	花譜	下布	家扶	家譜	寡夫	寡婦	火夫	葭莩
かふう	仮封	歌風	家風	下風
かふく	下腹	禍福
かふこうじょ	寡夫控除	寡婦控除
かふん	花粉	果粉
かぶ	株	歌儛	歌舞	蕪	顆部	下部
かぶか	カブ価	株価
かぶき	冠木	哥舞妓	歌舞妓	歌舞伎
かぶきおどり	歌舞伎おどり	歌舞伎踊り	かぶき踊り
かぶきもの	歌舞伎者	かぶき者
かぶしきこうかいかいつけ	株式公開買い付け	株式公開買付	株式公開買付け
かぶせあみ	被せ網	かぶせ網
かぶせちゃ	被せ茶	かぶせ茶
かぶせもの	被せ物	かぶせ物
かぶだち	株立	株立ち
かぶつち	頭椎	頭槌
かぶと	兜	冑	盔	甲
かぶとかざり	兜飾り	かぶと飾り
かぶとくび	兜首	冑首
かぶとづくり	カブト造り	兜造り
かぶとに	カブト煮	兜煮	かぶと煮
かぶとむし	カブト虫	甲虫	かぶと虫
かぶとわり	兜割り	かぶと割り
かぶもと	株元	株もと
かぶら	蕪	蕪菁	鏑
かぶらずし	蕪鮓	蕪鮨	かぶら寿し
かぶらな	蔓菁	蕪菜
かぶらや	鏑矢	かぶら矢
かぶり	被り	齧り	頭
かぶりもの	被り物	冠り物	被りもの	かぶり物
かぶりゆ	被り湯	かぶり湯
かぶろ	禿	禿髪
かぶわけ	株わけ	株分け
かぶん	寡聞	歌文	訛聞
かへい	貨幣	寡兵	果柄	火兵
かへき	下壁	家壁
かへん	カ変	下辺	可変	佳編	花片
かべかけ	壁かけ	壁掛	壁掛け
かべかざり	壁かざり	壁飾り
かべぎわ	壁際	壁ぎわ
かべぞい	壁ぞい	壁沿い
かべつなぎ	壁つなぎ	壁繋ぎ
かべづくり	壁造り	壁作り
かほう	下放	下方	加封	果報	火砲	火炮	加俸	加法	苛法	過褒	家法	家宝
かほん	禾本	家本
かぼく	花木	家僕	菓木
かぼすす	臭橙酢	かぼす酢	カボス酢
かぼん	火盆	花盆
かま	罐	窯	釜	竈	鎌
かまあげ	釜揚げ	釜あげ	釜上げ	かま揚げ
かまあな	カマ穴	釜穴
かまい	構い	構
かまいり	釜炒り	釜煎り
かまえ	構え	構
かまくび	鎌首	かま首
かましき	釜敷	釜敷き	かま敷き
かます	叺	魳
かまたき	缶焚き	罐焚き
かまだき	釜だき	釜炊き
かまだし	窯だし	窯出し
かまづくり	窯づくり	窯作り
かまどあと	カマド跡	竃跡
かまどめ	窯止め	鎌止め
かまば	窯場	釜場
かまぼこいた	カマボコ板	蒲鉾板	かまぼこ板
かまぼこづくり	カマボコ作り	蒲鉾作り
かまめし	釜めし	釜飯	かま飯
かみ	頭	カ申	紙	神	髪	加味	上	佳味	守	噛み	帝	正
かみあい	噛み合い	かみ合い
かみあじ	噛み味	かみ味
かみあり	神在	神在り	神有	神有り
かみあわせ	噛みあわせ	噛み合わせ	かみ合わせ
かみいじり	髪いじり	髪弄り
かみいれ	紙いれ	紙入	紙入れ
かみおくり	神送り	紙送り
かみおさえ	紙おさえ	紙押さえ	紙押え
かみおしろい	紙おしろい	紙白粉
かみおむつ	紙おむつ	紙オムツ	紙御襁褓
かみおろし	神おろし	神下し	神下ろし	神降し	神降ろし
かみかくし	神隠し	神かくし
かみかざり	髪飾り	髪かざり
かみかぜ	神風	神風
かみかたち	髪かたち	髪形
かみがかり	神がかり	神憑り	神懸かり	神懸り	神馮り
かみがた	髪型	上方	髪形	かみ型
かみがみ	神々	神がみ	神神
かみきず	噛み傷	嚙み傷	かみ傷
かみきり	髪切り	紙切	紙切り	髪切	紙きり
かみきれ	紙切れ	紙きれ
かみくず	紙くず	紙クズ	紙屑
かみぐせ	噛みグセ	噛み癖	かみ癖
かみこ	紙子	紙衣	髪粉
かみごて	髪ごて	髪鏝
かみごみ	紙ごみ	紙ゴミ	紙塵
かみざら	紙ざら	紙皿
かみしつ	紙質	髪質
かみしばい	紙芝居	紙しばい
かみしも	裃	上下
かみすき	紙すき	紙漉	紙漉き	髪すき	髪梳き
かみそり	刀剃	剃刀	髪剃
かみたば	紙束	髪束
かみたばこ	噛みタバコ	噛み煙草	噛みたばこ
かみだのみ	神だのみ	神頼み
かみつ	過密	花蜜
かみつぶて	紙つぶて	紙礫
かみづくり	紙づくり	紙作り
かみづつみ	紙づつみ	紙包	紙包み
かみづまり	紙詰まり	紙づまり
かみて	上手	かみ手
かみとり	噛み取り	神鳥
かみどめ	髪どめ	髪留め
かみなり	雷	神鳴	雷鳴り	靁
かみなりおやじ	雷おやじ	雷親父
かみなりとかげ	雷トカゲ	雷蜥蜴
かみなりばば	雷ババア	雷婆	雷婆あ
かみのけ	髪	髪の毛	髪毛
かみのけざ	髪座	かみのけ座
かみはらい	神掃い	神攘い	神祓い
かみはん	紙はん	紙版	紙販	上半
かみばさみ	紙ばさみ	紙挟み
かみひも	紙ひも	紙紐
かみびな	紙雛	紙びな	神雛
かみふだ	神札	紙札
かみふぶき	紙ふぶき	紙吹雪
かみぶくろ	紙袋	髪袋
かみぶた	紙ぶた	紙蓋
かみまき	紙巻	紙巻き
かみまきたばこ	紙巻きタバコ	紙巻き煙草	紙巻きたばこ
かみまつり	カミ祭り	神祀り	神祭り
かみもうで	神もうで	神詣	神詣で
かみやすり	紙やすり	紙ヤスリ	紙鑢
かみゆい	髪結	髪結い
かみよ	神代	神代
かみわざ	神わざ	神技	神業
かみん	夏眠	仮眠	寡民
かむりづけ	冠付	冠付け
かむろ	禿童	禿
かめ	亀	甕	瓶
かめい	加盟	下命	下名	家名	果名	科名	花名	花明	課名	仮名
かめかん	瓶棺	甕棺	かめ棺
かめがわ	亀革	かめ革
かめのこう	亀の甲	かめの甲
かめのこだわし	亀の子ダワシ	亀の子束子	亀の子だわし
かめむし	亀虫	かめ虫
かめもく	亀目	かめ目
かめん	仮面	下面	果面
かも	鴨	氈
かもあつかい	カモ扱い	鴨扱い
かもがみ	カモ神	鴨神
かもく	科目	課目	寡黙
かもしか	怜羊	羚羊
かもしかあし	カモシカ脚	羚羊脚
かもしかがり	カモシカ狩り	羚羊狩り
かもねぎ	鴨ネギ	鴨葱
かもめ	鷗	鴎
かもめか	カモメ科	鴎科
かもめどり	鴎鳥	鷗どり
かもりょう	鴨猟	かも猟
かもん	下問	家紋	家門	渦文	渦紋	花門	花紋	花文	掃部
かや	蚊屋	蚊帳	萱	茅	榧
かやく	化薬	火薬	仮訳	佳約	加役	加薬	可約	火厄	課役
かやくごはん	加薬ごはん	加薬御飯	加薬ご飯
かやつりぐさか	莎草科	カヤツリグサ科
かやはら	茅原	萱原
かやぶき	カヤ葺き	茅ぶき	茅葦き	茅葺	茅葺き	萱ぶき	萱ブキ	萱葺	萱葺き
かやまち	蚊帳待	蚊帳待ち
かやり	蚊やり	蚊遣	蚊遣り
かゆみどめ	痒み止め	かゆみ止め
かよ	箇夜	駕輿
かよいあな	通い穴	通ひ穴
かよいじ	通い路	通路
かよいちょう	通い帳	通帳
かよいばこ	通い箱	通函	通箱
かよう	火曜	火よう	歌謡	可溶	花容	花葉	荷葉	家用
かようせい	可用性	可溶性
かよく	寡慾	寡欲
から	迦羅	空	殻	幹
からあげ	唐揚げ	空揚	空揚げ	唐揚	から揚げ
からい	花蕾	火雷
からいけ	カラ池	空池
からいり	乾煎り	唐入り	空いり	空炒り	から炒り	から煎り
からうた	唐歌	漢詩	から歌
からうま	カラ馬	空馬
からうり	カラ売り	空売り	空売
からえずき	空えずき	空嘔
からおけ	空オケ	空桶	から桶
からおり	唐織	唐織り
からかご	空かご	空籠
からかし	カラ貸し	空貸し
からかみ	唐紙	韓神
からがい	空買	空買い
からくさ	唐艸	唐草
からくじ	空くじ	空籤
からくり	絡繰	絡繰り
からくりじかけ	絡繰仕掛け	からくり仕掛け
からくりやしき	絡繰屋敷	からくり屋敷
からくれない	唐紅	韓紅
からげ	搦げ	絡げ
からごえ	枯声	殻肥
からごころ	唐心	漢心	漢意
からさわぎ	空騒	空騒ぎ	から騒ぎ
からざお	殻竿	連枷
からし	辛子	芥子
からしいろ	芥子色	辛子色	からし色
からしづけ	芥子漬け	辛子漬け	芥子漬	からし漬け
からしな	芥子菜	からし菜
からしばたけ	カラシ畑	芥子畑
からしゆ	芥子油	からし油
からす	鴉	烏
からすがい	カラス貝	烏貝	からす貝
からすき	唐鋤	犂
からすぐち	烏口	からす口
からすざ	烏座	からす座
からすなき	烏鳴き	からす鳴き
からすねこ	烏猫	鴉猫
からすばばあ	烏婆	烏婆あ
からすむぎ	カラス麦	烏麦	からす麦
からせき	乾咳	空せき	空咳
からたけ	唐竹	幹竹
からだ	体	軀	躰	身体
からだあらい	体洗い	身体洗い	からだ洗い
からだき	空だき	空炊き	空焚き
からだつき	体つき	体付	体付き	身体つき	躰つき	軀つき
からだづくり	カラダ作り	体づくり	体作り	身体づくり	身体作り
からだほぐし	体ほぐし	体解し
からっかぜ	空っ風	からっ風
からづみ	空積	空積み
からづり	空釣	空釣り
からなべ	空なべ	空鍋
からに	空荷	から荷
からぬい	空ぬい	空縫い
からはし	唐橋	空橋
からばたらき	空働	空働き
からぶかし	空ぶかし	空吹かし
からぶき	乾拭き	空ぶき
からぶね	空舟	空船
からぼり	空濠	空堀
からまつ	カラ松	唐松	落葉松	から松
からまわり	空まわり	空回り
からみ	緘	搦み	搦	辛味	辛み	空身	絡み	から味
からみざけ	絡み酒	からみ酒
からみぜめ	カラミ攻め	絡み攻め
からみそ	辛味噌	辛みそ
からみだれ	辛み垂れ	辛味ダレ
からみもち	絡み餅	からみ餅
からむし	枲	苧	苧麻
からめて	搦手	搦め手	からめ手
からめなわ	搦め縄	からめ縄
からやき	カラ焼き	空焼き	から焼き
かり	仮	訶梨	加里	ヶ里	狩り	仮り	借り	狩	下吏	雁	鴈	刈	借	箇里	刈り
かりあげ	借上げ	借り上げ	刈りアゲ	刈り上げ	刈上げ	借上	借りあげ
かりあげりょう	借り上げ料	借上料
かりいれ	借入	借り入れ	借入れ	刈り入れ	穫り入れ	かり入れ
かりいれきかん	借入期間	借り入れ期間	借入れ期間
かりいれさき	借入先	借り入れ先	借入れ先
かりうけ	仮受	仮受け	借受
かりうけきん	仮受金	借受金
かりかえ	借り換え	借換	借換え	借替	借替え	借りかえ	借り替え
かりかえけいさん	借り換え計算	借換え計算	借換計算
かりかす	刈りカス	刈り滓
かりかた	借り方	借方
かりかぶ	刈り株	刈株
かりがね	雁がね	雁が音
かりぎ	借り着	借着
かりぎぬ	狩衣	借衣
かりくい	刈杙	苅杙	仮杭
かりくさ	刈り草	刈草
かりこし	借り越	借り越し	借越	借越し
かりこみ	刈り込み	刈込	刈込み	狩り込み	狩込み
かりしき	刈敷	苅敷
かりじめ	仮締	仮締め
かりすがた	狩り姿	狩姿
かりずまい	仮住まい	仮住い
かりつか	仮り柄	仮柄
かりて	借り手	借手	刈り手
かりとじ	仮とじ	仮綴	仮綴じ
かりとり	刈り取り	刈取	刈取り	かり取り
かりどめ	仮どめ	仮止め	仮留め
かりぬし	借り主	借主
かりはらい	刈り払い	刈払	刈払い
かりば	狩り場	狩場	かり場
かりばらい	仮払	仮払い
かりばらいきん	仮払い金	仮払金
かりばり	仮貼	仮貼り
かりひも	仮ひも	仮紐
かりほ	刈り穂	刈穂
かりぼし	刈り干し	刈干し
かりまめ	刈豆	苅豆
かりみつもり	仮見積もり	仮見積り	仮見積
かりむぎ	刈麥	刈麦
かりもの	借り物	借りもの	借りモノ	借物
かりやす	刈安	青茅
かりゅう	加硫	下流	花柳	果粒	河流	渦流	火竜	火龍	顆粒
かりょう	加療	下僚	佳良	禾りょう	科料	過料	過量
かりょうびんが	伽陵頻迦	迦陵頻伽	迦陵頻迦
かりょく	火力	夏緑
かりわたし	仮渡	仮渡し
かりん	花林	花梨
かるた	加留多	歌留多	骨牌
かるのり	軽乗り	軽乗
かるやき	軽焼	軽焼き
かれ	枯	涸	枯れ
かれあし	枯れアシ	枯れ葦	枯葦	枯蘆
かれあじさい	枯れアジサイ	枯れ紫陽花
かれい	過冷	華麗	佳麗	鰈	加齢	下令	嘉例	家令	家例	家礼	火霊	花翎
かれいけ	枯れ池	涸れ池	涸池
かれいねらい	カレイ狙い	鰈狙い
かれいろ	枯れ色	枯色
かれうけ	彼ウケ	彼受け
かれえだ	枯れ枝	枯枝
かれかや	枯れ萱	枯萱
かれがわ	涸れ川	涸川	かれ川
かれき	枯れ木	枯木
かれくき	枯れ茎	枯茎
かれくさ	枯れ草	枯草	かれ草
かれこだち	枯木立	枯れ木立
かれしば	枯れ芝	枯芝	かれ芝
かれすすき	枯れすすき	枯れススキ	枯れ薄
かれの	枯れ野	枯野
かれは	枯れ葉	枯葉
かれはす	枯れ蓮	枯蓮
かれぶし	枯れ節	枯節
かれやなぎ	枯れ柳	枯柳
かれやま	枯れ山	涸れ山	枯山
かれん	下聯	苛斂
かろ	夏炉	火炉
かろう	家老	過労	括楼	河漏	花郎	菓楼
かろん	家論	歌論	花論
かわ	川	革	皮	河	佳話	歌話
かわあかり	川明かり	川明り	河明り	河明かり
かわあそび	川あそび	川遊び	河遊び
かわいこ	可愛子	かわい子
かわう	河う	河鵜
かわうそ	川獺	獺
かわうそがり	カワウソ狩り	川獺狩り
かわえび	川エビ	川海老
かわおと	川音	河音
かわおどし	革威	韋威
かわおび	皮帯	革帯
かわかぜ	川かぜ	川風	河風
かわかばん	革カバン	革鞄
かわがらす	川烏	川鴉
かわがり	川狩	川狩り	河狩り
かわがわ	川側	皮側
かわき	渇き	乾き
かわきかけ	乾きかけ	乾き掛け
かわきじに	乾き死に	渇き死に
かわきはだ	乾き肌	乾肌
かわきもの	乾きもの	乾き物
かわきり	皮切り	皮きり	皮切
かわぎし	河岸	川岸	川ぎし
かわぐ	皮具	革具
かわぐち	川口	河口
かわぐつ	皮靴	皮鞋	革ぐつ	革沓	革靴
かわご	皮籠	皮ご
かわざらえ	川ざらえ	川浚え
かわしも	川下	河下
かわじり	川じり	河尻	川尻
かわすじ	川すじ	川筋	河筋
かわせ	為替	川瀬
かわせい	革製	皮製
かわせいひん	革製品	皮製品
かわせみ	川蝉	翡翠	鴗
かわそう	皮装	革装
かわぞい	川ぞい	川添い	川沿い
かわぞこ	川底	皮底	革底
かわたけ	川竹	河竹
かわたび	革足袋	韋足袋
かわたろう	川太郎	川童	河太郎
かわっぷち	川っぷち	川っ縁	河っぷち
かわつなぎ	革ツナギ	革繋ぎ
かわづくり	川づくり	川作り	皮作り	皮造り
かわづつみ	皮包	皮包み
かわづら	川づら	川面
かわとじ	皮綴	皮綴じ	革とじ	革綴	革綴じ
かわとんぼ	川とんぼ	川蜻蛉
かわどこ	河床	川床
かわどめ	川止	川止め	川留	川留め
かわなみ	川並	川波
かわはぎ	皮はぎ	皮剥	皮剥ぎ
かわはば	川幅	川はば	川巾	河幅
かわばり	皮張り	革張り
かわひも	皮ひも	皮紐	革ひも	革ヒモ	革紐
かわふたぎ	川ふたぎ	川塞ぎ
かわふね	川舟	川船
かわぶくろ	皮袋	革袋
かわぶね	皮舟	革舟	川船	河舟	川舟
かわべ	川辺	川べ
かわべり	川縁	河べり	川べり
かわみなと	川港	川湊
かわむかい	川向い	川向かい
かわむき	皮むき	皮剥	皮剥き
かわむけ	皮ムケ	皮剥け
かわむこう	川向う	川向こう	河向う	河向こう
かわも	川面	河面	川藻
かわや	厠	廁
かわやなぎ	楊柳	水楊	川柳
かわよろい	皮鎧	革鎧
かわら	河原	川原	磧	瓦
かわらいし	河原石	川原石
かわらづくり	瓦づくり	瓦作り
かわらぶき	瓦葺き	瓦ぶき	瓦葺
かわり	代わり	代り	代はり	替り	替わり	変わり	変り
かわりいと	変わり糸	変り糸
かわりごはん	変わりごはん	変わりご飯	変わり御飯
かわりざら	変わり皿	かわり皿
かわりだね	変り種	変わりダネ	変わり種
かわりぬり	変わり塗	変わり塗り	変り塗
かわりばえ	代り映え	代わりばえ	代わり映え	変わりばえ	変わり映え	かわり映え
かわりばな	代わりばな	代わり端	代り端
かわりばん	代り番	代わり番
かわりびな	変わりびな	変わり雛	変り雛
かわりみ	変わり身	変り身	かわり身
かわりめ	変わり目	変り目	変わりめ
かわりめし	変り飯	変わり飯
かわりもの	変わり者	変りもの	変り者	変わりもの
かわりょう	川漁	川猟
かん	汗	缶	感	管	官	韓	完	鑑	勘	鑒	姧	奸	坎	姦	嵌	澗	燗	疳	癇	稈	緘	艱	鐗	鐶	鹹	灌	款	歓	簡	冠	巻	寛
かんあく	奸悪	姦悪	かん悪
かんあん	勘案	観闇
かんい	冠位	官位	巻衣	幹囲	敢為
かんいり	缶入	罐入り	缶入り
かんいん	姦淫	完飲	官印	官員	官韻	漢印	関尹	館印	館員
かんう	換羽	冠羽	寰宇
かんうん	寒雲	閑雲
かんえい	完泳	貫盈	函衛	官営	環衛	艦影
かんえつ	感悦	簡閲	観閲
かんえん	肝炎	乾塩	官園	肝縁
かんおう	感応	陥凹	乾黄	漢王	観桜
かんおけ	棺おけ	棺桶
かんおん	感恩	寒温	幹音	感温	感音	漢音	甘温
かんか	感化	換価	看過	管貨	看花	寛仮	干戈	患家	管下	観花	轗軻	閑暇
かんかい	勧戒	寛解	緩解	奸魁	官階	感懐	環海	歓会	官界
かんかく	感覚	感覺	扞格	間隔	間かく	棺槨	看客	貫革
かんかつ	管轄	寛濶	寛闊	奸猾
かんかん	侃々	侃侃	官官	感官	汗管	漢奸	漢簡	看貫	観艦	諫官
かんが	閑雅	冠芽	官衙	換鵞	観鵞
かんがい	潅がい	潅漑	灌がい	灌漑	寒害	干害	患害	旱害	棺外	灌概	管外	艦外	関外	館外	感慨
かんがえ	考え	考
かんがえごと	考え事	考えごと
かんがえちがい	考え違い	考えちがい
かんがえもの	考えもの	考え物	考へ物
かんがく	漢学	勧学	管楽	観額	官学
かんがっ	漢学	官学
かんがん	宦官	汗顔	肝がん	肝癌
かんき	歓喜	喚起	換気	還帰	乾期	乾季	勘気	姦鬼	官紀	官記	官騎	寒季	悍気	管窺	寒気	かん気	間期
かんきつ	柑橘	奸譎	姦譎	甘橘
かんきゃく	観客	閑却	冠脚
かんきゅう	官給	感泣	緩急	乾球	環球
かんきょ	官許	閑居	管渠	鑵据
かんきょう	緩頬	緩頰	環境	艦橋	乾姜	乾薑	喚叫	干姜	感興	還京	還郷	漢鏡	かん境
かんきょうしょう	環境省	環境相
かんきり	缶切	缶切り
かんきん	監禁	換金	官金	寒禽	桿菌	看経
かんぎ	咸宜	官妓	旱岐	諌議	歓喜
かんぎく	寒菊	観菊
かんぎょ	還御	乾魚	干魚
かんぎょう	勧業	寒行	観経	諫暁	官業
かんぎょく	嵌玉	漢玉
かんぎん	感吟	閑吟
かんく	管区	冠句	寒苦	甘苦	艱苦
かんぐり	勘ぐり	勘繰り
かんぐん	官軍	管群	艦群
かんけい	関係	関けい	関繫	關係	還啓	簡勁	完形	奸計	姦計	換刑	環形	管形	管径	肝経
かんけつ	完結	観血	簡潔	汗血	肝血	間けつ	間欠	間歇	陥欠
かんけつせん	間欠泉	間歇泉
かんけり	カン蹴り	缶蹴り
かんけん	管見	乾繭	勘検	官憲	官権	艱険	関鍵	關鍵
かんげ	勧化	勘解
かんげいこ	寒稽古	寒げいこ
かんげき	感激	観劇	感げき	間隙	間げき
かんげつ	寒月	観月
かんげん	管弦	換言	諌言	諫言	還元	管絃	寒厳	甘言	寛厳	漢現	還源
かんげんがく	管弦楽	管絃楽
かんこ	乾固	喚呼	歓呼	閑古	官庫	官戸	閑枯	鹹湖
かんこう	観光	刊行	勘校	勘考	完工	完航	感光	敢行	箝口	緘口	緩行	還幸	寛厚	慣行	緩効	勧工	勧降	官公	官行	寒候	幹校	款項	環孔	甘汞	管口	緩衡	艦攻	閑曠	関公	かん光	かん口
かんこうか	観光課	観光科
かんこうちょう	官公庁	観光庁
かんこうれい	箝口令	かん口令
かんこく	勧告	陥谷
かんこくご	韓国語	韓國語
かんこくし	韓国史	韓国紙
かんこくせん	韓国戦	韓国船
かんこつ	完骨	換骨	顴骨
かんこん	冠根	還魂	冠婚
かんご	看護	感悟	監護	閑語	漢語	喚語	巻後	観護	韓語
かんごう	勘合	感合	乾濠	嵌合	巻号	環壕	環濠
かんごし	看護士	看護師
かんさ	監査	感作	鑑査
かんさい	完済	簡裁	漢才	艦載	監査委
かんさいぼうがん	肝細胞がん	肝細胞ガン	肝細胞癌
かんさく	間作	奸策
かんさつ	監察	観察	鑑札	寒殺	間擦
かんさつし	監察使	観察使
かんさば	寒サバ	寒鯖
かんさやく	監査役	鑑査役
かんさん	換算	閑散	汗衫	甘酸	かん算
かんざい	管財	寒剤	官財
かんざし	簪	釵	髪状
かんざらし	寒ざらし	寒晒	寒晒し
かんざわら	寒ザワラ	寒鰆
かんし	監視	漢詩	勧試	諌止	諌死	諫止	諫死	看視	冠詞	乾屍	官司	干支	患歯	患肢	患趾	敢死	環指	環視	監司	簡史	鉗子	韓紙	観視	かん子
かんしき	鑑識	乾式	韓式	環式
かんしせん	官私線	監視船
かんしつ	乾漆	乾湿	間質
かんしゃ	感謝	官舎	甘しゃ	甘蔗	監舎	観者
かんしゃく	官爵	癇癪	緩釈
かんしゃくだま	癇癪玉	かんしゃく玉
かんしゅ	感取	観取	看取	館守	看守	看手	勧酒	官主	巻首	監守	管主	管守	肝腫	艦種	艦首	館種	館主
かんしゅう	監修	観衆	官修	慣習
かんしゅつ	間出	干出
かんしょ	官署	寒暑	漢初	甘しょ	甘蔗	甘薯	甘藷	関雎
かんしょう	観賞	干渉	管掌	鑑賞	勧奨	勧賞	完勝	感賞	緩衝	観照	癇症	簡捷	感傷	冠省	冠称	奸商	姦商	官償	寒松	寒証	棺床	環礁	癇性	観象
かんしょく	間食	感触	閑職	冠色	完食	官職	寒色	寒食	感色	間色
かんしん	感心	関心	奸臣	姦臣	完新	寒心	感震	歓心	甘心	管針	観心	諌臣	かん心
かんじ	感じ	漢字	幹事	感ぢ	感ジ	監事	勘事	官寺	寒時	巻次	患児	かん字	官事
かんじく	巻軸	環軸	管軸
かんじゃ	患者	奸邪	勘者	寒邪	間者	冠者
かんじゃもうしでりょうよう	患者申出療養	患者申し出療養
かんじゅ	感受	甘受	貫主	貫首	官需	巻数
かんじゅう	艱渋	缶汁	間充
かんじゅく	完熟	慣熟
かんじゅせい	感受性	甘受性
かんじょ	寛恕	官女	緩徐
かんじょう	勘定	勘じょう	勧請	感情	艦上	乾浄	簡浄	環状	冠状	勘状	喚情	干城	感状	杆状	欵状	款状	汗蒸	灌頂	管状	閑情
かんじょうしょ	勘定書	勘定所
かんじん	勧進	寛仁	姦人	漢人	観心	閑人	韓人
かんす	缶子	鑵子
かんすい	潅水	灌水	冠水	完遂	換水	寒水	閑邃	鹹水	かん水
かんすいぎょ	寒水魚	鹹水魚
かんすう	巻数	関数	函数
かんすずめ	寒すずめ	寒雀
かんせい	感性	完成	管制	感精	官製	閑静	官制	歓声	慣性	喊声	喚声	寒性	肝性	艦政	陥穽	鼾声	観性	乾性	かん声
かんせき	漢籍	観蹟
かんせつ	関説	間接	関節	冠雪	官設	環節
かんせん	幹線	感染	観戦	艦船	乾癬	官撰	官船	官選	寒蝉	寒蟬	汗せん	汗腺	艦戦	かん線
かんぜい	関税	間税
かんぜり	寒ゼリ	寒芹
かんぜん	勧善	間然
かんぜんしゅうきゅうふつかせい	完全週休二日制	完全週休2日制
かんそう	乾燥	完走	感愴	換装	檻送	歓送	還送	感想	乾草	歓想	監窓	観想	観相	諫奏	間奏	間そう	汗瘡
かんそうき	乾燥機	乾燥器
かんそく	観測	観そく	患側	患測	管足	緩速	艦側
かんそん	寒村	官尊	函樽	環村
かんぞう	甘草	肝臓	莞草	萱草
かんぞうがん	肝臓がん	肝臓ガン	肝臓癌
かんぞく	奸賊	姦賊	漢族
かんたい	艦隊	款待	歓待	寒帯	冠帯	喚体	杆体	桿体	環帯	簡体	緩怠	艦体	間帯
かんたく	干拓	乾拓
かんたん	感嘆	感歎	管端	肝胆	邯鄲
かんたんし	邯鄲師	感嘆詞
かんだい	寒餒	棺台	管台	漢代
かんだら	寒ダラ	寒鱈
かんだん	歓談	閑談	寒暖	間断
かんち	完治	官治	感知	換地	監置	関知	乾地	奸智	奸知	姦智	官地	観智	閑地	韓地	寒地
かんちがい	カン違い	勘違い	勘ちがい	勘違ぃ	感ちがい	感違い
かんちく	寒竹	患畜
かんちゅう	寒中	管中	韓中
かんちょう	官庁	浣腸	灌腸	官廰	官廳	干潮	艦長	管長	勧懲	勸懲	完調	翰長	観潮	間諜	館長	かん腸
かんつう	貫通	姦通
かんつき	鐶付	鐶付き
かんづめ	カン詰	カン詰め	缶詰	缶詰め	缶づめ	罐詰	罐詰め	鑵詰	かん詰	かん詰め
かんてい	鑑定	戡定	官邸	艦艇	艦底	管底	韓帝
かんてき	監的	閑適
かんてつ	貫徹	完徹
かんてん	観点	寒天	官展	寛典	干天	旱天	歓天	観天
かんでん	感電	乾田	官田	韓伝
かんと	還都	官途
かんとう	完投	完登	敢闘	巻頭	間投	官倒	環頭	竿灯	竿燈	竿頭	管頭	関頭	官等
かんとく	監督	感得	完徳
かんど	漢土	感度
かんどう	感動	勘当	貫道	完動	官道	官銅	幹道	管胴	間道
かんどく	完読	簡牘
かんどころ	勘どころ	勘所
かんな	看話	鉋	鉄穴
かんない	管内	管內	艦内	棺内	環内	缶内	肝内	館内
かんながら	惟神	随神
かんなくず	カンナ屑	鉋屑	かんな屑
かんなみ	鉋身	かんな身
かんなん	患難	艱難
かんにち	韓日	坎日
かんにゅう	嵌入	換入	貫乳	貫入	乾乳	陥入
かんにん	勘忍	堪忍	還任	官人
かんぬき	寒ぬき	寒抜き	閂
かんねい	奸佞	奸侫	姦佞
かんねつ	乾熱	寒熱	感熱
かんねん	観念	觀念	感念
かんのう	完納	感応	官能	勧農	感能	観能	還納	間脳	堪能
かんば	悍馬	汗馬	駻馬
かんばい	完売	寒梅	観梅
かんばく	艦爆	観瀑
かんばつ	間伐	簡抜	干ばつ	官閥	干魃	旱ばつ	旱魃
かんばん	看板	燗番	かん板
かんぱ	勘破	看破	寒波
かんぱい	乾杯	完敗	乾ぱい	乾盃	感佩
かんぱく	関白	關白
かんぱち	環八	間八
かんぱつ	渙発	煥発	間髪
かんぱん	甲板	干犯	乾板	官版	檻板	管板	肝斑
かんび	完備	艦尾
かんびらめ	寒ビラメ	寒鮃
かんびん	燗瓶	管瓶
かんぴ	官費	漢碑
かんぴょう	乾瓢	干ぴょう	干瓢	鑑評	間氷
かんぶ	幹部	患部	監部
かんぶくろ	紙袋	かん袋
かんぶつ	換物	奸物	姦物	官物	灌仏	玩物	乾物
かんぶり	寒ぶり	寒ブリ	寒鰤
かんぷ	感孚	還付	還附	乾布	姦夫	姦婦	完膚	官府	官符	悍婦	感膚
かんぷう	寒風	完封	観楓
かんぷく	感服	官服
かんべん	勘弁	簡便	冠冕
かんぺい	官兵	官幣	漢兵	観兵
かんぺき	完ぺき	完ペキ	完璧	癇癖
かんぺきしゅぎ	完ぺき主義	完璧主義
かんぺきしゅぎしゃ	完ぺき主義者	完璧主義者
かんぼ	勘募	漢墓
かんぼう	観望	官房	姦謀	寒冒	感冒	監房	関防
かんぼく	灌木	潅木	乾墨	竿木	翰墨
かんぼつ	陥没	還沒	還没	官没
かんぽ	完歩	閑歩	間歩	簡保
かんぽう	漢方	官報	汗疱	艦砲	観法
かんぽん	完本	艦本	刊本
かんまつ	巻末	管末
かんまん	完満	干満
かんみ	咸味	鹹味	甘味
かんみん	官民	奸民	姦民	間眠
かんむ	官務	艦務
かんむりざ	冠座	かんむり座
かんめい	感銘	肝銘	簡明	艦名	官命	款名	漢名	官名
かんめん	乾めん	乾麵	乾麺
かんもう	冠毛	寛猛
かんもうで	寒詣	寒詣で
かんもく	緘黙	完黙	かん黙
かんもん	勘問	喚問	関門	勘文	看聞	肝門	かん問
かんやく	簡約	完訳	漢訳	監訳	漢薬
かんゆ	勧諭	肝油	換喩
かんゆう	勧誘	奸雄	姦雄	官有	寛宥	閑遊
かんよ	関与	干与
かんよう	慣用	涵養	寛容	観葉	官窯	管用	簡要	間葉	かん養
かんらい	寒雷	漢来
かんらく	陥落	歓楽	乾酪
かんらん	観覧	観らん	寒蘭	橄欖	甘藍
かんらんしゃ	観覧者	観覧車
かんり	管理	監理	官吏	奸吏	姦吏	監吏
かんりか	管理課	管理下
かんりきょく	管理局	監理局
かんりゅう	乾溜	乾留	潅流	灌流	環流	貫流	還流	韓流	寒流	緩流
かんりょう	完了	管領	官僚	感量
かんれい	寒冷	慣例	冠礼	勧励	姦令	漢隷	管領	艦齢	関麗
かんれき	官暦	還暦	還歴
かんれん	関連	関聯	關聨
かんれんづけ	関連づけ	関連付け
かんろ	韓露	甘露	寒露	甘櫨	管路
かんろく	貫祿	貫禄	貫録	官祿	官禄	干禄
かんわ	緩和	閑話	官話	漢和
かーどよみとりき	カード読み取り機	カード読取機
が	画	娥	駕	鵞	賀	蛾	我
がい	貝	我意	画意	臥位	賀意	慨	買い	害	甲斐	買	効	階	外
がいあつ	外圧	外壓
がいい	外囲	外衣	害意
がいいん	外院	外因	外陰
がいいんがん	外陰がん	外陰ガン	外陰癌
がいえん	外延	外縁	外円	外炎	外苑
がいか	外化	外貨	外踝	外顆	崖下	概価	概價	凱歌
がいかい	外界	外海
がいかく	外客	外角	外郭	外廓	外核	外殻
がいかだて	外貨建て	外貨建
がいかん	概観	外観	外患	外感	外換	外棺	外環	外管	害患
がいき	外気	外規	海気
がいきょう	外僑	外境	外教	概況
がいきょく	外局	外曲
がいきん	外勤	害菌
がいく	外区	街衢	街区
がいけい	外形	外型	外径	外景	外頸	概形	概計
がいけん	外見	概見	該件
がいげん	概言	外言
がいこう	外交	外航	外光	外向	外寇	外構	外港	外溝	街巷	外公	外肛
がいこく	外国	外國	該国	該國
がいこつ	骸骨	がい骨
がいご	外語	外護
がいごう	外合	外剛
がいさんみつもり	概算見積り	概算見積
がいざい	外剤	外在	外材
がいし	外史	外市	外紙	孩子	概史	碍子	外姿	外資	街市	がい子	外翅
がいしゃ	会社	會社	外車	害者
がいしゅう	外周	鎧袖
がいしゅひ	外珠皮	外種皮
がいしょう	外相	外傷	概称	外照	外省	街しょう	街娼	外商
がいしん	外信	外唇	外心	外臣	害心
がいじ	外字	外痔	外耳	孩児	該字	外事
がいじゅう	害獣	外柔
がいじょう	街上	外城
がいじん	外人	凱陣	外陣
がいすい	外水	崖錐
がいすう	外数	概数	がい数
がいせい	外征	外勢	外性	外生	外甥	慨世	慨声	慨聲	概成	蓋世	街西	外政
がいせき	外戚	外積	蓋石
がいせつ	外切	外接	概説	凱切	剴切
がいせん	凱旋	外旋	外腺	外船	街占	街宣	外線	がい旋
がいぜん	蓋然	がい然
がいぜんせい	蓋然性	がい然性
がいそう	咳嗽	外挿	外装	咳噪	外層	害草	鎧装	外そう
がいそん	外孫	街村
がいたん	慨嘆	慨歎	外丹	外端	骸炭
がいだい	外大	外台
がいちゅう	外注	害虫	外註
がいちょう	開帳	開張	害鳥
がいてい	概定	外底
がいてき	外敵	害敵
がいてん	外典	外転
がいでん	外伝	外電
がいとう	該当	外灯	街頭	外燈	街灯	外套	街燈	外とう	外登	外筒	崖頭	街東	該党
がいはく	外泊	該博
がいはん	外板	外藩	蓋板	外販	外反
がいぶ	外部	外侮	該部
がいぶせい	外部性	外部生
がいぶん	外聞	外分
がいへん	外篇	外編
がいほう	蓋包	外報	外包	外訪	概報	該法	外方	外邦
がいぼう	外貌	外貿
がいまく	外膜	蓋膜
がいむしょう	外務省	外務相
がいゆう	外遊	外郵
がいよう	外用	外洋	外容	外葉	概容	概要	艾葉	害用
がいらい	外来	外雷
がいりょく	外力	外緑
がいわん	外湾	外腕
がうら	ガ浦	箇浦
がえ	換	換え	替	代え	変え	替え
がえし	返し	返
がえり	帰り	還り	返り
がえん	臥煙	賀宴	賀筵	雅宴
がお	顔	気表	皃	貎	貌
がか	画架	画科	畫家	画家
がかい	瓦解	画会
がかく	が格	画格	画角	賀客
がかざ	がか座	画架座
がかり	掛	係	係り
ががく	画学	雅学	雅楽
ががっ	画学	雅学
がき	堵墻	餓鬼	餓飢	柿	墻	垣	掻き	柿子	牡蛎	牡蠣	書き
がきだいしょう	ガキ大将	餓鬼大将	がき大将
がぎょう	ガ行	画業	が行
がく	額	学	顎	萼
がくいん	学院	楽員
がくえん	学園	学縁	学苑
がくおん	学恩	楽音
がくがい	学外	学街
がくぎょう	学業	学行
がくげい	学芸	学藝	がく芸
がくさい	学際	学才	学災	楽才	学祭
がくし	学士	学資	楽士	楽師	学史	衣兜	隠し
がくしき	学識	楽式
がくしゃ	学舎	学者	學舍	學舎
がくしゅう	学習	学しゅう	学修	楽習	がく習
がくしょ	学処	學處	楽書	楽所	学書
がくしょう	楽章	学匠	楽匠	学商
がくしょく	学職	学食	学殖
がくじ	学事	額字
がくじん	岳人	學人	楽人	学人
がくせい	学生	學生	学政	學政	楽声	楽聖	樂聲	学制	がく生
がくせき	学石	学籍	学績
がくせつ	学説	楽節
がくそ	学祖	學祖
がくそう	額装	学僧	学窓	學窓	楽想	楽箏
がくだん	楽団	楽壇	楽段
がくち	学治	学知	學智
がくちょう	学長	楽長	学調
がくてん	学店	楽典
がくと	学徒	学都	楽都
がくとう	学統	学頭	萼筒
がくとく	学徳	學德
がくどう	学道	学童	学堂	学同	楽堂
がくは	学派	楽派
がくふ	楽譜	楽ふ	楽符	学府	岳父
がくぶ	楽舞	学部	楽部
がくぶち	額ぶち	額縁
がくへん	ガク片	学変	萼片	がく片
がくほう	学報	學報	学法
がくもん	学問	學問
がくり	楽理	学理
がくりょ	学侶	楽旅
がくれき	学歴	楽歴
がけ	崖	掛	掛け
がけぎわ	崖ぎわ	崖際
がけくずれ	ガケ崩れ	崖くずれ	崖崩れ	がけ崩れ
がけした	崖下	がけ下
がけっぷち	崖っぷち	崖っ淵	崖っ縁	がけっ縁
がけづたい	崖づたい	崖伝い
がけぶち	崖ぶち	崖淵	崖縁
がけみち	崖路	崖道	がけ道
がこい	囲い	圍	囲
がこう	画工	画稿	鵞口
がごう	雅号	画号
がさ	傘	暈	笠
がさいれ	ガサ入れ	がさ入れ
がさね	襲ね	重ね	襲	重
がさん	画讚	画賛
がし	餓死	菓子	貸し	賀詞	瓦子	瓦市	瓦肆	河岸	樫	果子	貸
がしつ	画質	画室
がしゅ	画趣	芽株	芽腫	雅趣
がしゅう	画集	我執
がしょう	臥床	画商	賀捷	賀正	雅称	鵝掌
がしわ	槲	檞	柏
がじゅつ	莪朮	畫術	画術
がじょう	我浄	牙城	画帖	画上	賀状
がじょく	臥蓐	臥褥
がすいと	ガス糸	瓦斯糸
がすとう	ガス灯	瓦斯灯
がすり	絣	飛白
がせい	画聖	賀正
がせん	画仙	画箋	雅仙
がせんし	画仙紙	画箋紙
がぜめ	我攻め	我責め
がそう	画僧	画層
がぞく	牙鏃	雅俗
がた	方	型	潟	肩	形
がたおち	ガタ落ち	がた落ち
がたき	仇	敵
がたり	騙り	語り
がち	勝ち	勝	雅致
がちゅう	牙籌	画中
がちょう	画帳	鵞鳥
がっか	顎下	学課	学科
がっかい	学界	楽界	學界	学会
がっかん	学監	学館
がっき	学期	楽器	学規	月忌
がっきゅう	学級	学究	楽弓
がっきょうかい	学・協会	学協会
がっく	学区	楽句	樂句
がっこう	学校	學校
がっさい	合切	合財
がっさつ	合冊	合册
がっしゅう	合州	合衆
がっしょう	合唱	合しょう	合掌	合従	合縦	合縱
がっしょうづくり	合掌造	合掌造り
がっそう	合そう	合奏	合葬
がっぺい	合併	合ぺい
がっぺき	合壁	合璧
がてん	合点	画展
がと	画図	畫圖
がどう	畫道	画道
がな	仮名	仮字
がにまた	ガニ股	蟹股	がに股
がね	鉦	金	鐘	鉄漿	矩	鉄
がねもち	ガネ持ち	金持ち	金もち	金持
がのこ	鹿の子	鹿子
がび	娥眉	蛾眉	画眉
がびょう	画びょう	画鋲
がふ	画布	楽府	画譜
がぶのみ	ガブ呑み	ガブ飲み	がぶ飲み
がほう	画報	畫報	芽胞	畫法	画法
がぼう	画房	画舫	臥房
がま	罐	窯	蝦蟇	蟇	釜	竈	蒲	鎌
がまえ	構え	構
がまがえる	ガマ蛙	蝦蟇	蝦蟇蛙
がまぐち	ガマ口	蝦蟇口	蟇口	がま口
がまん	我慢	我まん
がみ	ガ申	紙	神	髪	雅味
がみしも	裃	上下
がみなり	雷	神鳴	雷鳴り	靁
がめ	亀	甕	瓶
がめい	画名	雅名
がめん	画面	画めん
がもん	画紋	衙門
がや	蚊屋	蚊帳	萱	茅	榧
がゆう	画友	臥遊	雅友	雅遊
がよう	画用	瓦窯	画妖
がら	柄	殻	瓦落	幹
がらあき	ガラ空き	空あき	がら明き	がら空き
がらくた	我楽多	瓦落多
がらし	辛子	芥子
がらす	硝子	鴉	烏
がらすびん	ガラス瓶	硝子瓶
がらすめん	ガラス綿	硝子綿
がらぼう	ガラ紡	がら紡
がらみ	緘	搦み	搦	絡み
がらもの	柄物	柄もの
がらゆき	柄ゆき	柄行
がらん	伽藍	鵞卵
がり	我利	刈り	狩り	借り	狩	刈	借
がりばん	ガリ版	がり版
がりべん	ガリ勉	がり勉
がりょう	画竜	画龍	畫龍	臥梁	臥竜	雅量
がるた	加留多	歌留多	骨牌
がれき	瓦れき	瓦礫
がろう	家老	画廊	餓狼
がわ	側	川	革	皮	河
がわら	河原	川原	磧	瓦
がわり	代わり	代り	代はり	替り	替わり	変わり
がん	癌	頑	龕	鴈	雁	願	貫	元
がんい	含意	願意
がんえん	岩塩	眼炎
がんか	ガン化	眼下	眼科	玩貨	癌化	眼窩	玩菓
がんかい	岩塊	眼界	眼科医
がんかけ	願かけ	願掛	願掛け
がんがく	巖壑	願学
がんき	含気	玩器
がんきょう	願経	眼鏡
がんきん	元金	眼筋	顔筋
がんぎ	雁木	がん木
がんぎょう	願業	願行
がんくつ	巌窟	岩窟
がんくび	ガン首	雁首	がん首
がんぐ	玩具	頑愚	がん具
がんけい	眼形	岩頸
がんけん	頑健	癌研	眼瞼
がんこう	雁行	眼光	岩高	眼孔	眼高
がんし	癌死	眼脂	眼視
がんしつ	岩質	眼疾
がんしゅ	岩種	癌腫	願主
がんしょ	雁書	願書
がんしょう	岩床	願生	岩礁	元正	岩漿	巌松	岩松	眼症
がんしょく	眼色	顔色
がんしん	含浸	眼振
がんせい	眼睛	眼精	願誓
がんせん	頑癬	願箋
がんそう	含嗽	含漱	岩層	岩相	癌巣	顔相
がんたい	岩体	眼帯
がんだま	ガン玉	がん玉
がんだれ	雁垂	がん垂れ
がんとう	龕灯	がん燈	岩塔	岩頭	巌頭	眼到	雁塔
がんぬり	ガン塗り	がん塗り
がんばん	岩盤	岩版
がんぺき	岩壁	岸壁
がんほけん	ガン保険	がん保険	癌保険
がんほどき	願ほどき	願解き
がんぼう	願望	眼眸
がんぽう	眼胞	顔法
がんぽん	元本	元品
がんません	γ線	ガンマ線
がんみ	含味	玩味	翫味
がんめい	頑冥	頑迷	癌名
がんめん	顔面	岩綿
がんり	元利	眼裏
がんりき	眼力	願力
がんりゅう	含硫	岩流
がんりょう	顔料	含量
がんれん	頷聯	頷連
がんろう	玩弄	翫弄
き	木	気	喜	機	氣	起	気い	気イ	期	葱	着	圻	桅	癸	簋	綺	驥	几	柝	汽	黄	軌	揆	樹	木ぃ	伎	奇	畿	紀	生	騎	基
きあい	気合	気合い	木藍
きあげは	黄あげは	黄揚羽
きあつ	汽圧	気圧
きあん	帰庵	起案	机案
きい	忌諱	奇異	機位	貴意
きいちご	木いちご	木イチゴ	木苺
きいろ	黄色	黄いろ	き色
きいん	起因	基因	帰院	棋院	気韻
きう	祈雨	器宇	気宇
きうす	木うす	木臼
きうつ	気うつ	気欝	気鬱
きうん	機運	気運
きえい	帰営	帰英	旗影	機影	気鋭	綦衛	騎影
きえもの	消えもの	消え物
きえん	気炎	気焔	気焰	奇縁	奇苑	棄捐	機縁	起炎	起縁
きおい	気負い	競い
きおう	奇応	奇應	既往	期央	棋王	鬼王
きおく	記憶	記おく	記臆
きおくれ	気おくれ	気後れ
きおち	気おち	気落ち
きおん	気温	基音	棄恩	軌音	気音	記音
きか	帰化	気化	幾何	危禍	奇禍	奇花	奇貨	季夏	帰嫁	帰家	帰樺	旗下	机下	貴家	起貨	麾下	揮下
きかい	キ怪	機会	毀壊	奇恠	機械	器怪	器械	気塊	気海	貴会	鬼怪	棋界	奇怪
きかいか	機械化	機械科
きかく	企画	企劃	企畫	規格	棋客	気格	氣格
きかくか	企画課	規格化
きかん	期間	機関	帰艦	帰還	帰韓	帰館	機かん	機關	器官	基幹	軌間	旗艦	亀鑑	奇観	季刊	季感	既刊	机間	気乾	気缶	汽缶	汽鑵	祁寒	規管	貴官	貴簡	貴翰	飢寒	饑寒	気管
きかんし	機関誌	機関紙	機関士	季刊誌	気管支
きが	帰臥	起臥	飢餓	饑餓
きがい	畿外	危害	機外	気概
きがえ	着がえ	着がへ	着換	着替	着替え
きがく	器楽	貴学	気学
きがね	気兼ね	気がね	氣兼	気兼
きがまえ	気構え	気がまえ
きがん	祈願	奇岩	奇巌	危岩	危巌	危巖	帰雁	輝岩
きき	機器	効き	危機	器機	記紀	寄帰	忌器	忌諱	旗機	既記	毀棄	汽機	鬼気	聞	聞き
ききあし	利き脚	利き足
ききうで	利き腕	利腕	きき腕
ききおさめ	聞き納め	聞納め
ききおぼえ	聞き覚え	聞きおぼえ	聞き憶え	聞覚え	聴き憶え	聴き覚え	きき覚え
ききかじり	聞きかじり	聞き嚙り	聞き齧り
ききかた	聞き方	聞方	聴き方
ききがき	聞き書き	聞書	聞きがき	聞き書	聞書き
ききこみ	聞き込み	聞きこみ	聞込み
ききごたえ	聞きごたえ	聞き応え	聴きごたえ	聴き応え
ききごと	聞き事	聞事
ききざけ	利き酒	利酒	唎酒	聞き酒	聞酒
ききざれ	聞きざれ	聞き戯れ
ききじょうず	聞き上手	聞上手
ききずて	聞きずて	聞き捨て	聞き棄て	聞捨	聞捨て
ききちがい	聞きちがい	聞き違い
ききづたえ	聞き伝え	聞伝え
ききて	聞き手	聞手	聴き手	聴手	利き手	利手	きき手
ききとり	聞取り	聴きとり	聴き取り	聴取り	聞き取り
ききどころ	聴きどころ	聴き処	利きどころ	利き所	利所	聞きどころ	聞き所	聞所
ききなし	聞きなし	聞き做し
ききみみ	聞き耳	聞耳	聴き耳	利き耳	きき耳
ききめ	効き目	利き目	利目	効きめ	効目	きき目
ききもの	聴きもの	聞きもの	聞き物	聞物	聴き物
ききゃく	棄却	毀却	棋客	鰭脚
ききやく	聞き役	聴き役	聞役	きき役
ききゅう	希求	冀求	企及	帰きゅう	帰休	帰厩	欷泣	危急	気球	氣球	箕裘	忌休
ききょ	帰去	棄去	起居	欷歔	気虚
ききょう	帰京	帰郷	棄郷	桔梗	奇矯	奇驕	気胸	帰嚮	棄教	鬼橋
ききょうか	キキョウ科	桔梗科
ききわけ	聞き分け	聞きわけ	聞分け	きき分け
ききん	基金	寄金	飢きん	飢饉	饑饉	機金
きぎ	嬉戯	起義	危疑	機宜	木々	木ぎ	樹々	樹樹	木木
きぎょう	起業	起行	企業	基業	鬼形	機業
きぎょうか	起業家	企業化	企業家
きぎょうがたねんきんかけきん	企業型年金掛金	企業型年金掛け金
きぎょうがたねんきんかにゅうしゃかけきん	企業型年金加入者掛け金	企業型年金加入者掛金
きぎれ	木ぎれ	木切れ
きく	危懼	崎嶇	規矩	起句	菊
きくあわせ	菊合	菊合わせ	菊合せ
きくがさね	菊襲	菊重ね
きくがた	菊型	菊形
きくぎ	木くぎ	木釘
きくごはん	菊ごはん	菊御飯
きくず	木くず	木屑
きくづくり	菊づくり	菊作り
きくとじ	菊綴	菊綴じ
きくばり	気くばり	気配り
きくばん	菊判	菊版
きくもん	菊文	菊紋	菊門
きぐ	機具	危ぐ	危惧	器具	木具
きぐい	木ぐい	木杭
きぐう	寄寓	帰寓	奇遇
きぐみ	気組み	木組み	木ぐみ	木組
きぐるみ	着ぐるみ	着包み
きぐん	旗軍	貴軍
きけい	奇警	奇形	奇型	畸型	畸形	器形	奇経	奇計	帰経	詭計
きけつ	帰結	既決	気血
きけん	棄権	危険	危險	棄嫌	貴見	貴顕	気圏
きけんかしょ	危険個所	危険箇所
きげん	期限	機嫌	紀元	起源	起原	危言	基原
きこ	旗皷	旗鼓	騎虎	鬼狐
きこう	器工	機構	寄港	寄稿	寄航	帰岡	帰港	帰耕	帰航	帰降	起工	起稿	騎行	柵養	機搆	紀行	気候	気功	奇効	奇行	氣功	畸行	乞巧	奇光	奇功	奇巧	季候	崎港	帰校	旗公	機巧	機甲
きこうか	寄稿家	機甲科
きこうがく	機構学	気候学
きこうし	貴公子	気功士	気功師
きこえ	聞え	聞こえ
きこく	帰国	歸國	皈国	貴国	旗国	鬼哭	鬼国
きこつ	奇骨	気骨
きこみ	着籠み	着込み
きこり	木こり	木樵	樵
きこん	既婚	帰根	機根	気根	気魂	氣魂
きご	季語	基語	綺語
きごう	記号	帰合	揮ごう	揮毫
きごこち	着心地	着ごこち
きごて	木ごて	木鏝
きさ	器差	機差
きさい	記載	起債	器才	奇才	奇祭	忌祭	既済	既裁	機才	鬼才	后
きさいのみや	后の宮	后宮
きさき	期先	気先	后	妃
きさげばけ	キサゲ刷毛	刮刷毛
きさつ	冀察	貴札
きさん	帰参	帰山	起算	希酸	棄蚕
きざ	跪坐	器座	起坐	騎座	帰座
きざい	機材	器材	器財	基剤	基材
きざし	兆し	萌し
きざみしょく	刻み食	きざみ食
きざみするめ	刻みするめ	刻み鯣
きざみたばこ	刻みタバコ	刻み煙草	刻みたばこ
きざみにく	刻み肉	きざみ肉
きざみねぎ	刻みネギ	刻み葱	刻みねぎ
きざみのり	刻みのり	刻み海苔	刻みノリ	きざみ海苔
きざみめ	刻みめ	刻み目
きし	騎士	愧死	気死	起死	貴誌	奇士	己巳	帰旨	旗幟	既死	既視	期始	棊子	棋史	棋士	癸巳	貴使	起始	騎獅	岸
きしつ	気質	器質	基質
きしべ	岸辺	岸べ
きしみおん	キシミ音	軋み音	きしみ音
きしゃ	記者	喜捨	寄捨	帰社	揮灑	騎射	汽車	貴社	揮洒
きしゃく	希釈	稀釈	棄釈	毀釈	き釈
きしゅ	機種	気腫	気しゅ	旗手	騎手	機首	貴種	器種	奇手	寄主	記主	起手	起首	鬼手	期首
きしゅう	奇襲	基収	奇習	季秋	既習	気習	貴衆	貴酬
きしゅく	寄宿	帰宿	耆宿
きしょ	寄書	奇書	希書	帰処	帰所	稀書	貴所	貴書	期初
きしょう	起床	毀傷	起請	徽章	気性	気象	記章	危礁	奇勝	奇捷	旗将	旗章	記誦	妓生	き章
きしょうがく	気象学	旗章学
きしょうせい	希少性	稀少性
きしょく	寄食	喜色	嬉色	奇食	旗色	気色
きしり	軋	軋り
きしん	寄進	起振	帰心	帰神	忌辰	棋信	癸辛	貴紳	起震	鬼神
きじ	生地	記事	黄地	喜字	奇事	奇児	棄児	起辞	木地	雉	雉子
きじうち	キジ撃ち	雉打ち
きじか	期近	記事化
きじく	機軸	基軸
きじつ	期日	忌日	枳実	記実	記實
きじどり	雉鳥	きじ鳥
きじねこ	キジ猫	雉子猫	雉猫
きじぶえ	キジ笛	雉笛
きじゃく	着尺	木勺	帰寂
きじやき	雉焼き	きじ焼き
きじゅ	喜受	喜寿
きじゅう	寄住	帰住	機銃	既住	起重	騎銃
きじゅつ	記述	既述	奇術	機術
きじゅん	帰順	基準	規準
きじょ	貴女	奇女	機序	鬼女
きじょう	騎乗	帰城	机上	機上	几杖	機情	軌条
きじょうゆ	生醤油	生じょうゆ	生じょう油
きじるし	キ印	き印
きじん	帰陣	貴人	奇人	畸人	旗人	鬼人	鬼神
きすい	気水	既遂	汽水	木吸い
きすう	帰すう	帰趨	奇数	基数	期数	機数	記数	き数
きず	基図	傷	瑕	疵	生酢
きずあと	キズ跡	傷跡	疵痕	傷あと	傷痕	創跡	疵あと	疵跡
きずい	喜瑞	奇瑞
きずかくし	キズ隠し	傷隠し
きずぐち	傷口	傷ぐち	疵口	きず口
きずとがめ	傷咎め	疵咎め
きずな	絆	紲
きずもの	傷物	疵もの	疵物
きずり	木ずり	木摺	木摺り
きせい	規制	規正	寄生	帰省	祈誓	規整	既成	気勢	奇声	奇世	既生	既製	棋聖	機制	稀世	虧生	記性	期成
きせいちゅう	帰省中	寄生虫
きせかえ	着せ替え	着せかえ
きせき	奇跡	軌跡	奇蹟	危石	基石	奇籍	帰籍	帰責	気斥	気積	貴石	輝石	鬼籍
きせつ	季節	既設	奇説	毀折	気節
きせん	帰船	汽船	汽舩	貴賤	基線	貴賎	亀船	棋戦	機先	輝線	鬼仙	帰線	饋線	き線
きぜつ	気絶	奇絶
きそ	起訴	基礎	輝素
きそう	起草	騎走	基層	奇相	帰巣	機捜	機窓	気相	綺想	貴僧	鬼僧	奇想	気層
きそきゅう	基礎給	基礎級
きそく	規則	亀足	既測	機速	気息	気速	驥足
きそつ	既卒	鬼卒
きそば	生そば	生蕎麦
きそん	既存	棄損	毀損	帰村	き損
きそんじゅうたくばいばいかしほけん	既存住宅売買かし保険	既存住宅売買瑕疵保険
きぞう	寄蔵	寄贈	鬼造
きぞく	帰属	貴族
きぞん	既存	稀存
きたい	帰隊	期待	希代	稀代	奇代	奇体	奇態	機体	気体	危殆	器体	器胎	基体	奇胎	帰台	気滞	貴隊	鬼胎	き代
きたえ	鍛	鍛え
きたがわ	北側	北がわ
きたきつね	北きつね	北狐
きたく	寄託	帰宅	貴宅
きたけ	着たけ	着丈
きたすみ	北すみ	北隅
きただまり	北溜	北溜まり	北溜り
きたづめ	北詰	北詰め
きたどなり	北隣	北隣り
きたまくら	北まくら	北枕
きたまわり	北回り	北廻り
きたより	北より	北寄り
きたん	奇譚	愧赧	紀淡	綺譚	忌たん	忌憚
きだい	器台	基台	季題	貴台	希代	稀代	黄鯛
きだち	木太刀	木立ち
きだて	気だて	気立て
きだぼ	木だぼ	木ダボ
きだん	基壇	奇談	気団	綺談
きち	窺知	基地	既知	危地	奇智	奇知	機智	機知	貴地	吉
きちがい	気違い	気ちがい	気ちがひ	気狂	気狂い	気違	基地外	既知外
きちじょう	吉上	吉羊	吉祥
きちゃく	帰嫡	帰着	既着
きちゅう	亀紐	亀鈕	己丑	忌中	旗柱	気柱	癸丑	機中	期中
きちょ	機杼	貴著
きちょう	帰朝	基調	几帳	季調	帰庁	旗長	起潮	記帳	機長
きちん	木賃	気沈
きっかい	奇怪	奇っ怪	奇ッ怪
きっかけ	切っかけ	切っ掛け	切掛
きっきょう	喫驚	吉凶
きっこう	拮坑	拮抗	頡頏	亀甲	桔槹	きっ抗
きっさ	喫茶	譎詐
きっさき	切っ先	切っ尖	切先	切尖	鋒	鋩	きっ先
きっすい	生粋	生っ粋	吃水	喫水
きっすいせん	吃水線	喫水線
きっそう	吉左右	吉相	吉草
きってしはらい	切手支払	切手支払い
きっぷ	気風	切符	吉符	気っぷ	気っ風
きつけ	着付け	気付	気付け	気つけ
きつご	吃語	吉語
きつねいろ	キツネ色	狐色	きつね色
きつねおどり	キツネ踊り	狐踊り
きつねがお	狐顔	きつね顔
きつねがり	キツネ狩り	狐狩り	きつね狩り
きつねけん	狐拳	きつね拳
きつねざる	狐猿	きつね猿
きつねつき	狐付き	狐憑き
きつねどんぶり	キツネ丼	狐丼
きつねのよめいり	キツネの嫁入り	狐の嫁入り	きつねの嫁入り
きつねび	狐火	きつね火
きづかい	気づかい	気遣い	気遣
きづき	気づき	気付き
きづくり	木づくり	木作り	木造り	樹づくり
きづけ	気附	気付
きづち	木づち	木槌
きづまり	気づまり	気詰まり	気詰り	き詰まり
きてい	規定	帰邸	基底	旗亭	既定	汽艇	規程	期定	奇蹄
きていち	規定値	既定値
きてき	気笛	汽てき	汽笛
きてん	帰天	帰店	機転	起点	気転	基点	奇点	輝点
きでん	紀伝	起電	饋電	機電	き電
きと	企図	帰途	帰都
きとう	祈とう	祈祷	祈禱	帰島	帰投	帰東	亀頭	気筒	季冬	既倒	飢凍
きとく	奇特	既得	危篤	き特
きとり	木取	木取り
きど	木戸	輝度	希土	稀土	喜怒
きどう	軌道	起動	機動	気道	気動	奇童	奇道	棋道	気導	詭道	鬼道
きどうせん	機動戦	機動船
きどく	奇特	気毒	既読
きどり	気どり	気取り	木取り
きどるい	希土類	稀土類
きな	規那	機那
きない	機内	器内
きながし	着流し	着ながし
きなこ	黄粉	黄な粉	きな粉
きなこもち	キナコ餅	黄な粉餅	きな粉餅
きなり	生成	生成り
きなりいろ	生成色	生成り色
きなん	危難	忌難
きにきび	黄ニキビ	黄面皰
きにち	帰日	忌日
きにゅう	記入	帰入
きにら	黄にら	黄ニラ	黄韮
きぬ	帛布	絹	衣
きぬおり	絹織り	絹織
きぬかつぎ	衣かつぎ	衣被	衣被ぎ
きぬがさ	蓋	絹傘	衣笠
きぬがさたけ	絹傘茸	衣笠茸
きぬごし	絹ごし	絹漉	絹漉し
きぬさや	絹サヤ	絹さや	絹莢
きぬずれ	絹ずれ	衣ずれ	衣摺れ	衣擦れ
きぬた	碪	砧
きぬちぢみ	絹縮	絹縮み
きぬぬの	帛布	絹布
きぬばり	絹張り	絹針
きぬぶるい	絹ぶるい	絹篩
きね	杵	き祢
きねずみ	木ねずみ	木鼠
きねん	記念	紀念	記ねん	祈念	祈年	紀年
きねんかん	紀念館	記念館	祈念館
きねんさい	記念祭	祈年祭
きのう	昨日	機能	帰納	帰農	既納	気嚢	気脳
きのうてき	機能的	帰納的
きのえ	樹上	甲
きのかしら	木の頭	柝の頭
きのこ	蘑菇	茸	菌
きのぼり	木のぼり	木登り
きのみ	木のみ	木の実
きのめ	木の芽	木ノ芽	木芽
きのり	気のり	気乗り
きはい	跪拝	亀背	気配
きはく	気迫	気魄
きはだ	木肌	樹肌	黄はだ	黄肌	黄蘗
きはつ	揮発	既発	基発
きはん	帰藩	機帆	規範	軌範	帰帆	帰阪	既判	羈絆	覊絆	貴藩
きば	木場	気場	騎馬	鬼馬	牙
きばえ	着映え	着栄え
きばこ	木箱	木函
きばさみ	木ばさみ	木鋏
きばたらき	気ばたらき	気働き
きばち	木鉢	樹蜂
きばつ	奇抜	き抜
きばな	木鼻	黄花
きばぼり	牙彫	牙彫り
きばや	気早	き早
きばら	木バラ	木薔薇
きばらい	既払	既払い
きばらし	気ばらし	気晴し	気晴らし
きばん	起番	基盤	基板	機番
きひ	忌避	基肥	帰脾	貴妃
きひつ	起筆	木櫃
きひん	帰浜	気品	氣品	奇品	貴賓
きび	稷	黍	機微	己未	機尾	癸未	羈縻	驥尾	き尾
きびき	忌引	忌引き
きびききゅうか	忌引き休暇	忌引休暇
きびばたけ	キビ畑	黍畑	きび畑
きふ	寄付	寄附	帰府	記譜	基布	棋譜	気府	貴腐
きふう	気風	氣風	棋風
きふきん	寄付金	寄附金
きふきんこうじょ	寄付金控除	寄附金控除
きふく	帰伏	帰服	起伏	黄服	気腹
きふこうざ	寄付講座	寄附講座
きふさぎ	気ふさぎ	気塞ぎ
きふるし	着古し	着旧し
きぶくれ	着脹れ	着膨れ
きぶし	木付子	通条花
きぶつ	木仏	器物	基物	鬼仏
きぶん	気分	氣分	紀聞	奇聞	記文
きへい	起兵	騎兵	奇兵	喜兵
きへいたい	騎兵隊	奇兵隊
きへき	器壁	奇癖
きへん	木へん	木ヘン	木偏	机辺
きべら	木べら	木ベラ	木箆
きほう	気泡	季報	気ほう	奇法	既報	機法	機鋒	気胞	起泡	飢飽	鬼方	記法
きぼう	希望	冀望	匱乏	帰房	毀謗	企望	奇謀	己卯	既望	気房	癸卯	詭謀	鬼謀
きぼね	気ぼね	気骨
きぼり	木彫り	木彫
きまかせ	気任	気任せ	き任
きまくら	木まくら	木枕
きまぐれ	気まぐれ	気紛れ
きまじめ	生まじめ	生真面目
きまま	気まま	気ママ	気侭	気儘
きまもり	木守	木守り
きまゆ	黄まゆ	黄繭
きまり	定り	極り	決り	極まり	決まり
きまりがわ	決まり側	きまり側
きまりことば	決まり言葉	きまり言葉
きまりごと	決まりごと	決まり事	きまり事	決り事
きまりて	極まり手	極り手	決まり手	決り手
きまりねた	決まりねた	決まりネタ
きまわし	着まわし	着回し
きみ	気味	気み	奇味	黄身	鶏黄	黄み	黄味	君	公
きみいろ	黄み色	黄味色
きみつ	機密	気密
きみどり	黄緑	黄みどり	黄綠
きみはだ	黄み肌	黄味肌
きみゃく	奇脈	気脈	氣脉
きみん	棄民	飢民
きめ	木理	肌理	木目	決め	極め
きめい	記名	喜鳴	基名	気鳴	記銘
きめうち	決め打ち	決め撃ち
きめおち	キメ落ち	木目落ち
きめがお	キメ顔	決め顔
きめことば	キメ言葉	決め言葉
きめこみ	木目込	木目込み
きめごと	決めごと	決め事
きめせん	決め線	きめ線
きめぜりふ	キメ台詞	決めぜりふ	決めゼリフ	決め台詞
きめだま	決め球	決めダマ
きめて	キメ手	決め手	極め手	きめ手
きめどころ	極め所	決め所
きめはだ	キメ肌	木目肌
きめん	器面	基面	机面	鬼面
きも	胆	肝
きもいり	肝いり	肝入り	肝煎	肝煎り	肝煎入り
きもう	起毛	亀毛	欺罔
きもすい	肝吸	肝吸い	きも吸い
きもだめし	肝だめし	肝試し	胆試し
きもち	気持ち	気持	気もち	氣持	氣持ち
きもったま	肝っ玉	きもっ玉
きもん	鬼門	奇問	旗門	気門
きゃく	客	脚	格
きゃくあつかい	客あつかい	客扱	客扱い
きゃくいん	客員	脚韻
きゃくしつ	客室	脚質
きゃくしゃ	客車	客舎
きゃくすう	脚数	客数
きゃくずれ	客ずれ	客擦れ
きゃくせん	脚線	客船
きゃくそう	客層	客僧
きゃくだまり	客だまり	客溜まり	客溜り
きゃくちゅう	客注	脚柱	脚注	脚註
きゃくでん	客殿	客電
きゃくひき	客引き	客引
きゃくぶれ	客ぶれ	客触れ
きゃくらい	却来	客来
きゃたつ	脚榻	脚立
きゃっか	却下	客貨	脚下
きゃっかん	客観	客觀
きゃっこう	却行	脚光
きゃはん	脚半	脚絆
きやく	規約	既約	既訳
きやすめ	気休め	気やすめ
きやすり	木ヤスリ	木鑢
きやせ	着やせ	着痩せ	着瘦せ
きやり	木やり	木遣	木遣り
きゅう	旧	舊	急	笈	朽	灸	宮	求	球	級
きゅうあく	旧悪	急悪
きゅうあん	旧庵	求安
きゅうい	球威	救慰	旧衣	枢衣	級位
きゅういん	吸引	吸飲
きゅうえい	旧詠	宮衛
きゅうえん	休演	吸煙	救援	休園	仇怨	旧円	旧怨	旧縁	求縁	球宴
きゅうえんしゃ	救援者	救援車
きゅうえんび	休園日	休演日
きゅうおん	吸音	旧恩	旧音	球音
きゅうか	旧家	休暇	急火	旧貨	毬花	求荷	求貨	球果	球花	球顆	級化
きゅうかい	休会	救解	旧懐	球界
きゅうかく	九角	久隔	嗅覚	球殼	求核
きゅうかつ	久濶	久闊	裘褐
きゅうかわりふり	休暇割り振り	休暇割振	休暇割振り
きゅうかん	休館	休刊	九官	休肝	吸汗	急患	休閑	吸管	旧慣	旧観	旧館	級間
きゅうかんび	休館日	休刊日	休肝日
きゅうがい	急崖	臼蓋
きゅうがく	休学	給額
きゅうき	吸気	旧記	歙汽	窮奇	給気
きゅうきゅう	嗅球	救急
きゅうきゅうしょく	9級職	九級職
きゅうきょ	丘墟	鳩居	旧居
きゅうきょう	究竟	窮境	仇教	旧教	灸経
きゅうきょく	究極	窮極	旧曲
きゅうきん	球菌	宮禁	給金
きゅうぎ	球技	弓技	旧誼	球戯
きゅうぎじょう	球技場	球戯場
きゅうぎょう	休業	旧業
きゅうけい	求刑	休けい	休憩	球形	吸茎	宮刑	急逕	球茎	弓形
きゅうけつ	糾結	給血	吸血	泣血	灸穴
きゅうげん	急減	給原	給源
きゅうこう	休耕	急行	休校	休航	休講	急航	躬行	旧交	吸光	吸江	救荒	旧功	旧口	旧好	旧港	旧稿	旧行	旧高
きゅうこく	急告	救国	旧国
きゅうこん	求婚	球根	吸魂
きゅうごう	叫号	糾合	鳩合	救郷	鳩鴿
きゅうごしらえ	急ごしらえ	急拵え
きゅうさい	休載	救済	究済	休債	宮宰	救災	旧債	旧妻	窮際
きゅうさく	旧作	朽索	窮策
きゅうさつ	糾察	旧札
きゅうし	九死	休止	急死	窮死	給紙	九紫	急使	宮址	救歯	旧史	旧址	旧師	旧詩	給糸	給脂	臼歯	球史	灸師	きゆう師	旧市	きゅう師
きゅうしき	旧式	旧識
きゅうしつ	吸湿	給湿	宮室	球質
きゅうしゃ	弓射	厩舎	廐舎	求車	鳩舎	柩車	旧社	きゅう舎
きゅうしゅ	鳩首	旧主	球種	宮主	救主	旧守	球腫	球趣	給主
きゅうしゅう	吸収	吸集	急襲	仇讎	急就	旧州	旧習	球周	仇讐
きゅうしゅつ	救出	休出
きゅうしゅん	九春	急しゅん	急峻	球春
きゅうしょう	求償	休祥	宮相	急症	旧称
きゅうしょく	給食	休職	求職	きゅう食
きゅうしょくしゃ	休職者	求職者
きゅうしん	休心	休神	休診	急伸	急進	求心	球審	丘疹	急信	急診	旧臣	球心	鳩信
きゅうじ	救治	給事	給仕	給じ	給餌	旧事	旧時	旧辞	灸治	給飼	球児	旧字
きゅうじつ	休日	旧日
きゅうじゅつ	救じゅつ	救じゆつ	救恤	弓術	灸術
きゅうじょ	救助	宮女
きゅうじょう	休場	球場	旧情	球状	窮状	窮狀	丘上	丘状	弓状	旧城	臼状	宮城
きゅうじん	求人	九仞	旧人	窮尽
きゅうすい	吸水	給水	休錘	汲水	救水
きゅうすいせん	給水船	給水栓
きゅうせい	急性	急逝	九星	旧制	救世	旧姓	舊政	旧政
きゅうせき	求積	旧跡	旧蹟	舊跡	休戚	宮跡
きゅうせつ	急設	旧説
きゅうせん	休戦	九泉	急戦	弓箭	旧線
きゅうそ	泣訴	急訴	窮鼠
きゅうそう	急送	給送	弓奏	弓槍	旧巣
きゅうそく	休息	吸息	球速
きゅうぞう	急増	急造	吸蔵	旧蔵
きゅうぞく	旧俗	旧族
きゅうたい	旧態	球体
きゅうたん	給炭	急湍
きゅうだい	及第	休題	休代
きゅうだん	球団	糺弾	糾弾	急談	給弾
きゅうち	糺治	九地	窮地	旧知	旧地	求知	級地	給地	給知
きゅうちゅう	宮中	吸虫	旧注	球虫
きゅうちょう	旧町	急調	窮鳥	級長
きゅうつい	急追	窮追
きゅうてい	休廷	宮廷	丘堤	旧艇	旧邸
きゅうてん	急転	急轉	九天	休店	灸点
きゅうでん	休電	給電	宮殿	宮でん	給田	急電
きゅうと	宮都	旧図	旧都	舊圖
きゅうとう	急騰	給湯	急登	旧冬	旧套	灸頭
きゅうとうき	給湯機	給湯器
きゅうとく	旧徳	給特
きゅうどう	弓道	旧道	求道	球道
きゅうなん	急難	救難
きゅうにゅう	吸入	吸乳	嗅入
きゅうねつ	急熱	吸熱
きゅうは	急派	旧派
きゅうはい	吸排	朽廃	九拝	給配
きゅうはいぎょう	休廃業	休・廃業
きゅうはいし	休廃止	給排紙
きゅうはく	急迫	窮迫
きゅうはん	旧版	旧藩	急坂
きゅうば	急場	厩馬	弓馬
きゅうばん	吸盤	吸ばん
きゅうひ	給費	厩肥	吸肥
きゅうひょう	求評	給氷
きゅうひん	宮嬪	救貧	旧品
きゅうびょう	宮廟	急病
きゅうふ	給付	朽腐	丘阜	休ふ	休符	旧譜
きゅうふほてんきん	給付補塡金	給付補填金
きゅうぶ	休部	弓部	球部
きゅうへい	旧弊	弓兵
きゅうへん	急変	糺返
きゅうほう	急報	宮保	旧封	旧法	旧邦	臼砲	給報
きゅうぼ	急募	救母
きゅうぼう	救亡	窮乏	急忙
きゅうぼく	休沐	朽木	吸墨
きゅうみん	休眠	救民	窮民
きゅうむ	急務	厩務	宮務	きゅう務	休務
きゅうめい	究明	窮命	糺明	糾明	旧名	救命	求名	糺命
きゅうもん	糺問	糾問	宮門	旧門
きゅうやく	休薬	旧約	旧訳
きゅうゆ	給油	吸油
きゅうゆう	旧友	旧遊	球友	級友	きゅう友
きゅうよ	給与	窮余
きゅうよう	休養	休よう	救養	給養	急用	旧様
きゅうよきてい	給与規定	給与規程
きゅうよしはらいづき	給与支払い月	給与支払月
きゅうよてんびき	給与天引き	給与天引
きゅうらい	旧来	旧らい	救らい	救癩
きゅうらく	急落	及落
きゅうらん	救乱	救亂	級欄
きゅうり	久離	休離	旧里	旧離	究理	窮理	王瓜	胡瓜	黄瓜
きゅうりもみ	胡瓜もみ	胡瓜揉み
きゅうりゅう	急流	球粒	穹窿
きゅうりょう	丘陵	給料	休漁	休猟	休療	救療	旧領
きゅうれい	急冷	旧例	救霊
きゅうれき	旧暦	球歴
きゅうろう	休廊	旧臘	旧陋
きゅうろく	給祿	給禄
きゆ	窺窬	覬覦
きゆう	既有	嬉遊	己酉	杞憂	癸酉
きょ	虚	渠	炬	居	挙	距	巨
きょい	虚位	虚威
きょう	今日	経	卿	教	俠	饗	怯	僑	凶	強	興	況	京	香	境
きょうあい	共愛	狂愛	狭あい	狭隘
きょうい	教委	驚異	境位	強意	胸囲	脅威
きょういき	京域	境域	狭域	疆域
きょういく	教育	敎育
きょういん	教員	嬌韻	教院	狂院	窮陰	竅陰
きょうう	峡雨	峽雨
きょううん	兇運	凶運	強運
きょうえい	共栄	競映	競泳	郷営	教映
きょうえつ	恐悦	恭悦
きょうえん	共演	協演	競演	供宴	狂宴	狂演	竟宴	響演	饗宴
きょうおう	供応	協応	饗応	教王	経王	胸奥
きょうおん	叶音	強音	跫音	響音
きょうおんな	京おんな	京女
きょうか	強化	教科	教化	供花	共火	教課	橋架	狂歌	鏡窠	橋下
きょうかい	境界	協会	教戒	教誡	教誨	経界	胸懐	興會	教会	興会
きょうかいし	教会史	教戒師	教誨師
きょうかいどう	京街道	教会堂
きょうかく	恐嚇	侠客	俠客	橋核	胸廓	胸郭	鋏角
きょうかたびら	経かたびら	経帷	経帷子
きょうかつ	恐喝	恐喝
きょうかん	教官	共感	兇悍	京官	兇漢	共管	凶漢	叫喊	叫喚	峡間	強肝	経巻	胸間	興感	郷関	鏡鑑
きょうが	恭賀	狂画
きょうがい	凶害	境涯	京外	境界
きょうがく	京学	教学	驚がく	驚愕	共学	郷学
きょうがっ	京学	教学
きょうき	強記	共起	狂喜	驚喜	凶器	兇器	狂気	侠気	強起	恐気	狭軌
きょうきゅう	供給	匡救	きょう給
きょうきょ	僑居	郷挙
きょうきょう	矜驕	恐々	恐恐	僑郷	橋脇
きょうきん	胸筋	胸襟	頬筋	頰筋
きょうぎ	協議	恊議	競技	竸技	経木	教義	狭義	きょう木
きょうぎかい	協議会	競技会
きょうぎょう	協業	教行	競業
きょうく	恐懼	狂句	驚懼	教区
きょうけい	嚮景	恭敬
きょうけつ	供血	竅穴
きょうけん	鏡検	強健	強堅	恭倹	恭儉	恭虔	恭謙	強権	強權	兇剣	凶剣	強肩	教権	教研	狂犬
きょうげき	京劇	夾撃	挟撃	矯激	驕激
きょうこう	強行	強攻	兇行	凶行	恐慌	凶荒	恐惶	教皇	胸甲	胸腔	胸高	郷校	響孔
きょうこく	峡谷	郷国	強国
きょうこつ	軽忽	胸骨	侠骨	頬骨
きょうことば	京ことば	京言葉	京詞
きょうこん	夾棍	恐婚
きょうごう	競合	挍合	校合	強剛	驕傲	強豪	郷豪	響合
きょうさ	夾叉	教唆	胸鎖	郷脞
きょうさい	共催	共済	恐妻	凶歳
きょうさく	共作	競作	狭窄	凶作	警策
きょうさつ	京撮	強擦
きょうさん	協賛	協贊	共産	夾算	強酸
きょうざまし	興醒し	興醒まし
きょうざめ	興ざめ	興醒め
きょうし	狂死	教師	教示	驕侈	狂詩	供試	俠死	嬌姿	教士	教旨	篋笥	鏡視
きょうしき	京職	教式	胸式
きょうしつ	教室	狂疾
きょうしゃ	驕奢	強者	狂者	狭斜	胸写	香車	怯者
きょうしゅ	拱手	梟首	教主	兇手	凶手	興趣
きょうしゅう	強襲	教習	郷愁	共修	共習	嬌羞	恐習	教宗	矯臭
きょうしゅく	恐縮	強縮
きょうしょ	教書	競書
きょうしょう	協商	共唱	脅従	狭小	狭少	共勝	共晶	嬌笑	梟将	橋床	胸章	脇将
きょうしょく	供食	矯飾	共食	強食	教職
きょうしん	京進	共振	共震	協心	強振	狂信	強心	狭心	共進	強伸	強震	恐神	競進	郷紳	驕心	供進
きょうじ	教示	共時	経時	凶事	夾侍	矜恃	矜持	経師	驕児
きょうじせい	共時性	強磁性
きょうじゅ	教授	享受
きょうじゅう	共住	兇獣	凶獣	協住	今日中
きょうじゅん	恭順	凶準
きょうじょ	協助	共助	狂女
きょうじょう	兇状	凶状	教場	教条	橋上	境上
きょうじん	強じん	強靭	強靱	狂人	兇刃	凶人	凶刃	凶神	郷人
きょうすい	恐水	胸水
きょうずい	凶瑞	胸髄
きょうせい	共生	共棲	強制	匡正	強請	矯正	強盛	凶星	叫声	嬌声	強勢	強精	教勢	教生	驚声	きょう正
きょうせん	共戦	強占	教宣	教線	胸腺	饗饌
きょうぜつ	頬舌	頰舌
きょうぜん	胸前	饗膳	供膳
きょうそ	教祖	教組
きょうそう	競争	競走	協創	叫騒	競漕	協奏	強壮	共創	凶相	教相	狂想	狂燥	狂草	狂躁	狂騒	競創
きょうそうきょく	協奏曲	狂想曲
きょうそく	教則	競速	脇息	頬側	驚速
きょうぞう	鏡像	教蔵	経蔵	胸像
きょうぞく	兇賊	共属	凶賊
きょうぞめ	京染	京染め
きょうたい	嬌態	教体	狂体	狂態	筐体	筺体
きょうたく	供託	供卓	教卓
きょうたくしょ	供託書	供託所
きょうたん	驚嘆	驚歎
きょうだ	強打	怯惰	怯懦
きょうだい	兄弟	強大	兄妹	橋台	鏡台	経題
きょうだいげんか	兄弟喧嘩	兄弟ゲンカ	兄弟げんか
きょうだん	教団	凶弾	兇弾	教だん	教壇	嬌談
きょうち	狂痴	境地
きょうちゅう	胸中	京中	橋柱
きょうちょう	強調	協調	共聴	狭長	凶兆	凶鳥
きょうつう	共通	胸痛
きょうづか	経塚	経塚
きょうてい	協定	教程	競艇	篋底	胸底
きょうてき	強敵	驕敵
きょうてん	経典	教典	狂癲	驚天
きょうでん	強電	敬田
きょうと	兇徒	凶徒	教徒
きょうとう	共闘	驚倒	教頭	橋頭	侠盗	橋塔	橋東	狂濤	郷党	鏡筒	鏡頭	驚濤
きょうど	強度	郷土	凶奴	境土	強弩	教奴	きょう土
きょうどう	共同	協同	嚮導	教導	協働	俠道	矯導	鏡胴	鏡銅
きょうどうたい	共同体	協同体
きょうない	京内	胸内
きょうなまり	京なまり	京訛り
きょうねつ	強熱	狂熱
きょうねん	享年	凶年	凶念	強撚	狂念
きょうはい	向背	嚮背	狂悖	鏡背
きょうはく	強迫	恐迫	脅迫	強拍
きょうはん	強藩	共犯	共伴	共販	教範	橋畔
きょうばい	競売	競買
きょうひ	共匪	強皮
きょうび	今日び	今日日	狭鼻
きょうふ	恐怖	驚怖	怯夫	教父	轎夫
きょうふう	強風	京風	狂風	矯風	驚風
きょうぶ	胸部	峡部	教部
きょうへい	強兵	郷兵	驕兵
きょうへき	疆壁	胸壁
きょうへん	共編	兇変	凶変	鏡片
きょうべん	強弁	強辯	共弁	協弁	協辦	協辨	教べん	教鞭
きょうほ	匡輔	競歩
きょうほう	僑報	兇報	凶報	教法
きょうほん	狂奔	教本	経本
きょうぼう	共謀	教坊	矯餝
きょうぼく	供木	喬木	教木	梟木
きょうまい	京舞	供米
きょうまく	強膜	胸膜	莢膜	鞏膜
きょうまくえん	強膜炎	胸膜炎
きょうまつり	KYO祭	京祭り
きょうまん	驕慢	きょう慢
きょうみ	興味	きょう味
きょうめい	共鳴	嬌名	橋名
きょうもう	兇猛	凶猛
きょうもん	狂悶	教紋	教門	経文	經文
きょうやき	京焼	京焼き
きょうやく	協約	共役	共訳	共軛
きょうゆう	共有	享有	侠勇	協融	強勇	教友	梟雄	郷勇	郷友
きょうよう	強要	供用	教養	凶夭	共用
きょうらく	享楽	競落
きょうらん	供覧	狂乱	狂瀾	驚瀾
きょうり	郷里	胸裏	胸裡	共利	教理
きょうりつ	共立	協立
きょうりゅう	恐竜	恐龍
きょうりょう	狭量	橋梁	橋りょう	凶漁	教令
きょうりょく	協力	きょう力
きょうりん	杏林	喬林
きょうれん	教練	狂恋
きょうろ	拱路	狭路
きょうろう	怯陋	拱廊
きょうろん	強論	教論	経論
きょうわ	共和	協和
きょうわせい	共和制	共和政
きょか	許可	巨火	去夏	居家	巨花	挙家	炬火	きょ可
きょかい	巨海	巨蟹	巨魁	渠魁
きょかん	巨艦	居館	拒捍	巨漢
きょがく	巨鰐	巨鱷
きょがん	巨岩	巨巌	炬眼	距岸
きょき	歔欷	虚気
きょきょ	虚々	虚虚
きょきん	醵金	拠金	挙筋	鋸筋
きょぎ	虚偽	虚儀
きょく	曲	局	極	巨躯	巨軀
きょくいん	局員	局印
きょくき	棘鰭	極期
きょくげん	局限	曲言	極言	極限
きょくさ	極左	極差
きょくし	局紙	曲師
きょくしゃ	局舎	曲射	局車
きょくしょ	局所	極所	局署
きょくしょう	極少	極小
きょくすい	曲水	極衰
きょくすう	曲数	極数	局数
きょくせい	局勢	極盛	極性
きょくせつ	曲折	曲説	曲節
きょくそう	曲想	極相
きょくち	局地	極地	曲池	極緻	極致	極値
きょくちゅう	局注	曲中
きょくちょう	曲調	局長
きょくづくり	曲作り	曲づくり
きょくてん	跼天	極點	極点
きょくど	極度	極ど
きょくどめ	局留め	局留
きょくどり	曲どり	曲取り
きょくばん	局番	極板
きょくひ	キョク皮	棘皮
きょくぶ	局部	棘部
きょくほう	局報	局方
きょくめい	曲名	局名
きょくめん	局面	曲面
きょくりゅう	曲竜	曲隆
きょくれい	曲例	曲礼	曲禮
きょくろ	曲路	棘路
きょくろん	曲論	極論
きょこう	挙行	虚構	虚航
きょこん	巨根	虚根	許婚
きょさい	去歳	巨細
きょし	鋸歯	拒止	去私	巨嘴	巨視	巨資	挙止
きょしちょうざ	きょしちょう座	巨嘴鳥座
きょしゅう	醵集	去就	去秋	巨酋	虚舟
きょしゅつ	拠出	醵出
きょしょう	挙証	巨匠	去声	虚証	裾礁
きょしょく	拒食	虚飾	巨食
きょしん	虚心	巨神
きょじ	挙示	擧示	虚字	虚辞
きょじゅ	巨樹	巨儒
きょじゅう	居住	据銃	巨獣	巨重
きょじょう	挙上	居城	居常	拠城	許状
きょじん	巨人	挙人	居人
きょせい	去勢	虚勢	去声	巨星	挙世
きょせき	拒斥	居席	巨石	裾石
きょせん	巨川	巨船
きょぜつ	拒絶	巨舌
きょぞう	虚像	巨像	巨象
きょたん	去痰	虚誕	虚譚	袪痰
きょだん	巨弾	虚談
きょっかん	極諌	極諫	曲管	極冠	極官
きょっけい	極刑	曲型
きょっこう	曲行	旭光	極光	極紅	極高
きょとう	巨頭	挙党	巨塔	巨濤
きょどう	挙動	居動
きょねん	去年	きょ年
きょはく	巨擘	巨舶
きょひ	拒否	巨費	巨碑	許否	距腓
きょぶん	虚文	虚聞
きょほ	巨歩	挙父	虚歩
きょほう	巨峰	巨砲	虚報
きょぼう	居房	虚耗
きょやく	拒約	拒薬
きょよう	許容	挙用
きょり	距離	巨利
きょりゅう	居留	去留	巨竜	巨龍
きょれい	虚礼	挙例	虚霊
きよ	寄与	毀誉	き誉
きよう	起用	紀要
きよく	祈欲	棄欲
きよせ	季寄せ	木寄	木寄せ
きよめ	浄め	清め
きよめぶき	清めぶき	清め拭き
きよわ	気弱	き弱
きらい	帰来	嫌い	嫌ひ	機雷
きらく	帰洛	喜楽	嬉楽
きらめきかん	煌めき感	きらめき感
きり	斬り	切り	奇利	鬼吏	霧	桐	錐	切
きりあい	斬り合い	切り合い	斬合い	切合い
きりあげ	切り上げ	切上	切上げ	切りあげ
きりあと	切りあと	切り跡
きりあな	切り穴	切穴
きりいか	切りいか	切り烏賊	切イカ
きりいし	切り石	切石	截石
きりうり	切り売り	切り売	切売	切売り
きりえ	切り絵	切絵
きりおしみ	伐り惜しみ	切り惜しみ
きりかえ	切りかえ	切り換え	切り換ヘ	切換	切替	切替え	切り替え	切換え
きりかえし	切り返し	切返し
きりかえび	切替日	切り替え日	切替え日
きりかき	切り欠き	切欠
きりかけ	切り懸け	切り掛け	切懸け	切掛け
きりかぶ	切りかぶ	切り株	切株
きりかぶろ	切りかぶろ	切り禿
きりかみ	切り紙	切り髪	切紙	切髪
きりがね	切り金	切金	截金
きりきず	切傷	切りきず	切り傷	切り疵	切疵	斬り傷
きりぎし	切り岸	切岸
きりぎりすそう	螽斯草	きりぎりす草	螽蟖草
きりくず	切りくず	切り屑	切屑
きりくち	切り口	切りくち	切口	斬りくち	斬り口
きりくび	切り首	切首	斬り首	斬首
きりこ	切り子	切り籠	切り粉	切子	切篭	切籠	切粉
きりこうじょう	切口上	切り口上
きりこみ	切り込み	切りこみ	切込	切込み	斬り込み	斬込み
きりさき	切り裂き	切裂
きりさげ	切り下げ	切下げ	切下
きりしたん	切支丹	吉利支丹	幾利紫旦	鬼理至端
きりしろ	切りしろ	切り代
きりじに	斬り死に	切り死	切り死に	切死	切死に	斬死	斬死に	斬り死
きりすて	切り捨て	切捨て	斬り捨て	斬捨て	切捨	切りすて	斬りすて
きりすときょう	キリスト教	基督教
きりずみ	切り炭	切炭
きりたて	切りたて	切り立て	切立	切立て
きりだし	切り出し	切出し
きりつ	起立	紀律	規律
きりつぎ	切りつぎ	切り接ぎ	切り継ぎ	切接ぎ	切継	切継ぎ
きりづくり	霧作り	霧造り
きりづま	切り妻	切妻
きりとり	切りとり	切り取り	切取	切取り	斬り取り
きりとりせん	切り取り線	切取り線	切取線
きりど	切土	切り戸	切戸
きりどおし	切り通し	切通	切通し
きりぬき	切り抜き	切りぬき	切り抜	切抜	切抜き
きりは	切り羽	切端	切羽
きりはぎ	切りはぎ	切り接ぎ
きりはく	切り箔	切箔
きりはた	切り畑	切畑
きりはなれ	切り離れ	切離れ
きりばこ	桐箱	霧箱
きりばたけ	桐畑	桐畠
きりばな	切り花	切花	切りばな	剪り花
きりばり	切りばり	切り張	切り張り	切り貼	切り貼り	切張	切張り	切貼	切貼り
きりび	切り火	切火
きりふき	霧吹	霧吹き
きりふだ	切り札	切札
きりべら	切りべら	切り箆
きりぼし	切り干し	切干	切干し	切り干
きりまい	切り米	切米
きりまど	切り窓	切窓
きりみ	切り身	切身
きりみず	切り水	切水
きりむぎ	切り麦	切麦
きりむらさき	桐むらさき	桐紫
きりめ	切り目	切りめ	切目
きりめん	切りめん	切り麺
きりもち	切りもち	切り餅	切餅
きりもみ	錐もみ	錐揉み
きりもり	切りもり	切り盛り	切盛	切盛り
きりもん	桐文	桐紋
きりゅう	寄留	気流	希硫	気粒	虬竜
きりょ	羇旅	羈旅	貴慮
きりょう	帰寮	器量	気りやう	縹緻	気量
きりょく	気力	棋力	汽力	輝緑
きりわり	切り割り	切割	切割り
きりん	騏麟	麒麟
きりんざ	麒麟座	きりん座
きるい	帰塁	着類	喜涙
きれ	切れ	帛	切
きれあじ	キレ味	切れ味	切味	斬れ味
きれいごと	きれい事	奇麗事	綺麗事
きれいどころ	奇麗どころ	綺麗どころ	綺麗所	奇麗所
きれこみ	切れこみ	切れ込み
きれじ	切れ字	切字	切れ痔	切痔	裂痔	切れ地	切地	裂地	布地
きれっぱし	切っ端	切れっぱし	切れっ端	切れツ端
きれつ	亀裂	き裂
きれなが	切れ長	切れなが	切長
きれはし	切れ端	切れはし
きれめ	切れ目	切れめ
きれもの	切れ者	切れ物
きれん	祈恋	起連
きろ	岐路	寄蘆	帰路
きろう	生蝋	生蠟	棄老
きろく	記録	記ろく	記錄	季肋
きろめーとるまいじ	キロメートル毎時	km\u002F時
きわ	奇話	際
きわく	木枠	木わく	木ワク
きわまり	窮まり	極まり
きわみ	極み	窮み
きわめがき	極め書	極め書き	極書	極書き
きわめつき	極めつき	極め付	極め付き	極付	極付き
きわめつけ	極めつけ	極め付け
きわめふだ	極め札	極札
きわり	木割	木割り
きん	菌	金	近	巾	鏧	禁	勤	磬	听	斤	琴	筋
きんあつ	禁圧	禁遏	均圧	緊圧
きんい	筋胃	近位	近医	金位	金衣	錦衣
きんいろ	金色	金いろ
きんいん	近因	金印	金員
きんえい	欣栄	欣榮	禁衛	近影	近詠
きんえき	禁掖	菌液	金液
きんえん	禁煙	禁烟	近縁	禁厭	禁園	禁苑	筋炎	金円	金塩	錦筵
きんか	金貨	槿花	近火	金価	金價	金瓜	金科	金花
きんかい	謹解	近海	欣快	禁戒	菌界	襟懐	襟懷	金塊
きんかき	菌かき	菌掻き
きんかく	菌核	金閣	巾幗
きんかくし	金かくし	金隠し
きんかん	近刊	金かん	金冠	金柑	金橘	金環	金看	金管	金簪
きんかんじき	金かんじき	金カンジキ
きんが	筋芽	謹賀
きんがく	勤学	金がく	金額
きんき	欣喜	禁忌	琴棊	琴棋	金匱	金帰	錦旗
きんきゅうよびだし	緊急呼出し	緊急呼出	緊急呼び出し
きんきょう	禁教	近況
きんぎょ	金魚	禁漁
きんぎょう	欽仰	近業
きんぎょすくい	金魚掬い	金魚すくい
きんぎれ	錦切	錦切れ
きんぎんか	金・銀貨	金銀貨
きんく	勤苦	禁区	禁句	金句
きんぐん	禁軍	筋群	菌群
きんけい	近景	欽敬	筋系	謹啓	金谿	金鶏	錦鶏
きんけつ	緊結	禁闕	菌血	金欠	金穴	金闕
きんけん	近県	金権	金券	勤倹	金研	近見
きんけんえん	禁・嫌煙	禁嫌煙
きんげん	謹厳	筋原	謹言	金言
きんげんだい	近・現代	近現代
きんこ	禁固	禁錮	緊箍	金箍	金庫	光参	金海鼠	金粉	今古	近古	金鼓
きんこう	均衡	近郊	金鉱	勤功	欣幸	禁寇	筋鉤	菌綱	襟甲	謹厚	近攻	金坑	金工
きんこく	謹告	金穀
きんこん	瑾鵾	禁婚	緊褌	菌根	金婚
きんごう	近郷	均合
きんごく	禁獄	近国
きんさ	僅差	均差	欽差	きん差
きんさい	金彩	金釵
きんさく	金策	近作
きんさつ	禁札	金札
きんし	錦糸	禁止	勤仕	琴糸	菌糸	近思	近視	金枝	金糸	金鵄
きんしつ	均質	琴瑟
きんしゃ	謹謝	禽舎	金砂	金紗	錦紗
きんしゅ	禁酒	筋腫	菌株	菌種	金珠	金種	金主
きんしゅう	緊就	金繡	錦秋	錦繍	錦繡
きんしょ	謹書	禁書
きんしょう	僅少	擒縦	菌床	近称	金匠	金商	金性	金証	金将	金賞	筋症
きんしょく	禁食	菌食
きんしん	謹慎	近臣	近親	近信	近心	金神	金針	麕身
きんじ	近似	近侍	近邇	近時	巾柱	矜持	近事	金字	金地
きんじゅう	禽獣	近習
きんじょ	近所	近じょ
きんじょう	金城	菌状	今上	禁城	緊錠	謹上	近情	近状	錦上
きんせい	禁制	謹製	筋性	近世	均整	均斉	金晴	金睛	金精	金青	金製	金政
きんせつ	近接	緊接	緊切	筋節
きんせん	欽羨	謹撰	謹選	金銭	欣羨	琴線	近浅	金扇	金盞	金線
きんそう	筋層	菌叢	金瘡	金相
きんそく	禁足	禁則	筋束
きんぞく	金属	勤続	金ぞく
きんぞくせい	金属性	金属製
きんたい	今体	勤怠	菌体	菌苔	襟帯	錦帯	錦袋	近体
きんたいしめび	勤怠締め日	勤怠締日
きんたま	金タマ	金玉
きんたろうあめ	金太郎飴	金太郎あめ
きんだいし	近代史	近代詩
きんだみ	金ダミ	金彩
きんだん	禁断	金談
きんち	錦地	近地
きんちゃく	緊着	近着	巾着
きんちゅう	筋注	禁中	筋中
きんちょう	緊張	謹聴	金打	禁鳥	錦帳
きんつぎ	金つぎ	金継ぎ
きんてい	緊締	謹呈	欽定	禁庭	禁廷	緊定
きんてん	均てん	均霑	欽天	近点
きんでん	筋電	均田	金殿
きんと	筋斗	觔斗	金斗
きんとう	均等	筋頭	金湯
きんど	緊度	襟度
きんどく	謹読	金得
きんにく	キン肉	筋肉	きん肉
きんのう	勤王	勤皇	錦囊	金納
きんば	金歯	金馬
きんばん	勤番	筋板	金板
きんぱい	金杯	金牌	金盃
きんぱく	緊迫	金ぱく	金箔	謹白	金帛
きんぱつ	金髪	金パツ
きんびかり	金びかり	金光り
きんぴ	禁秘	金肥
きんぶち	金縁	金ぶち	金ブチ
きんぶん	均分	金文	近聞
きんぷう	金封	金風
きんべこ	金べこ	金ベコ
きんぺい	金幣	金瓶	錦屏
きんぺん	近辺	金片
きんぼ	欽慕	欣慕
きんぽう	金鳳	錦袍
きんま	蒟醤	近麻
きんまん	金満	緊満
きんめ	斤目	金眼	金目
きんもん	金門	禁門	金紋
きんゆ	禁輸	均輸
きんよう	金曜	欽曜	金よう	緊要	金葉
きんよく	禁欲	禁慾	金欲
きんらん	金襴	錦襴
きんらんちょう	金蘭鳥	金襴鳥
きんり	金利	禁裏	禁裡
きんりゅう	金竜	金龍
きんりょう	禁漁	斤量	禁猟	筋量	菌量	金量
きんりょうき	禁漁期	禁猟期
きんりょく	筋力	金力	金緑
きんりん	近隣	錦鱗
きんる	近流	金縷
きんれい	禁令	金冷	金鈴	靳令
きんろう	勤労	金狼
きんろく	禽鹿	金禄
ぎ	木	儀	妓	祇	気	義	氣	柝	樹	技	議	偽
ぎあん	疑案	議案
ぎいん	議員	偽印	議院
ぎうん	議運	疑雲
ぎえん	戯苑	義捐	義援	義縁
ぎえんきん	義捐金	義援金
ぎおう	偽王	祇王
ぎか	偽貨	戯歌	技科	義靴
ぎかい	議会	議會
ぎかく	疑核	擬革
ぎかん	技官	妓館	技監
ぎき	儀軌	義旗	義気
ぎきょう	偽経	技協	義侠	義俠	義鏡	桔梗
ぎく	疑惧	疑懼	菊
ぎけい	偽計	義兄
ぎけつ	議決	疑結
ぎけん	技研	技建
ぎげい	伎芸	技芸
ぎげん	偽言	議言
ぎこう	技工	技巧
ぎさん	ギ酸	蟻酸
ぎし	技士	技師	義姉	偽史	戯詩	擬死	義士	義子	義歯	義肢	魏使	岸
ぎしゃ	義舎	義者	汽車
ぎしゅ	戯珠	技手	義手
ぎしょ	魏書	偽書	戯書	義疏
ぎしょう	偽称	偽証	妓娼
ぎしょく	偽食	偽色
ぎしり	軋	軋り
ぎしん	疑神	疑診	義心	義臣	魏晋	疑心
ぎじ	疑似	擬似	擬餌	疑餌	議事
ぎじばり	擬餌針	擬餌鉤
ぎじょ	妓女	祇女	義女
ぎじょう	偽常	儀じょう	儀仗	戯場	擬情	議定	議場
ぎじん	伎人	擬人	義人
ぎせい	議政	擬製	偽誓	擬制	擬勢	擬声	犠牲
ぎせき	議席	偽籍
ぎそう	蟻走	偽装	擬装	艤装	擬生	義倉	議奏	ぎ装
ぎそく	義足	偽足
ぎぞう	偽造	偽像
ぎたん	義胆	義膽
ぎちゃく	疑着	疑著
ぎちょう	議長	義長
ぎっくりごし	ギックリ腰	ぎっくり腰
ぎてい	議定	義弟
ぎてん	偽典	儀典	疑点
ぎとう	祈とう	祈祷	祈禱
ぎとく	偽徳	僞徳
ぎどう	儀同	蟻道
ぎぬ	帛布	絹	衣
ぎね	杵	ぎ祢
ぎのう	技能	羲農
ぎひ	偽扉	偽碑	犠飛
ぎひょう	戯評	儀表
ぎふ	義父	妓夫	義婦	義夫
ぎへい	偽兵	義兵	魏兵
ぎぼく	戯墨	擬木	義僕
ぎまく	偽膜	義膜
ぎまん	偽瞞	欺まん	欺瞞	偽満
ぎみ	気味	気み
ぎむ	義務	戯夢
ぎむづけ	義務付け	義務づけ
ぎめ	決め	極め
ぎめい	義盟	偽名	疑迷
ぎもん	疑問	ぎ問
ぎもんし	疑問視	疑問詞
ぎゃくあし	逆脚	逆足
ぎゃくえん	逆縁	逆援
ぎゃくぎれ	逆ギレ	逆切れ
ぎゃくさつ	虐殺	ぎゃく殺
ぎゃくざや	逆ざや	逆ザヤ	逆鞘
ぎゃくしん	逆進	逆真	逆心	逆臣
ぎゃくせい	虐政	逆性	逆成
ぎゃくせつ	逆説	逆接
ぎゃくせつてき	逆説的	逆接的
ぎゃくそう	逆送	逆走
ぎゃくと	逆睹	逆徒
ぎゃくどめ	逆止	逆止め
ぎゃくどめべん	逆止め弁	逆止弁
ぎゃくぶ	逆峯	逆峰
ぎゃくむき	逆向き	逆むき
ぎゃくもどり	逆もどり	逆戻り
ぎゃっこう	逆向	逆光	逆効	逆行
ぎゅう	妓夫	牛
ぎゅうけい	牛形	牛鶏
ぎゅうこま	牛こま	牛細
ぎゅうしゃ	牛舎	牛車
ぎゅうすじ	牛すじ	牛スジ	牛筋
ぎゅうすじにく	牛筋肉	牛すじ肉
ぎゅうたん	牛タン	牛丹	牛舌	牛たん
ぎゅうとう	牛刀	牛痘
ぎゅうとろ	牛とろ	牛トロ
ぎゅうどん	牛丼	牛どん
ぎゅうなべ	牛なべ	牛鍋
ぎゅうにゅう	牛乳	牛にゅう
ぎゅうはい	牛排	牛肺
ぎゅうひ	牛皮	求肥
ぎゅうふん	牛フン	牛糞	牛ふん
ぎゅうめし	牛めし	牛飯
ぎょい	御意	御衣
ぎょう	行	御宇	経	業
ぎょうあん	暁暗	暁闇
ぎょうか	業過	凝華
ぎょうかい	凝塊	凝灰	行改	業界
ぎょうかいし	業界誌	業界紙
ぎょうかえ	行替え	行がえ
ぎょうかく	行革	仰角	暁角	業革
ぎょうかん	仰瞰	行監	行管	行観	行間
ぎょうき	暁起	曉起	澆季	驍騎	行気	行規
ぎょうぎ	凝議	行儀
ぎょうぎょうし	行々子	行行子
ぎょうけい	行啓	行刑
ぎょうけつ	凝結	凝血
ぎょうげつ	暁月	曉月
ぎょうこう	行幸	僥倖	僥幸	暁光
ぎょうし	仰視	凝視	凝脂
ぎょうしゅ	業種	仰首	業主
ぎょうしゅう	凝聚	凝集
ぎょうしょ	行書	教書
ぎょうしょう	行商	仰承	仰韶	暁鐘	牛樟	驍将
ぎょうじ	行持	行事	行司
ぎょうじゃにんにく	行者葫	行者忍辱
ぎょうせい	行政	暁星
ぎょうせき	業績	凝析	行跡
ぎょうせつ	暁雪	曉雪
ぎょうそ	翹楚	行訴
ぎょうそう	仰崇	形相
ぎょうたい	凝滞	業態
ぎょうちゅう	蟯虫	ぎょう虫
ぎょうてん	仰天	暁天
ぎょうどう	行道	凝当
ぎょうぶつ	行仏	行佛
ぎょうほう	行法	業法
ぎょうぼう	仰望	翹望
ぎょうむ	業務	暁霧	曉霧
ぎょうよ	業余	業餘
ぎょうよう	杏葉	業容
ぎょうれつ	ギョー列	行列
ぎょえい	御詠	魚影
ぎょえん	御苑	魚塩
ぎょか	漁家	魚価	漁火
ぎょかい	魚介	魚貝	漁会	魚怪
ぎょかいるい	魚介類	魚貝類
ぎょかく	漁獲	魚獲
ぎょき	御忌	御記	漁期
ぎょきょう	漁協	漁況
ぎょく	漁区	玉
ぎょくがん	玉眼	玉顔
ぎょくしゅ	玉手	玉珠
ぎょくしょう	玉将	玉章	玉簫
ぎょくせい	玉成	玉清	玉製
ぎょくせきこんこう	玉石混交	玉石混淆
ぎょくたい	玉体	玉躰
ぎょくとう	玉塔	玉頭
ぎょくはい	玉佩	玉杯
ぎょけい	御慶	魚形
ぎょこう	漁港	漁綱	魚口	魚肴	魚膠
ぎょし	御史	魚翅
ぎょしゃ	御者	馭者
ぎょしゃざ	馭者座	ぎょしゃ座
ぎょしゅう	御集	魚臭	漁舟
ぎょしょう	魚礁	漁礁	魚醬	魚醤	漁唱	漁樵	魚商
ぎょしょく	漁色	魚食
ぎょしん	御寝	魚信
ぎょじょう	魚場	漁場
ぎょせい	御製	漁政
ぎょせん	漁船	御撰
ぎょそう	魚巣	魚倉	魚槍	魚相	魚艙	魚鎗
ぎょたい	魚体	魚袋
ぎょてい	漁艇	馭丁	魚梯
ぎょとう	御灯	漁灯
ぎょひ	魚皮	魚肥
ぎょふ	漁夫	漁父
ぎょふく	魚服	魚腹
ぎょもう	漁網	魚網
ぎょもん	魚文	魚紋
ぎょゆう	御有	御遊
ぎょらん	魚卵	魚濫
ぎょりゅう	御柳	魚竜
ぎょろう	漁ろう	漁労	漁撈
ぎょろめ	ギョロ目	ぎょろ目
ぎよう	伎癢	儀容	技癢
ぎようせい	偽陽性	擬陽性	疑陽性
ぎらい	嫌い	嫌ひ
ぎり	義理	斬り	切り	霧	桐	錐
ぎりょう	議了	技量	伎倆	技倆	蟻量
ぎれ	切れ	帛	切
ぎろう	妓楼	議郎
ぎろん	議論	議ろん
ぎわ	義和	際
ぎんあん	銀あん	銀餡	銀鞍
ぎんい	銀位	銀緯
ぎんか	銀価	銀價	銀貨
ぎんかい	銀塊	銀灰
ぎんかん	銀漢	銀鐗
ぎんこう	銀行	吟行	銀光	銀坑	銀鉱
ぎんこういん	銀行員	銀行印
ぎんざけ	銀ザケ	銀鮭
ぎんざめ	銀ざめ	銀鮫
ぎんしゅ	銀主	銀朱
ぎんしょう	吟唱	吟誦	銀将	銀粧	銀賞
ぎんしょく	銀燭	銀色
ぎんしん	銀針	銀鍼
ぎんじょう	吟醸	吟釀
ぎんせい	吟声	銀製
ぎんせん	銀扇	銀箭	銀線	銀銭
ぎんだら	銀ダラ	銀鱈
ぎんなり	銀成	銀成り
ぎんねず	銀ねず	銀鼠
ぎんば	銀歯	銀馬
ぎんばえ	銀ばえ	銀バエ	銀蝿	銀蠅
ぎんばん	銀盤	銀板
ぎんぱい	銀杯	銀牌	銀盃
ぎんぱいそう	銀杯草	銀盃草
ぎんぱく	銀ぱく	銀白	銀箔
ぎんぶち	銀ぶち	銀縁
ぎんやんま	銀やんま	銀蜻蜒
ぎんりん	銀輪	銀鱗
ぎんれい	銀嶺	銀鈴
く	句	苦	區	吼	口	区
くあわせ	句合せ	句合わせ
くい	九位	悔	杙	杭	悔い	句意	食い	食
くいあげ	喰いあげ	食いあげ	食い上げ
くいあわせ	食い合せ	食い合わせ	食合せ
くいうち	杭打ち	くい打ち
くいかけ	食いかけ	食い掛け
くいかす	食いカス	食い滓
くいけ	喰い気	食い気
くいざま	食いざま	食い様
くいしんぼ	食いしんぼ	食いしん坊
くいしんぼう	食いしんぼう	食いしん坊	くいしん坊
くいだめ	食いだめ	食い溜め
くいちがい	食い違い	喰ちがひ	くい違い
くいつき	食いつき	食い付き
くいつぶし	食いつぶし	食い潰し
くいづわり	食いづわり	食い悪阻
くいな	水雞	水鶏
くいにげ	喰い逃げ	食い逃げ	くい逃げ
くいぬき	杭抜き	くい抜き
くいもの	食い物	喰い物	喰いもの	食いもの	食ひ物	食物
くいもん	食いもん	食いモン
くいわけ	食いわけ	食い分け
くうい	空位	空尉
くうかつ	空豁	空闊
くうかん	空間	空閑
くうきせいじょうき	空気清浄機	空気清浄器
くうげき	空撃	空隙
くうこ	控股	空狐
くうこう	空港	空孔
くうごう	空盒	空壕
くうさい	空寨	空際
くうしゅう	空襲	空しゅう
くうしょう	空将	空床	空性	空相
くうしん	空芯	空振
くうせき	空席	空石
くうそ	空疎	空そ
くうそう	空想	空創	空曹	空走
くうちゅうせん	空中戦	空中線
くうちょう	空調	空腸
くうばく	空爆	空幕
くうほう	空包	空胞	空砲
くうもう	空亡	空濛
くうらん	空欄	空らん
くうり	空理	空裏
くえ	九絵	倶会
くえん	枸櫞	苦焔	苦焰
くかい	苦灰	句会	苦海	区会	区快
くかく	区画	区劃	区隔	區隔
くかたち	探湯	盟神探湯
くかん	区間	句間	苦汗	躯幹	軀幹
くがい	苦界	区外
くき	茎	区旗
くきたち	茎立	茎立ち
くきょう	究竟	苦境	句境	苦況
くきわかめ	茎ワカメ	茎若布
くぎ	供儀	供犠	句義	区議	釘
くぎうち	釘打	釘打ち	くぎ打ち
くぎかくし	釘隠	釘隠し	くぎ隠し
くぎしめ	釘締め	くぎ締め
くぎづけ	釘付け	釘づけ	くぎ付け
くぎぬき	釘抜	釘抜き	くぎ抜き
くぎめ	釘目	くぎ目
くぎょう	公卿	苦行	工巧
くぎり	区切り	句切	句切り	区切
くく	九々	九九	栩々	栩栩	苦苦	苦々
くくりいと	括り糸	くくり糸
くくりざる	括り猿	くくり猿
くくりぞめ	括り染め	くくり染め
くくれあご	括れ頤	括れ顎
くぐりあらい	潜り洗い	くぐり洗い
くぐりぎわ	潜りぎわ	潜り際
くぐりぐち	潜り口	くぐり口
くぐりど	潜り戸	潜戸	くぐり戸	くゞり戸
くぐりもん	潜り門	潜門	くぐり門
くけい	矩形	句型	苦計
くけつ	口決	口訣	駆血
くけぬい	絎け縫い	くけ縫い
くけばり	絎け針	くけ針
くげ	公卿	供笥	供花	供華	狗牙	公家
くげん	苦言	苦患
くご	箜篌	供御
くさ	草	艸	瘡	種
くさあじさい	草アジサイ	草紫陽花
くさいり	草入	草入り
くさかき	草カキ	草掻き
くさかげろう	草かげろう	草蜉蝣
くさかご	草籠	草かご
くさかり	草刈	草刈り	草かり
くさかりき	草刈機	草刈り機
くさがれ	草枯	草枯れ
くさけずり	草けずり	草削り
くさごえ	草肥	草肥え
くさずもう	草ずもう	草相撲
くさずり	草摺	草摺り
くさたけ	草丈	草たけ
くさっぱら	草っぱら	草っ原	草ッ原
くさとり	草取り	草とり	草取
くさねむ	草ねむ	草合歓
くさのいおり	草のいおり	草の庵
くさのおう	草王	草黄
くさはら	草はら	草原
くさび	楔	橛
くさびあな	クサビ穴	楔穴
くさびいし	楔石	くさび石
くさびがた	楔形	くさび形
くさぶき	草ぶき	草葺	草葺き
くさぼうき	草ぼうき	草箒
くさまくら	草まくら	草枕
くさむら	草むら	草ムラ	草叢	叢
くさもち	草餅	草もち
くさもみじ	草もみじ	草紅葉
くさや	草屋	草矢
くさやぶ	草やぶ	草藪
くさり	鎖	鏈	腐り
くさりあみ	鎖編み	くさり編み
くさりかたびら	鎖かたびら	鎖帷子
くさりがま	鎖がま	鎖鎌
くさりば	クサリ場	鎖場
くさりへび	鎖蛇	鎖へび
くされえん	腐れ縁	くされ縁
くされちんぽ	腐れちんぽ	腐れチンポ
くさわけ	草分け	草わけ	草分
くし	櫛	駆使	串	区市	句誌	区史
くしいた	櫛板	くし板
くしいれ	串入れ	櫛入れ
くしかざり	櫛かざり	櫛飾り
くしかつ	串かつ	串カツ
くしかんざし	櫛簪	櫛かんざし
くしがた	櫛形	くし形	くし型
くしぎり	櫛切り	くし切り
くしげ	匣	櫛匣	櫛笥
くしざし	串刺	串刺し	くし刺し
くしまき	櫛巻	櫛巻き
くしめ	櫛目	くし目
くしゃ	俱舎	倶舎
くしゃみ	嚏	嚔
くしやき	串焼き	串焼	くし焼き
くしょう	口唱	口称	苦笑	区章
くしょく	躯触	軀触
くしん	苦辛	苦心
くじ	九字	公事	旧事	籤	鬮
くじうん	クジ運	籤運	くじ運
くじばこ	籤箱	くじ箱
くじびき	クジ引き	籤引	籤引き	くじ引き	くじ引
くじふだ	籤札	くじ札
くじゃくざ	孔雀座	くじゃく座
くじゅ	口授	苦受
くじゅう	苦渋	苦汁
くじらざ	鯨座	くじら座
くじらざし	鯨ざし	鯨差	鯨差し
くじらずし	クジラ寿司	鯨寿司
くじらとり	鯨とり	鯨捕り
くじらりょう	クジラ漁	鯨漁
くす	庫司	樟	楠
くすし	薬師	医師
くすだま	薬玉	くす玉
くすのき	クスの木	楠	樟	くすの木
くすりうり	薬売	薬売り
くすりがり	薬狩り	薬猟
くすりがわり	薬がわり	薬代わり
くすりづくり	薬づくり	薬作り
くすりづけ	薬漬け	薬づけ	薬漬
くすりねだり	薬ねだり	薬強請り
くすりびん	薬壜	薬瓶
くすりまけ	クスリ負け	薬負け	くすり負け
くすりゆび	薬指	くすり指
くず	葛	屑
くずいと	屑糸	くず糸
くずいれ	屑入れ	くず入れ
くずかけ	葛かけ	葛掛	葛掛け
くずかご	屑かご	屑篭	屑籠	くず籠
くずきり	葛きり	葛切り	くず切り
くずこ	クズ粉	葛粉	くず粉
くずごめ	クズ米	屑米
くずざくら	葛桜	くず桜
くずしじ	崩し字	くずし字
くずしまい	崩し舞	くづし舞
くずたたき	葛たたき	葛叩き
くずだま	葛玉	くず玉
くずてつ	クズ鉄	屑鉄	くず鉄	くづ鉄
くずに	屑煮	葛煮	くず煮
くずねり	葛練	葛練り
くずばこ	屑箱	くず箱
くずまい	屑米	くず米
くずまゆ	屑繭	くず繭
くずもち	久寿もち	葛餅	くず餅
くずもの	屑物	くず物
くずや	屑屋	くず屋
くずゆ	葛湯	くず湯
くせ	癖	曲
くせい	区政	狗声	区制
くせげ	クセ毛	癖毛	くせ毛
くせだま	クセ玉	癖玉	曲球	くせ球	癖球
くせっけ	クセっ毛	クセッ毛	癖っ毛	癖ッ毛	くせっ毛
くせもの	クセ者	曲者	くせ者
くせん	苦戦	駆潜
くぜつ	口舌	口説
くそ	屎	糞
くそちん	クソ鎮	くそ鎮
くそぢから	糞力	くそ力
くそったれ	クソッ垂れ	糞ったれ	糞っ垂れ
くそどきょう	糞度胸	くそ度胸
くそばえ	糞蠅	糞蝿
くそへ	屎戸	糞戸
くたい	躯体	軀体	区隊	苦諦
くたびれ	草臥	草臥れ
くたびれもうけ	草臥れもうけ	草臥れ儲け	草臥儲け	くたびれ儲け
くだぎつね	管狐	苦蛇狐
くだけまい	砕け米	砕米
くだしぐすり	下し薬	くだし薬
くだしぶみ	下し文	下文
くだもの	菓物	果物
くだものかご	果物かご	果物籠
くだものざら	果物皿	くだもの皿
くだものばたけ	果物畑	くだもの畑
くだり	下り	件り	件
くだりがつお	下りガツオ	下り鰹
くだりきゃく	下り客	くだり客
くだりざか	下り坂	下りざか
くち	口	駆馳
くちあい	口合	口合い
くちあき	口あき	口開き
くちあたり	口当たり	口当り	口あたり
くちいれ	口入	口入れ
くちうつし	口うつし	口写し	口移し
くちうら	口裏	口うら
くちかせ	口かせ	口枷
くちがき	口書	口書き
くちき	朽ち木	朽木	くち木
くちきき	口利き	口きき
くちききりょう	口利き料	口きき料
くちきり	口切	口切り
くちぐせ	口癖	口ぐせ	口グセ
くちぐち	口々	口ぐち	口口
くちぐるま	口車	口ぐるま
くちげんか	口喧嘩	口ゲンカ	口げんか
くちごたえ	口答え	口ごたえ	口応え
くちさき	口先	口さき	口先き
くちざわり	口ざわり	口触り
くちしめ	口締	口締め
くちすすぎ	口すすぎ	口漱ぎ
くちすぼめ	口すぼめ	口窄め
くちずさみ	口遊	口遊み	口ずさみ
くちぞえ	口ぞえ	口添え	口添へ
くちだし	口出し	口だし
くちつき	口つき	口付き
くちづくり	口造り	口作り
くちづけ	口づけ	口付け	口接け	接吻け
くちづたえ	口伝え	口づたえ
くちづて	口づて	口伝て
くちとり	口取り	口取
くちどめ	口止め	口どめ	口留	口留め
くちなし	山梔子	梔子	黄枝花
くちなしいろ	梔子色	くちなし色
くちなめずり	口なめずり	口舐り
くちならし	口慣し	口慣らし	口馴し	口馴らし
くちなわ	朽ち縄	朽縄	蛇
くちば	朽ち葉	朽葉
くちばし	口ばし	口バシ	嘴
くちぱく	口ぱく	口パク
くちひげ	口髭	口ひげ	口ヒゲ	口髯	口鬚	髭髯
くちひも	口ひも	口紐
くちび	口火	口び
くちびらき	口開き	口開
くちびる	口びる	脣	唇
くちぶえ	口笛	口ぶえ
くちぶり	口振り	口吻り	口ぶり
くちべた	口べた	口ベタ	口下手
くちべに	口紅	口べに
くちべらし	口べらし	口減らし
くちまね	口まね	口マネ	口真似
くちめ	口女	朽目
くちもと	口元	口もと	口許	唇許
くちゅう	駆虫	苦衷
くちょう	区長	口調
くちよせ	口寄	口寄せ
くちわき	口わき	口脇
くっき	倔起	屈起	崛起
くっきょう	屈強	究竟
くっきん	屈筋	屈金
くっさく	掘さく	掘削	掘鑿
くっし	屈指	屈し
くっしん	屈伸	掘進
くっせつ	屈折	掘設
くっそく	屈側	掘足
くったく	屈托	屈託
くっとう	屈とう	屈撓
くっぷく	屈伏	屈服
くつ	沓	鞋	鞋子	靴
くつおと	靴音	くつ音
くつがた	沓形	靴型
くつさき	クツ先	靴先
くつした	クツ下	靴下	くつ下
くつずれ	靴ずれ	靴ズレ	靴擦れ
くつぬぎ	沓ぬぎ	沓脱ぎ	靴ぬぎ	靴脱ぎ	くつ脱ぎ
くつばこ	靴箱	くつ箱
くつひも	靴ひも	靴ヒモ	靴紐
くつべら	沓箆	靴べら	靴ベラ	靴篦
くつみがき	靴みがき	靴磨き
くつわむし	轡虫	くつわ虫
くてん	区点	句点
くでん	区電	口伝
くとう	苦斗	苦闘	句読	句頭
くど	苦土	竈突
くどう	駆動	区道
くどき	口説	口説き
くどきぶし	口説き節	くどき節
くどく	功徳	功德
くない	宮内	苦無	区内
くに	国	軍尼	國	邦
くにうみ	国生み	国産み
くにがえ	国替	国替え
くにがまえ	囗	国構	国構え
くにく	苦肉	狗肉
くにぐに	国々	国ぐに	国国
くにざかい	国ざかい	国境い	国境
くにつかみ	国つ神	国津神	国神
くにつくり	国造り	国づくり	国作り	国創
くにづくし	国尽くし	国尽し
くになまり	国なまり	国訛	国訛り
くにのみやつこ	国造	國造
くにびき	国引	国引き
くにびと	国びと	国人
くにぶり	国振り	国風	国ぶり
くにまかせ	国まかせ	国任せ
くにみ	国見	国望
くにもち	国持	国持ち
くにもと	国もと	国元	国許
くぬぎ	椚	櫟
くぬぎばやし	クヌギ林	櫟林	くぬぎ林
くはい	苦杯	苦盃
くばがさ	クバ笠	くば笠
くばりもの	配りもの	配り物
くひ	句碑	俱非
くび	頸	馘	首
くびおち	首落	首落ち
くびかざり	頸飾り	首かざり	首飾り
くびかせ	頸枷	首かせ	首枷
くびがり	首狩	首狩り
くびき	軛	頸木
くびきり	首切り	首斬	首斬り	くび切り
くびくくり	首くくり	首縊り
くびぐり	首ぐり	首刳
くびこり	首こり	首凝り
くびすじ	首筋	頸すじ	頸筋	首すじ
くびすわり	頸すわり	首すわり	首座り
くびっぴき	首っぴき	首っ引き
くびつぎ	首継	首継ぎ
くびつり	首吊り	首つり
くびづな	首づな	首綱
くびとり	頸取	首取り
くびひき	首引	首引き
くびふり	首ふり	首振り
くびまき	頸巻	首巻	首巻き	くび巻
くびまつり	首まつり	首祭
くびまわり	首まわり	首周り	首回り	首廻り
くびもと	首元	首もと
くびわ	首輪	頸輪	首環
くふう	工夫	句風	駆風
くぶん	区分	口分
くべつ	区別	区べつ	區別
くぼち	窪地	くぼ地
くぼみおん	窪み音	くぼみ音
くま	熊	隈
くまうち	熊打ち	熊撃ち	くま打ち
くまおくり	クマ送り	熊送り
くまおんな	クマ女	隈女
くまかくし	クマ隠し	隈隠し	くま隠し
くまかわ	熊皮	羆皮
くまがら	クマ柄	熊柄
くまがり	熊狩	熊狩り
くまぐま	隈々	隈隈
くまざさ	クマ笹	熊笹	隈笹
くましゃ	クマ舎	熊舎
くまたがり	句跨	句跨がり
くまたな	クマ棚	熊棚
くまで	クマ手	熊手
くまどり	臉譜	隈どり	隈取	隈取り	くま取り
くまなべ	熊ナベ	熊鍋
くまねずみ	クマ鼠	熊鼠
くままつり	熊祭	熊祭り
くみ	組み	苦味	組
くみあげ	汲あげ	汲み上げ	くみ上げ
くみあわせ	組み合わせ	組合せ	組みあわせ	組み合せ	組合わせ
くみいれ	汲み入れ	組入	組入れ	組み入れ	くみ入れ
くみうた	組唄	組歌
くみうち	組みうち	組み打	組み打ち	組み討	組み討ち	組打	組打ち	組討	組討ち
くみおき	汲み置き	汲置き
くみおどり	組踊	組踊り
くみかえ	組み換え	組み替え	組替	組替え	組換
くみき	組み木	組木
くみきょく	組曲	組み曲
くみこ	組み子	組子
くみこみ	組み込み	組込	組込み
くみさかずき	組み杯	組み盃	組杯	組盃
くみじゅう	組み重	組中	組重
くみたち	組み太刀	組太刀
くみたて	組み立て	組立て	組立	組み立	汲み立て	汲立て
くみだし	汲み出し	くみ出し
くみちがい	組み違い	組違い
くみつき	組付	組付き
くみつぎ	組み接ぎ	組接ぎ	組継ぎ
くみて	組み手	組手
くみとり	くみ取り	汲み取り	くみ取
くみなべ	組みなべ	組み鍋
くみはん	組み版	組版
くみひも	組ひも	組みひも	組み紐	組紐
くみもどし	組み戻し	組戻し
くみもの	組み物	組物
くみやすり	組み鑢	組ヤスリ
くみわけ	組み分け	組分け
くみわざ	組み技	組技
くめい	苦鳴	区名
くも	雲	蛛	蜘蛛
くもあし	雲脚	雲足
くもい	雲井	雲居
くもいと	クモ糸	蜘蛛糸
くもがくれ	雲がくれ	雲隠	雲隠れ
くもこう	蜘蛛綱	くも綱
くもすき	雲すき	雲透き
くもで	蜘蛛手	くも手
くもとり	雲取	雲鳥
くもまく	クモ膜	蜘蛛膜	くも膜
くもまっ	クモ膜	蜘蛛膜	くも膜
くもゆき	雲行き	雲ゆき	雲行
くもゆび	蜘蛛指	くも指
くもり	曇り	曇
くもりがお	曇り顔	くもり顔
くもりぐも	曇り雲	くもり雲
くもりぞら	曇り空	曇空	くもり空
くもりどめ	曇りどめ	曇り止め	くもり止め
くもん	苦悶	公文
くやく	公役	苦厄
くやしなき	悔し泣き	くやし泣き
くやしなみだ	クヤシ涙	口惜し涙	悔し泪	悔し涙	くやし涙
くやみ	悔やみ	悔み
くよう	供養	九曜
くら	蔵	藏	鞍	倉	庫
くらいどり	位取り	位どり	くらい取り
くらいり	蔵入	蔵入り
くらいれ	倉入	倉入れ	庫入	蔵入れ
くらがえ	クラ替え	鞍がえ	鞍替え	くら替え
くらがり	暗がり	闇がり
くらげ	水母	海月
くらげがゆ	海月粥	くらげ粥
くらし	暮し	暮らし
くらしし	羚鹿	鞍鹿
くらしむき	暮し向き	暮らしむき	暮らし向き
くらだし	蔵出し	倉出し
くらつくり	鞍作	鞍作り
くらづくり	鞍作り	蔵づくり	蔵造り
くらぶ	俱楽部	倶楽部
くらべ	競べ	比べ
くらべもの	比べもの	較べ物	比べ物	較べもの
くらやしき	倉屋敷	蔵屋敷
くらやみ	暗闇	暗やみ	くら闇
くり	繰り	栗	庫裏	庫裡
くりあがり	繰り上がり	くり上がり	繰上がり
くりあげ	繰上げ	繰上	繰り上げ
くりあげへんさい	繰り上げ返済	繰上げ返済	繰上返済
くりいれ	繰り入れ	繰入	繰入れ
くりいろ	栗色	くり色
くりうり	栗売	栗売り
くりおはぎ	栗おはぎ	栗御萩
くりかえ	繰り替え	繰替	繰替え
くりかえし	繰り返し	繰りかえし	繰返し	くり返し
くりかた	刳り形	刳形	繰形
くりぐち	繰り口	繰口
くりげ	栗毛	くり毛
くりこし	繰越	繰越し	繰りこし	繰り越し
くりごと	繰りごと	繰り言	繰言	くり言
くりごはん	栗ご飯	栗御飯	くりご飯
くりさがり	繰り下がり	くり下がり	繰下がり
くりだい	繰り台	くり台
くりだし	繰出	繰り出し	繰出し
くりど	繰り戸	繰戸
くりぬき	刳り抜き	刳抜
くりのべ	繰り延べ	繰延	繰延べ
くりばたけ	栗畑	くり畑
くりばやし	栗林	くり林
くりひろい	クリ拾い	栗拾い
くりふね	刳り舟	刳舟	刳船	くり舟
くりぶね	クリ舟	繰り船	くり船
くりもどし	繰戻	繰り戻し
くりもの	刳り物	刳物
くりや	厨	廚
くりわた	繰り綿	繰綿
くるい	苦累	狂い
くるいじに	狂死	狂い死	狂い死に	狂死に
くるいみず	狂い水	狂水
くるぶしたけ	踝丈	くるぶし丈
くるま	車	俥
くるまいす	車イス	車椅子	車いす
くるまえび	車えび	車エビ	車海老	車蝦
くるまえらび	クルマ選び	車選び
くるまごし	車ごし	車越し
くるまさがし	クルマ探し	車探し
くるまずき	クルマ好き	車好き
くるまづくり	クルマ作り	車作り	車造り	車づくり
くるまとう	車糖	くるま糖
くるまどめ	車止	車止め
くるまひき	俥引き	車引	車引き	車曳	車曳き
くるままわし	車まわし	車回し
くるまや	車屋	車や
くるまよい	クルマ酔い	車酔い
くるまよせ	クルマ寄せ	車寄	車寄せ
くるみいり	胡桃入り	くるみ入り
くるみいろ	クルミ色	胡桃色
くるみか	クルミ科	胡桃科
くるみづか	クルミ塚	胡桃塚
くるみもち	胡桃餠	胡桃餅
くるみわり	胡桃割り	くるみ割り
くるわ	曲輪	廓	郭
くるわことば	廓ことば	郭言葉
くるわばなし	廓咄	郭話
くれ	暮	暮れ
くれあちんりんさん	クレアチンリン酸	クレアチン燐酸
くれうち	塊打	塊打ち
くれがた	暮れ方	暮方
くれたけ	呉竹	くれ竹
くれて	呉れ手	くれ手
くれわり	塊割	塊割り
くろ	黒	黑	畔
くろあざ	黒アザ	黒あざ	黒痣
くろあり	黒あり	黒蟻	黒アリ
くろあわび	黒鮑	黒アワビ
くろいぬ	黒いぬ	黒犬
くろうさぎ	黒うさぎ	黒ウサギ	黒兎
くろえり	黒衿	黒襟
くろかげ	黒影	黒鹿毛
くろかび	黒かび	黒カビ	黒黴
くろかわ	黒皮	黒革
くろがい	クロ貝	黒貝
くろき	黒酒	黒木
くろくま	黒くま	黒クマ	黒熊	黒隈
くろくも	黒雲	黒蜘蛛
くろぐわい	黒くわい	黒慈姑
くろこうじ	黒麴	黒麹
くろこげ	クロ焦げ	黒こげ	黒コゲ	黒焦げ
くろこしょう	黒コショウ	黒胡椒	黒こしょう
くろご	黒子	黒衣
くろごま	黒ゴマ	黒胡麻	黒ごま
くろごめ	黒米	玄米
くろさび	黒さび	黒サビ	黒錆
くろしみ	黒シミ	黒染み
くろじ	黒字	黒地
くろすぐり	黒すぐり	黒酸塊
くろずみ	黒ずみ	黒ズミ	黒炭
くろせん	黒先	黒線
くろぞめ	黒染	黒染め
くろだい	黒だい	黒鯛	黒ダイ
くろつぐみ	黒つぐみ	黒鶫	黒ツグミ
くろつぶれ	黒つぶれ	黒ツブレ	黒潰れ
くろつる	黒づる	黒鶴
くろにきび	黒ニキビ	黒面皰
くろぬり	黒塗り	黒塗
くろねこ	黒猫	黒ねこ	黒ネコ
くろねずみ	黒ねずみ	黒鼠
くろはだ	クロ肌	黒肌
くろばら	黒バラ	黒薔薇
くろひげ	黒ひげ	黒髭	黒鬚
くろひょう	黒ヒョウ	黒ひょう	黒豹
くろびかり	黒びかり	黒光り	黒光
くろぶた	黒ブタ	黒豚
くろぶち	黒ブチ	黒斑	黒縁	黒ぶち
くろへび	黒ヘビ	黒蛇
くろべい	黒べい	黒塀
くろほ	黒保	黒穂
くろぼう	黒坊	黒方	黒棒
くろぽっち	黒ぽっち	黒ポッチ
くろます	黒マス	黒升
くろまつげ	黒マツゲ	黒睫
くろまむし	黒マムシ	黒蝮
くろまめ	黒豆	黒まめ
くろみ	黒み	黒味
くろみどろ	黒み泥	くろみ泥
くろめ	黒目	黒眼	黒布
くろめがち	黒目勝ち	黒目がち
くろめばる	黒めばる	黒眼張
くろもん	黒門	黒紋
くろやき	黒焼	黒焼き
くろゆり	黒百合	黒ユリ
くろんぼう	黒ん坊	黒坊
くわ	鍬	桑
くわいれ	クワ入れ	鍬入れ	くわ入れ
くわがた	鍬形	くわ形
くわご	桑子	桑蚕	野蚕
くわせもの	喰わせ物	食わせ物
くわとり	桑とり	桑取り
くわばたけ	桑畑	桑畠
くわり	区割	区割り
くん	勲	訓
くんいく	薫育	訓育
くんえん	燻煙	薫煙	くん煙
くんかい	訓戒	訓誡	訓誨
くんこう	勲功	君侯	君公	薫香
くんこく	訓告	君国
くんしゃく	薫灼	勲爵	訓釈
くんしゅ	君主	葷酒
くんしゅせい	君主制	君主政
くんしょう	勲章	勳章
くんしん	君臣	君親
くんじ	訓示	訓辞
くんじょう	燻蒸	薫蒸	くん蒸
くんせい	燻製	薫製	訓政	くん製
くんせん	熏染	薫染
くんちょう	君寵	君長
くんづけ	クン付け	君付け
くんとう	薫陶	勲等
くんみん	君民	訓民
くんれい	訓令	訓隷
ぐ	具	愚
ぐあい	具合	具合い	工合	ぐ合
ぐあん	具案	愚案
ぐい	杙	杭	食い	食
ぐいのみ	ぐい吞み	ぐい呑	ぐい呑み	ぐい飲み
ぐうざ	偶坐	偶座
ぐうすう	偶数	ぐう数
ぐきょう	弘教	愚狂
ぐけい	愚兄	愚形
ぐこう	愚考	愚行
ぐさ	草	艸	種
ぐさく	愚作	愚策
ぐさり	鎖	鏈
ぐし	櫛	愚姉	串
ぐしぬい	串縫い	ぐし縫	ぐし縫い
ぐしょう	俱生	倶生	具象	救生
ぐしん	具申	愚神
ぐじん	愚人	虞人
ぐずりごえ	愚図り声	ぐずり声
ぐぜい	弘誓	貢税
ぐそう	供僧	愚僧	愚草
ぐそく	具足	愚息
ぐち	口	愚痴
ぐつ	沓	鞋	鞋子	靴
ぐてい	愚弟	愚帝
ぐはん	虞犯	供飯	ぐ犯
ぐふ	愚夫	愚婦	愚父
ぐほう	求法	弘法
ぐま	熊	隈
ぐまい	愚昧	愚妹
ぐみ	胡頽子	茱萸	組み	組
ぐみわら	胡頽子原	茱萸原
ぐも	雲	蛛	蜘蛛
ぐもり	曇り	曇
ぐら	蔵	藏	倉	庫
ぐらし	暮し	暮らし
ぐり	屈輪	繰り	栗
ぐるま	車	俥
ぐるわ	曲輪	廓	郭
ぐれ	暮	暮れ
ぐれん	愚連	紅れん	紅蓮
ぐろ	黒	黑
ぐろう	愚弄	愚老	苦労
ぐわ	鍬	桑
ぐわい	工合	具合
ぐん	軍	郡	群
ぐんえい	群泳	軍営	郡衛
ぐんおう	軍王	郡王
ぐんか	軍歌	軍靴
ぐんかい	郡会	郡會
ぐんかく	群鶴	軍拡	軍擴
ぐんかん	軍艦	群間	軍官	軍監	軍管	軍鑑
ぐんが	軍衙	郡衙
ぐんがく	軍楽	軍学
ぐんき	軍紀	軍規	軍器	軍旗	軍毅	軍記	軍機
ぐんぎ	群疑	群議	軍議
ぐんく	郡区	軍区
ぐんけい	群卿	群系	軍警
ぐんけん	郡県	群賢	軍権
ぐんこ	軍戸	軍鼓
ぐんこう	群鴻	軍功	軍港
ぐんこく	郡国	軍国	軍國
ぐんさい	群才	群載
ぐんさん	群参	軍産
ぐんし	軍資	軍師	軍使	軍士	郡市
ぐんしゅ	軍種	郡守
ぐんしゅう	群衆	群集	群聚
ぐんしょ	群書	軍書
ぐんしん	群臣	群心	軍神
ぐんじ	軍事	軍持	郡司
ぐんじょう	群青	郡丞
ぐんじん	軍人	軍陣
ぐんせい	群生	群棲	軍政	群星	郡制	軍制
ぐんせん	群仙	軍扇	軍船
ぐんぜい	軍勢	軍ぜい
ぐんそう	軍曹	軍争	軍装
ぐんぞく	軍属	群賊
ぐんたい	軍隊	群体
ぐんだん	軍団	軍談
ぐんち	郡地	郡治
ぐんちゅう	軍忠	軍中
ぐんちょう	群長	軍長	郡庁	郡長
ぐんと	軍都	郡都
ぐんとう	群島	群党	群盗	軍刀
ぐんどう	群童	郡道	軍道
ぐんない	郡内	軍内
ぐんぶ	群舞	軍部	郡部
ぐんぷく	軍ぷく	軍服
ぐんぼう	軍帽	軍防
ぐんぽう	軍法	群峰	軍報
ぐんめい	軍命	郡名
ぐんゆう	群雄	郡邑
ぐんよう	軍用	群羊	軍容
ぐんりつ	群立	軍律	郡立
ぐんりょう	軍粮	軍糧	郡領
ぐんれい	群黎	軍令
け	毛	卦	笥	褻	気
けあい	蹴合	蹴合い
けあがり	蹴上がり	け上がり
けあし	毛脚	毛足
けあな	毛穴	毛あな	毛孔
けい	軽	刑	経	瓊	禊	觿	蹊	奎	径	罫	慧	罄	景	頚	馨	頸	磬	系	敬	計	桂	兄	琼
けいあん	刑案	慶庵	桂庵
けいい	経緯	敬意
けいうん	奎運	景雲
けいえい	経営	經營	警衛	勁鋭	形影	景影	継泳
けいえいし	経営史	経営士
けいえん	敬遠	閨怨	けい怨
けいおうず	京王ズ	京王's
けいおん	警音	軽音
けいか	経過	經過	珪化	京華	刑架	勁歌	桂花	桂華	軽科	軽荷	軽課
けいかい	軽快	軽かい	警戒	啓開	経戒	茎灰	経廻	境界	経回
けいかく	計画	計畫	傾角	圭角	経画
けいかん	挂冠	警官	景観	桂冠	渓間	経管	経肝	荊冠	頚管	頸管	鶏冠	鶏姦
けいが	慶賀	繫駕
けいがい	形がい	形骸	系外	謦咳
けいがく	掲額	経学
けいがん	慧眼	炯眼	珪岩	頸がん	頸癌	頸ガン	頚がん	頚ガン	頚癌
けいき	継起	景気	計器	刑期	経企	京畿	契機	掲記	計機	軽気
けいきょう	景況	軽協	形況	渓況
けいきょく	形局	荊棘
けいぎ	経義	經義
けいぎょく	桂玉	瓊玉
けいく	形躯	掲句	警句
けいぐ	刑具	敬具
けいぐん	系群	鶏群
けいけつ	経穴	経血
けいけん	経験	經験	經驗	鶏犬	けい験
けいこ	稽古	けい古	げい古
けいこう	携行	景仰	蛍光	螢光	傾向	経口	径行	恵光	惠光	挂甲	桂甲	軽功	閨閤	鶏口	形鋼	けい光	傾光
けいこうしょく	携行食	蛍光色
けいこうせい	携行性	蛍光性	傾向性	傾光性
けいこく	警告	渓谷	溪谷	谿谷	傾国	熒惑	軽国	経国
けいこつ	脛骨	勁骨	頸骨	鶏骨	けい骨
けいご	警護	警固	敬語	警語
けいごう	契合	軽合
けいごほう	警護法	敬語法
けいさ	硅砂	軽鎖
けいさい	掲載	継妻	荊妻
けいさつ	警察	刑殺	勁殺	軽擦
けいさつけん	警察権	警察犬
けいさつちょう	警察庁	警察長
けいさん	ケイ酸	経産	計算	珪酸	けい酸
けいさんき	計算機	計算器
けいさんしょう	経産省	経産相
けいざい	経済	経ざい	経財	刑罪	軽罪
けいざいし	経済史	経済誌	経済紙
けいし	刑死	軽視	経始	警視	京師	兄姉	家司	屐子	形姿	桂枝	経史	継嗣	繋止	罫紙	鶏屎	鶏脂	継子	けい紙
けいしき	型式	形式
けいしつ	形質	憩室	珪質	継室	軽質	閨室	けい質
けいしゃ	傾斜	鶏舎	傾瀉	珪砂	硅砂	軽車	けい砂	けい者	頃者
けいしゅ	警守	刑種	景趣	稽首	警手	軽種	輕種	鶏種	鷄種
けいしゅう	刑集	繋舟	繫舟	軽舟	閨秀
けいしゅく	慶祝	痙縮
けいしゅつ	掲出	継出
けいしょ	経書	鶏黍
けいしょう	継承	繼承	軽少	軽捷	軽傷	敬称	警鐘	形勝	形象	景勝	桂漿	渓床	溪床	警省	軽症	頸章
けいしょく	継職	軽食	慶色	経食	警職	頸飾	傾触
けいしん	軽信	京津	形神	敬慎	敬神	桂心	経審	軽震
けいじ	刑事	兄事	啓示	掲示	計時	形而	京滋	継時	勁士	啓事	慶事	盻児	禊事	繋辞	繫辞	繫辭	鮭児
けいじばん	掲示板	掲示版
けいじゅ	継受	慶寿
けいじょう	計上	形状	啓上	掲上	経常	啓状	敬譲	景情	警乗	刑場
けいすい	軽水	渓水	経水	溪水
けいすう	係数	計数
けいずい	頚髄	頸髄	けい髄
けいせい	形成	痙性	形勢	経世	傾勢	傾城	傾性	傾情	契情	形声	慶星	渓声	警世	警正	警醒	鶏声	鷄声	鷄聲
けいせいそう	傾城草	形成層
けいせき	ケイ石	形跡	形迹	景石	珪石	硅石	経籍	けい石
けいせつ	脛節	茎節	蛍雪	けい節
けいせん	軽賤	係船	繋船	傾船	珪線	経線	継戦	罫線	頸腺	けい線
けいぜい	刑税	軽税
けいそ	ケイ素	珪素	硅素	刑訴	けい素
けいそう	軽装	係争	恵送	繋争	繫争	軽そう	軽躁	剄草	勁草	径層	珪藻	硅藻	継走	継送	蛍窓	螢窓	計装	軽懆	軽鬆	輕懆	形相	けい藻
けいそうど	珪藻土	硅藻土	軽鬆土
けいそつ	軽率	軽卒
けいそん	頸損	恵存
けいぞう	形像	恵贈
けいぞく	継続	係属	繼續	繋属
けいたい	携帯	形態	形体	型体	敬体	繋帯	けい帯
けいだい	境内	継代
けいちつ	啓蟄	経腟	経膣
けいちゅうりょう	軽・中量	軽中量
けいちょう	傾聴	敬弔	敬重	軽佻	慶兆	慶弔	敬聴	経腸	茎頂	軽重	計帳
けいちょうみまいきん	慶弔見舞い金	慶弔見舞金
けいつい	頚椎	頸椎
けいてい	係蹄	径庭	逕庭	兄弟
けいてき	啓迪	警笛
けいてん	啓典	経典	敬天
けいでん	継電	経伝
けいでんき	継電器	軽電機
けいと	毛糸	計図	京図	刑徒	競渡	計都	毛いと	け糸
けいとう	傾倒	恵投	鶏頭	継投	系統	圭頭	継統	繼統
けいど	軽度	経度	傾度	閨奴
けいどう	傾動	傾胴	茎胴
けいなり	桂成	桂成り
けいはい	敬拝	珪肺	軽輩
けいはく	軽薄	敬白
けいはつ	啓発	啓發
けいはん	渓畔	畦畔	けい畔
けいば	競馬	けい馬
けいばい	啓培	競売
けいばく	繋縛	繫縛	敬幕	軽爆
けいばつ	警抜	刑罰	閨閥
けいひ	ケイ皮	経費	經費	桂皮	経皮	脛腓	軽費
けいひょう	景表	計表
けいひん	景品	軽品
けいび	警備	軽微	経鼻
けいふ	系譜	継父	軽麩
けいふく	敬服	京福	恵福	景福	経腹	慶福
けいふつ	硅弗	けい弗
けいぶ	恵撫	惠撫	軽侮	警部	頸部	頚部	啓侮
けいへい	経閉	軽兵
けいべつ	軽べつ	軽蔑	経別
けいほ	警保	計歩
けいほう	警報	刑法	京包	経法
けいほうき	警報機	警報器
けいぼ	敬慕	継母
けいぼう	警棒	刑房	形貌	競望	警防	閨房
けいみゃく	経脈	系脈
けいみょう	軽妙	継命
けいむ	刑務	警務
けいむかん	刑務官	警務官
けいめい	警鳴	刑名	鶏鳴
けいもう	啓蒙	啓もう	鶏毛
けいやく	契約	けい約
けいゆ	経由	經由	軽油
けいゆう	啓誘	京邑	経友
けいよ	恵与	刑余
けいよう	形容	掲揚	茎葉
けいら	警ら	警邏	軽羅
けいらん	鶏卵	渓嵐	稽覧	計欄
けいり	経理	刑吏	計理	警吏
けいりゃく	経略	計略
けいりゅう	係留	繋留	繫留	渓流	溪流	谿流	傾流	稽留	けい留
けいりょう	計量	軽量
けいりん	競輪	形臨	経倫	経綸
けいるい	係累	繋累	繫累
けいれい	敬礼	敬禮	刑例
けいれつ	系列	継列
けいれん	係連	痙攣	頸連
けいろ	経路	径路	毛色
けいろう	敬老	軽労
けいろく	刑録	鶏肋
けう	希有	稀有
けおり	毛織り	毛織
けがき	罫描	罫描き	罫書	罫書き	毛描き
けがに	毛がに	毛ガニ	毛蟹
けがにん	ケガ人	怪我人	けが人
けがり	毛がり	毛刈り
けがれ	穢れ	汚れ
けくず	毛くず	毛屑
けこみ	蹴込	蹴込み	蹶込
けごろも	毛ごろも	毛衣	裘
けさ	袈裟	今朝
けさがた	今朝がた	今朝方
けざし	毛刺	毛刺し
けし	罌粟	芥子	家司	消し
けしあと	消しあと	消し跡
けしか	ケシ科	罌粟科
けしかす	消しかす	消し滓
けしき	景色	気色
けしくず	消しクズ	消し屑
けしくち	消し口	消口
けしずみ	消し炭	消炭
けしつぶ	ケシ粒	芥子粒	けし粒
けしつぼ	消しつぼ	消し壺	消壺
けしょう	化粧	化生
けしん	化身	掛心
けじ	化地	卦辞
けじらみ	毛じらみ	毛ジラミ	毛虱
けすじ	毛すじ	毛筋
けずね	毛脛	毛臑
けずりかす	削りかす	削りカス	削り滓
けずりかんな	削り鉋	削鉋
けずりがつお	削りかつお	削りがつお	削りカツオ	削り鰹
けずりくず	削りくず	削りくづ	削り屑
けずりだい	削り台	けずり台
けずりぶし	削りぶし	削り節	けずり節
けずりもの	削りもの	削り物
けたい	懈怠	卦体
けたした	桁下	けた下
けたすう	ケタ数	桁数	けた数
けたゆき	桁行	けた行
けだま	毛だま	毛玉	毛球
けだもの	獣物	獣	けだ物
けっか	結果	欠課	缺課	決河	結跏	蹶下	闕下
けっかい	欠壊	決壊	決潰	缺壊	結界	決会	結解	血塊	血海
けっかく	結核	欠格	缺格	欠画
けっかん	血管	血かん	欠陥	缺陥	血幹
けっき	決起	蹶起	血気
けっきゅう	結球	血球
けっきょ	穴居	血虚
けっきょく	結局	結きょく
けっきん	欠勤	缺勤
けっこう	欠航	決行	缺航	血行	欠口	欠講	結構
けっこん	結婚	結こん	結魂	血痕
けっこんいわいきん	結婚祝い金	結婚祝金
けっさい	決済	決裁	潔斎	血債
けっさく	ケッ作	結索	傑作
けっさつ	結さつ	結紮
けっし	決死	傑士	楔子	欠指
けっしつ	欠失	闕失
けっしゅう	結集	血臭
けっしょ	血書	桔書	闕所
けっしょう	結晶	決勝	血しょう	血漿
けっしょく	欠食	缺食	血色
けっしん	決心	結審	欠神	決審
けっせい	結成	血清	血誠
けっせき	欠席	缺席	闕席	結石	欠跡	血跡
けっせん	決戦	結線	血戦	血栓	決選
けっそう	欠相	傑僧	血相
けっそく	結束	欠測
けっそん	欠損	缺損
けったい	結滞	結体	結隊
けったく	結托	結託	決択
けっちゃく	決着	結着
けっちゅう	桀紂	血中
けってい	決定	結締
けってき	抉剔	闕腋
けってん	欠点	缺点
けっとう	結党	决鬪	決闘	血糖	血統	血島	血闘
けっとうしょつき	血統書付き	血統書つき
けっぱい	欠配	缺配
けっぱん	血判	血斑
けっぺい	血ぺい	血餅
けっぽん	欠本	缺本	闕本
けつ	結	夬	碣	闕	欠	決	穴
けつあつ	ケツ圧	血圧	けつ圧
けつあな	ケツ穴	けつ穴
けついん	欠員	缺員	闕員	厥陰	血胤
けつえん	血縁	絜園
けつがん	ケツ岩	頁岩	けつ岩
けつぎ	決議	決疑	闕疑
けつげん	欠減	結言
けつごう	結合	決号
けつじ	欠字	缺字	闕字
けつじょ	欠如	缺如	闕如
けつじょう	欠場	缺場	楔状	結縄	けつ状
けつだん	決断	結団
けつばん	欠番	缺番
けつふき	ケツ拭き	けつ拭き
けつぶん	欠文	缺文	闕文
けつべつ	訣別	決別
けつほり	ケツ掘り	けつ掘り
けつぼう	欠乏	缺乏
けつめい	結盟	決明	穴名	血盟
けつもち	ケツ持ち	けつ持ち
けつらく	欠落	缺落
けつるい	血涙	血淚
けつれい	欠礼	缺礼
けつろ	結露	血路
けつろう	欠漏	缺漏
けつろん	結論	決論
けつわり	ケツ割り	尻割り
けづくろい	毛づくろい	毛繕い
けづや	毛ヅヤ	毛艶
けとり	毛とり	毛取り
けながれ	毛流	毛流れ
けなしぐせ	貶し癖	けなし癖
けなしことば	貶し言葉	けなし言葉
けなみ	毛並み	毛なみ	毛並
けぬき	毛ぬき	毛抜	毛抜き
けはい	気配	気はい
けはえ	毛はえ	毛生え
けば	毛羽	毳
けばり	毛ばり	毛針	毛鉤
けびき	毛引	毛引き
けびょう	ケ病	華瓶	仮病	虚病
けぶり	気振	気振り	気ぶり
けぼり	毛彫	毛彫り
けまり	蹴鞠	蹴毬	毛まり	毛鞠
けみ	検見	毛見
けむくじゃら	毛むくじゃら	毛むくぢゃら
けむら	毛むら	毛群
けむり	煙	烟	烟り
けむりいぶし	煙いぶし	煙燻し
けもの	獣	毛物
けものみち	獣道	獣みち	けもの道
けやき	欅	槻
けやきやしき	ケヤキ屋敷	欅屋敷
けら	啄木鳥	鉧	螻蛄
けり	蹴り	鳧
けん	建	県	兼	検	縣	剣	券	腱	劍	妍	姸	惓	謙	顕	険	堅	件	権	鍵	拳	賢	間
けんあい	嶮隘	険隘	兼愛
けんあく	嶮悪	険悪	けん悪
けんあん	検案	懸案
けんい	権威	權威	健胃	懸衣
けんいき	県域	権域	權域	圏域
けんいん	件引	牽引	検印	けん引
けんうん	巻雲	絹雲
けんえい	献詠	県営	巻纓	建営	兼営	顕栄
けんえき	検疫	権益	検液	県益
けんえん	倦厭	嫌煙	犬猿	腱炎
けんおう	県央	圏央	遣欧
けんか	喧嘩	喧華	懸架	献花	鹸化	県花	堅果	県歌	繭価	謙下	顕花	県下
けんかい	狷介	見解	県会	顕界
けんかく	懸隔	検覈	研覈	剣客
けんかん	県間	兼官	兼館	建艦	県官	遣韓	顕官
けんが	懸河	犬牙
けんがい	県外	圏外	懸崖	肩外	遣外	険崖
けんがく	見学	研学	建学	兼学
けんがみね	剣が峰	剣ガ峰	剣ヶ峰
けんがん	検眼	献眼
けんき	嫌忌	剣鬼	剣気	建機	権貴	嫌気
けんきゃく	健脚	剣客
けんきゅう	研究	硏究	腱弓
けんきゅうか	研究科	研究家
けんきょう	検鏡	験鏡	剣侠	剣俠	牽強	顕教	県境
けんきん	献金	兼勤
けんぎ	建議	剣技	嫌疑	県議
けんぎょう	兼業	絹業	検校	倹校	顕教
けんぐん	建郡	建軍	懸軍
けんけい	県警	券契	賢兄
けんけつ	献血	検血	欠缺	顕訣
けんけん	拳々	拳拳	件々	喧々	喧喧
けんげき	剣劇	剣戟	剣撃
けんげん	顕現	建言	献言	権限	権原	権言
けんげんいじょう	権限委譲	権限移譲
けんこう	健康	兼行	健こう	剣光	堅甲	嫌光	権衡	肩甲	肩胛	顕功	県交
けんこうこつ	肩甲骨	肩胛骨
けんこく	建国	圏谷
けんこつ	肩骨	顴骨
けんごう	剣豪	兼毫	権豪
けんさ	検査	儉査	撿査	檢査	絹鎖	肩鎖	鍵鎖
けんさい	県際	県債	賢妻	賢才	顕斎
けんさいん	検査院	検査員
けんさく	検索	検さく	献策	研削	羂索	腱索	県作	建策
けんさずみ	検査済み	検査済
けんさつ	検察	検札	賢察
けんさん	研さん	研鑚	研鑽	建盞	県産
けんざい	顕在	健在	建材	硯材	鍵材
けんざん	見参	検算	験算	剣山	けん算
けんし	検視	検屍	検死	犬士	剣士	剣歯	健歯	拳士	検使	犬歯	献詞	県史	祅祠	絹糸	繭糸	賢師	遣使	県市
けんしかん	検視官	検屍官
けんしゃ	検者	検車	犬舎	絹紗
けんしゃく	剣笏	検車区
けんしゅ	堅守	犬種	賢主
けんしゅう	研修	兼修	検収	献酬	妍醜	検修
けんしゅつ	検出	顕出
けんしゅん	嶮峻	険峻	賢俊
けんしょ	鎌初	嶮所	賢所	険所
けんしょう	検証	顕彰	顯彰	兼掌	謙称	憲章	健勝	見性	懸賞	腱鞘	健祥	懸章	肩章	賢将	賢相	顕象	顕正
けんしょく	兼職	健食	検食	顕職	顕色
けんしん	検診	堅信	検針	献身	健診	剣神	剣身	拳神	検身	権臣	見神	賢臣
けんじ	堅持	顕示	検事	剣璽	剱璽	検字	献辞	謙辞	健児
けんじゃく	剣尺	検尺	間尺
けんじゅう	拳銃	犬戎	けん銃
けんじゅつ	剣術	劍術
けんじょ	卷舒	賢女
けんじょう	献上	謙譲	堅城	剣状	喧擾	賢聖	県城
けんじん	健腎	堅陣	涓人	献腎	賢人	県人
けんすい	懸垂	建水
けんすう	件数	検数	軒数
けんせい	牽制	件制	建成	県政	憲政	権勢	健政	剣勢	剣聖	犬声	犬牲	県制	県勢	肩井	顕性	顕生	建制	けん制	県西
けんせき	譴斥	譴責	巻積	絹積
けんせきうん	絹積雲	巻積雲
けんせつ	建設	兼摂	県設
けんせん	剣尖	剣線	献饌
けんそ	倹素	嶮岨	険阻
けんそう	喧噪	喧燥	喧騒	険相	巻層	検層	研掃	絹層	鍵層	けん騒
けんそううん	絹層雲	巻層雲
けんそく	検束	健側	検則	検測	験測
けんそん	謙そん	謙遜
けんぞう	建造	顕像
けんぞく	権属	眷属	眷族
けんたい	倦怠	兼帯	献体	検体	剣帯	県隊	健体	けん怠
けんたいき	倦怠期	けん怠期
けんたん	兼担	検痰	健啖
けんだい	兼題	見台	賢台
けんだま	ケン玉	剣玉	拳玉	けん玉
けんち	検地	検知	軒輊	見知	見地	堅緻	建置	県治	硯池	縣治	間知
けんちく	建築	建ちく
けんちくか	建築科	建築家
けんちくし	建築史	建築士
けんちゅう	検注	嫌中	建中	絹紬	繭紬	腱中	県中
けんちょう	県庁	懸ちよう	懸吊	県長	健聴	倦鳥	検潮	験潮
けんちんじる	巻繊汁	けんちん汁
けんつく	剣突	剣突く	権つく
けんづくり	県づくり	県作り
けんてい	検定	献呈	堅貞	賢帝	賢弟
けんてん	圏点	憲典	県展
けんでん	喧伝	検田	検電	賢伝	賢傳	験電
けんと	県都	建都
けんとう	検討	健闘	剣闘	見当	見當	遣唐	圏套	拳闘	検糖	献灯	賢答	軒灯
けんとうし	剣闘士	遣唐使
けんど	県土	剣奴	捲土
けんどう	県道	剣道	権道	献堂	萱堂	謙道
けんどん	慳貪	倹飩	絹緞
けんない	県内	圏内
けんなん	嶮難	険難	剣難	県南
けんにん	兼任	検認	堅忍	建仁
けんのう	検納	献納	健のう	健脳	権能	賢能	県農
けんのん	剣吞	剣呑	険呑
けんばい	兼売	券売	検梅
けんばん	県版	瞼板	鍵盤	検番	見番
けんぱい	献杯	献盃	倦憊
けんぱく	建白	堅白	建帛	絹帛
けんび	兼備	顕微	剣尾
けんびきょうざ	けんびきょう座	顕微鏡座
けんぴ	建碑	犬皮	県費
けんぶ	剣舞	劒舞	肩部
けんぶつ	見物	見仏
けんぶん	見聞	検分	見分	県文	賢文
けんぷ	絹布	賢婦	賢父
けんべい	嫌米	遣米
けんべん	検便	軒冕
けんぺい	兼併	憲兵	健兵	建ぺい	建蔽	権柄
けんぺいりつ	建ぺい率	建蔽率
けんぺき	痃癖	肩癖
けんぼう	健忘	権謀	絹紡
けんぼく	堅木	県木
けんぽ	健保	兼補
けんぽう	憲法	拳法	剣法	剣鋒	肩峰
けんぽく	研北	硯北
けんぽん	献本	絹本
けんま	研摩	研磨
けんまく	剣幕	権幕	見幕	腱膜
けんみん	県民	健民	遣明
けんむ	兼務	検務	県務
けんめい	県名	賢明	剣名	顕名	件名
けんめん	券面	検面	犬面
けんもん	検問	券文	憲問	権門	見聞
けんやく	倹約	鍵鑰
けんゆう	兼有	剣友	権邑	顕幽
けんよ	権輿	肩輿
けんよう	兼用	顕揚	顕要	懸壅	険要
けんよく	謙抑	肩翼
けんり	権利	權利	県吏
けんりつこう	県立高	県立校
けんりゅう	検流	けん流
けんりょう	検量	見料
けんりょく	権力	權力	健緑
けんれい	建礼	県令
けんれん	牽連	捲簾	眷恋	眷戀	県連
けんろ	険路	顕露
けんろう	堅牢	堅ろう	検漏
げ	下	偈	毛	外	夏
げい	蜺	霓	藝	芸
げいか	猊下	げい下
げいこ	芸子	芸妓	稽古
げいこう	芸工	迎香
げいごと	芸ごと	芸事
げいしゃ	芸者	藝者	迎車
げいしょう	芸娼	霓裳
げいじゅつ	芸術	藝術
げいだい	芸大	藝大
げいだん	芸談	芸壇
げいとう	芸当	芸統	鶏頭
げいのう	芸能	藝能
げいぶん	藝文	芸文
げかい	下界	外科医
げかん	解官	下艦	下浣	下疳	下巻	下官
げがき	夏書	夏書き
げき	隙	外記	戟	檄	劇
げきあつ	激アツ	激熱
げきうま	激うま	激ウマ	激旨
げきか	激化	劇化
げきし	劇詩	撃刺
げきしゃ	劇写	激写
げきしゅう	劇臭	激臭
げきしょ	劇暑	激暑
げきしょう	激賞	劇症	激勝	激症
げきしょく	劇職	激職
げきしん	劇震	撃針	激震
げきじょう	撃攘	撃壌	激情	劇場
げきじん	劇甚	激甚
げきせい	激成	外記政
げきせん	激戦	劇戰
げきたん	激湍	激短
げきだん	劇壇	劇談	劇団
げきっはや	激っ速	激ッ速
げきつう	劇痛	劇通	激痛
げきづくり	劇づくり	劇作り
げきてつ	撃鉄	げき鉄
げきと	逆睹	激徒
げきとう	激闘	激騰
げきどく	劇毒	激毒
げきは	撃破	激派
げきふん	激奮	激憤
げきへん	劇変	激変
げきまじ	激まじ	激マジ
げきまず	激マズ	激不味
げきむ	劇務	激務
げきやせ	激やせ	激ヤセ	激痩せ
げきろう	激浪	逆浪
げきろん	劇論	激論
げきわる	激ワル	激悪
げぐくり	下括	下括り
げげ	下々	下下	解夏
げこう	下向	下校
げこく	下刻	下国
げこくじょう	下克上	下剋上
げさく	下作	下策	戯作
げし	夏至	罌粟	芥子
げしゅく	下宿	下しゅく
げしょう	下生	化粧
げじ	下知	蚰蜒
げじまゆ	ゲジ眉	蚰蜒眉
げじゅん	下旬	下じゅん
げじょう	下乗	下城
げす	下司	下種	下衆
げせん	下船	下賎	下賤	下せん
げそう	下僧	外相
げた	下駄	桁
げたばこ	ゲタ箱	下駄箱	げた箱
げだい	外題	下代
げっか	月花	月下	激化
げっかん	月間	月刊
げっきゅう	月給	月丘	月球
げっけい	月経	月桂	月卿
げっこう	激昂	激高	激こう	月光
げっしょく	月色	月蝕	月食
げっちゅう	月柱	月中
げっぴょう	月表	月評
げっぽう	月報	月俸	月峰
げつだい	月台	臬台
げつめい	月名	月明
げつよう	月曜	月よう
げつれい	月例	月齢
げてもの	ゲテ物	下手物
げてん	下天	外典
げにん	下人	下忍
げねつ	解熱	下熱
げぼり	牙彫	牙彫り
げや	下屋	下野
げらずり	ゲラ刷り	ゲラ刷
げり	下痢	蹴り
げろう	下臈	下郎	下﨟
げん	玄	弦	言	絃	舷	甗	験	減	厳	幻	元	原	件	現	間
げんい	原意	源委	玄衣	言意
げんいん	原因	原いん	減員	現員
げんえき	減益	現役	原液	源液
げんえん	減塩	原猿
げんおう	玄奥	現王
げんか	元加	言下	現下	原価	減価	元価	厳科	幻化	弦歌	現価	絃歌	元歌	原歌	喧嘩	喧華
げんかい	厳戒	厳誡	限界	幻怪	幻界	玄怪	現界	諺解	顕界
げんかく	幻覚	原核	減格
げんかん	玄関	厳寒	現官	現観	原環
げんが	原画	幻画
げんがい	言外	限外
げんがく	玄学	減額	現額	衒学	還学	絃楽	弦楽
げんがっき	絃楽器	弦楽器
げんき	元気	元氣	原器	原基	幻戯	衒奇	衒気	げん気
げんきゅう	言及	減給	原級	玄宮	現給
げんきょ	原拠	玄虗	玄虚
げんきょう	元凶	現況	元兇	原郷	現協
げんきょく	限局	原曲	元曲
げんきん	現金	厳禁	減菌
げんきんしはらい	現金支払い	現金支払
げんぎ	原義	玄義	言議
げんぎょう	還行	現形	現業
げんく	原句	言句
げんくん	元勲	厳君
げんけい	減刑	減軽	減輕	原型	元型	原形	厳刑	原景	現形
げんけん	原件	原権
げんげつ	限月	弦月
げんげん	言々	言言
げんこ	拳固	舷弧
げんこう	現行	原稿	原こう	元冦	元寇	原鉱	幻光	減光	玄黄	言行
げんこく	減石	原告	玄穀
げんこん	現今	眼根
げんご	言語	原語	厳護	諺語
げんさい	減殺	減債	減災
げんさく	原作	減削	原索	減作
げんさん	原産	減産	減酸
げんざい	現在	原罪	原材
げんざん	減算	見参
げんし	減資	原子	原始	原資	元始	原糸	原紙	原詞	原詩	幻死	幻肢	幻視	玄旨	言詞	限嗣
げんしつ	減失	玄室	原質	源質	言質
げんしゃ	減車	現車	言者
げんしゅ	厳守	原種	原酒	元首
げんしゅう	減収	現収	言臭
げんしょ	原初	元初	原書	厳暑
げんしょう	減少	現象	元宵	玄昌	舷墻	言笑
げんしょく	減色	減食	現職	元職	原職	原色	幻色	幻触
げんしん	原審	厳親	現身
げんじ	現示	言辞	原字	現字	限時	現時
げんじつ	現実	現實	幻日
げんじつばなれ	現実離れ	現実ばなれ
げんじぼたる	源氏ボタル	源氏蛍
げんじゅ	原樹	現受
げんじゅう	原住	幻獣	還住	現住
げんじゅつ	幻術	言述	験術
げんじょう	現状	現狀	原帖	原状	現成	現場
げんじん	原人	原腎
げんすい	減水	減衰	元帥	原水
げんすう	減数	限数	限數	現数
げんせい	原生	元姓	原姓	減勢	源姓	現制	現勢	現生	言声	言聲	現世
げんせき	原石	原籍	厳石	言責
げんせん	厳選	原潜	源泉	原泉	減船
げんせんちょうしゅうひょう	源泉徴収表	源泉徴収票
げんそ	元素	減租
げんそう	幻想	現送	原藻	現想	舷窓	還相
げんそく	原則	減速	原速	舷側
げんそば	玄そば	玄ソバ	玄蕎麦
げんそん	現存	儼存	厳存	減損	玄孫
げんぞう	現像	原像	原蔵	幻像	眼蔵
げんぞく	還俗	幻賊
げんたい	減退	原体	原隊
げんたん	減反	厳探	原炭	減炭	舷端
げんだい	現代	原題	元代
げんだいし	現代史	現代詩
げんち	現地	言質	原地
げんちゃり	原ちゃり	原チャリ
げんちゅう	原注	原虫	原註	玄中
げんちょう	原腸	原調	幻聴	減張	玄鳥	現兆
げんつき	原付	原付き
げんつきじてんしゃ	原付自転車	原付き自転車
げんつきばいく	原付バイク	原付きバイク
げんてい	限定	厳定	舷梯
げんてん	減点	原点	原典	現点
げんとう	幻灯	幻燈	厳冬	原糖	原頭	減等	源頭	玄冬	舷灯	舷頭	現当
げんとく	験得	験徳
げんど	限度	原土
げんどう	原動	言動	原道	現道
げんなま	現なま	現ナマ
げんにく	原肉	減肉
げんにん	現認	現任
げんば	現場	げん場	玄蕃
げんばく	原爆	原ばく	原麦	玄麦
げんばん	元版	原板	原盤
げんぱん	原版	元版	原板
げんび	衒媚	原尾
げんぴ	原皮	原碑	原肥	厳秘	減肥
げんぴょう	元標	原票	言表
げんぴん	現品	原品
げんぶ	減歩	玄武
げんぶつ	現物	元物	原物
げんぶん	原文	言文
げんぼう	厳暴	言貌
げんぽう	減俸	減封	原法	減法	現法
げんぽん	原本	現本
げんま	減摩	幻魔
げんみ	原味	幻味
げんむ	幻夢	現務
げんめい	言明	厳命	原名	弦名
げんめつ	幻滅	減滅
げんめん	減免	原棉	原綿
げんもう	減耗	原毛
げんもん	玄門	舷門
げんゆ	原油	原由
げんよう	厳容	幻妖	減容	現用
げんりつ	厳律	減率
げんりゅう	源流	元龍	玄竜
げんりょう	減量	原料
げんれい	厳令	減齢
げんろう	元老	幻楼
げんろん	言論	原論	現論
げんわく	幻惑	眩惑	げん惑
こ	粉	子	児	仔	蠱	觚	呼	孤	弧	蚕	戸	娘	個
こあげ	小揚	小揚げ
こあじ	小あじ	小味
こあたり	小当たり	小当り
こあり	小アリ	小蟻
こい	恋	鯉	故意	古意	虎威	請い	乞い
こいあじ	濃い味	濃味
こいうた	恋い唄	恋唄	恋歌
こいがたき	恋仇	恋敵
こいき	小息	小意気
こいくち	濃い口	濃口
こいくちしょうゆ	濃い口醤油	濃口醤油
こいぐち	鯉口	こい口
こいたち	子イタチ	子鼬
こいちゃ	濃い茶	濃茶
こいぬ	子犬	小犬	仔犬	子イヌ
こいぬざ	子犬座	こいぬ座
こいねこ	恋ネコ	恋猫
こいのぼり	鯉のぼり	鯉幟
こいびと	恋人	恋いびと	恋びと
こいぶみ	恋文	恋ぶみ
こいも	子いも	子芋	小芋
こいもん	鯉文	鯉紋
こいるか	子イルカ	子海豚
こいわし	小イワシ	小鰯
こいわずらい	恋煩い	恋わずらい
こいん	古印	雇員
こう	興	甲	功	工	公	項	劫	香	攻	亢	侯	恍	汞	炕	煌	爻	篙	糕	羹	闔	后	衡	礦	鉱	講	皇	行	稿	降	航	候	効
こうあ	興亜	興亞
こうあい	口愛	黄埃
こうあつ	高圧	光圧	降圧
こうあわせ	香合せ	香合わせ
こうあん	考案	考按	公安	公案	甲案	苟安
こうい	行為	攻囲	更衣	行爲	好意	皇位	後遺	公意	厚意	口囲	好位	校医	校尉	校異	皇威	肛囲	降以	高位
こういき	広域	高域
こういち	高1	高一
こういつ	後逸	荒逸
こういん	勾引	拘引	工員	交陰	光陰	公印	口淫	庚寅	後胤	皇胤	荒淫	講員	行員	甲寅
こうう	降雨	孝烏	紅雨	興雨	香雨
こううつ	抗うつ	抗鬱
こううつやく	抗うつ薬	抗鬱薬
こううん	港運	耕うん	耕耘	耕運	幸運	好運	工運	光暈	皇運	紅暈	紅雲	興雲	航運	行雲	香雲	交運
こううんき	耕耘機	耕運機
こうえい	光栄	光榮	公営	後衛	後裔
こうえき	交易	公益	効益	工役	広益	廣益
こうえつ	校閲	抗越	甲越	高閲
こうえん	公園	後円	公苑	後援	講演	公演	口演	好演	宏遠	溘焉	光炎	口縁	好縁	後園	後縁	後苑	紅炎	紅焔	航援	講筵	鉱煙	香烟	香煙	高鉛	黄煙	高遠	抗炎	光焔
こうえんかい	後援会	講演会
こうおう	公王	猴王
こうおん	高温	構音	厚恩	喉音	恒温	洪恩	皇恩	香陰	高恩	鴻恩	高音
こうか	閣下	高架	降下	硬化	膠化	降嫁	効果	高価	高價	功果	考課	硬貨	黄禍	光火	公価	公價	公課	功科	功過	喉下	好果	後架	校歌	香火	高歌	後下	皇家	工科	閤下	光華	抗火	校下
こうかい	公会	公開	後悔	後かい	更改	交会	航海	公海	狡獪	叩解	降海	降灰	工会	後会
こうかいほう	公開法	航海法
こうかく	考覈	降格	口角	広角	交角	光覚	好角	後角	抗核	攻殻	甲殻	磽确	高閣	鴻鶴	黄鶴	行客	高角	高確
こうかけ	甲掛	甲掛け
こうかん	高官	好感	交歓	交驩	交換	公刊	校勘	交かん	公館	浩瀚	交感	口乾	向寒	好漢	巷間	広寛	庚款	後巻	後患	恍閑	槓杆	槓桿	皇漢	皇館	考勘	興漢	航艦	行巻	鋼管
こうが	光画	公衙	好鵞	高雅	高が
こうがい	慷慨	口外	光害	口蓋	公害	坑外	慷概	梗概	構外	港外	蝗害	郊外	鉱害	香害	校外	笄	こう外
こうがいか	口蓋化	郊外化
こうがく	工学	光学	高額	向学	好学	溝壑	講学	後学
こうがっ	工学	光学
こうがん	抗がん	抗ガン	抗癌	厚顔	後願	向岸	睾丸	硬岩	紅顔	膏顔	高眼
こうがんざい	抗がん剤	抗ガン剤	抗癌剤
こうき	好奇	後期	興起	降機	高貴	光輝	綱紀	紅木	公器	工期	皇紀	口器	口気	好期	好気	広記	広軌	後旗	校旗	校紀	校規	皇基	紅旗	紅輝	耕起	香気	黄杞	工機	後記	好機	光器	工器
こうきゃく	高脚	降客	口脚
こうきゅう	高級	攻究	考究	行休	講究	購求	恒久	後宮	高給	光球	公休	公宮	好球	好逑	曠久	硬球	鋼球	降級	降給	高丘
こうきゅうし	高級紙	後臼歯
こうきょ	公許	抗拒	薨去	皇居	公挙	後拠	溝渠	貢挙
こうきょう	公共	口供	好況	交響	口峡	口頬	広狭	弘教	後胸	講経	鋼橋	高教
こうきん	拘禁	公金	抗菌	口琴	咬筋	広筋	後勤	甲金	紅巾	黄巾	行金
こうぎ	抗議	講義	広義	公儀	交誼	公議	厚誼	好誼	工技	後戯	恒偽	狎妓	高誼
こうぎしょ	講義所	抗議書	公議所
こうぎょう	工業	興行	功業	興業	鉱業	礦業	航業	鴻業	鋼業
こうぎょうけん	興行権	鉱業権
こうぎょく	紅玉	攻玉	硬玉	鋼玉
こうぎん	口吟	行吟	高吟	好銀
こうく	校区	功狗	康衢	後軀	惶懼	鉱区	鑛區	工区	港区
こうくう	航空	口腔	公空	高空
こうくうがん	口腔がん	口腔ガン	口腔癌
こうくん	功勲	功勳	校訓	紅裙
こうぐ	工具	校具	香具
こうぐう	厚遇	好遇	皇宮	公寓
こうぐん	行軍	皇軍	甲軍	紅軍
こうけい	後継	後傾	公卿	光景	口径	口型	好形	孔径	後掲	後景	拘繫	紅閨	絞刑	肯綮	黄経	高刑
こうけつ	曠欠	高潔	姣潔	孔穴	硬結	膏血
こうけん	後見	貢献	効験	公健	光剣	功験	効顕	厚絹	後件	皇権	硬建	考見	黄絹	高権	高見	高検	公権	工研
こうげ	高下	香華
こうげい	工芸	工藝	虹蜺	虹霓
こうげいか	工芸家	工芸科
こうげき	攻撃	攻げき	口撃	交戟	孔隙
こうげん	公言	広言	抗言	高言	高原	膠原	抗原	巧言	恒言	考現	興言	荒原	鉤玄	光源	効験
こうこ	好古	考古	公庫	香香	好個	好箇	後顧	曠古	江湖	紅虎
こうこう	高校	行々	航行	口腔	孝行	工高	香香	後項	好々	好好	光行	功候	口喉	向光	吼々	坑口	好光	姣好	孔口	工鉱	後攻	港口	皇公	皇考	硬膏	硬鋼	紅香	考工	膏肓	降汞	高工	黄口
こうこうぎょう	鉱工業	工鉱業
こうこうせい	高校生	向光性
こうこうや	好々爺	好好爺
こうこく	広告	公告	抗告	公国	皇国	闔国	黄鵠	興国
こうこくばん	広告板	公告板
こうこつ	硬骨	甲骨
こうご	口語	交互	後語	校語	構語	甲午	薨後	香壺	向後	庚午	神籠
こうごう	交合	苟合	皇后	曠劫	甲号	貢獒	香合	香盒	咬合	こう合
こうさ	交差	交さ	交叉	考査	黄砂	黄沙	公差	較差	降砂
こうさい	交際	広済	香菜	廣済	公債	光彩	口才	孔最	皇彩	虹彩	郊祭	鉱さい	鉱滓	高裁	後鰓	交差位
こうさぎ	仔うさぎ	仔ウサギ	子うさぎ	子ウサギ	子兎
こうさく	工作	交錯	杭柵	鋼索	耕作
こうさくしゃ	工作者	工作車	耕作者
こうさつ	絞殺	高札	考察	攷察	厚冊	高察	黄冊
こうさん	高3	抗酸	講讃	降参	高三	公算	興産	好酸	恒産	鉱産	香酸
こうざ	高座	口座	講座	講坐	硬座
こうざい	功罪	鋼材	構材	硬材
こうざひきおとし	口座引き落とし	口座引落	口座引落し
こうざん	高山	鉱山	江山
こうし	講師	行使	甲子	交趾	公司	更始	格子	公子	小牛	公使	交子	厚志	嚆矢	好嗜	巧思	巷子	広肆	庚子	後嗣	後市	後翅	後肢	校史	港市	猴子	皇史	皇嗣	皇師	皓歯	紅糸	紅紙	紅紫
こうしき	公式	硬式	講式
こうしつ	拘執	皇室	硬質	光質	公室	後室	恒湿	膠漆	膠質	鉱質	高湿	高質
こうしづくり	格子造	格子造り
こうしゃ	巧者	降車	公社	後者	校舎	校しゃ	講社	公舎	向斜	甲者	硬車	紅紗	高射	後車	公車
こうしゃく	講釈	侯爵	公爵
こうしゅ	向首	拱手	肯首	好守	工種	攻守	甲種	公主	叩首	好手	工手	巧手	抗酒	皇主	絞首	耕種	講主	香主	高手	黄鬚
こうしゅう	講習	公衆	口臭	光周	巧秀	興収	高秋
こうしゅうせい	公衆性	光周性
こうしゅく	拘縮	效顰	皇叔
こうしゅつ	後出	公出
こうしょ	公署	向暑	好所	広儲	講書	高処	高所
こうしょう	交渉	交しょう	公称	口承	口誦	哄笑	考証	考證	高唱	高尚	公証	興商	工商	厚相	工廠	鉱床	工匠	交唱	交鈔	光象	公傷	公娼	功賞	口証	咬傷	好商	好尚	巧匠	後章	敲鐘	校章	行章
こうしょうがく	考証学	鉱床学
こうしょうにん	交渉人	公証人
こうしょく	降職	好色	公職	交織	曠職	荒色	黄埴	光色	紅色	黄色
こうしん	行進	更新	亢進	交信	後進	昂進	航進	貢進	高進	興信	口唇	香辛	交親	公信	功臣	口針	向進	好親	孝心	庚申	庚辛	康心	後唇	後身	恒心	恒真	甲申	甲辰	皇親	紅唇	高伸	向心
こうしんせい	貢進生	更新世
こうしんりょう	更新料	香辛料
こうしんりょく	公信力	向心力
こうじ	工事	公示	高次	柑子	口耳	好字	好時	好餌	孝慈	工字	後事	爻辞	紅地	好事	糀	麴	麹	小路	講師	講時
こうじきん	麹菌	こうじ菌
こうじつ	狎昵	口実	好日	向日
こうじづくり	麹作り	こうじ造り
こうじづけ	麴漬け	麹漬け
こうじどこ	麹床	こうじ床
こうじゃく	耗弱	鋼尺	黄雀
こうじや	麴屋	麹屋
こうじゅ	口受	口授	公需	坑儒	皇寿	紅綬	香需	鴻儒
こうじゅう	講中	紅絨	扛重
こうじゅく	酵熟	黄熟
こうじゅつ	公述	口述	後述	講述	庚戌
こうじゅん	孝順	交詢	公準	工順	降順
こうじょ	控除	扣除	公序	公助	公女	好女	孝女	工女	後叙	皇女	高女
こうじょう	鉤状	工場	向上	口上	甲状	荒城	恒常	交情	厚情	攻城	江上	熇壌	皇上	絞縄	綱常	膠状	郈城	鉱場	香錠	黄壌	鋼条
こうじょうせん	甲状腺	攻城戦
こうじょうせんがん	甲状腺がん	甲状腺ガン	甲状腺癌
こうじん	公人	候人	光刃	功人	好人	工人	幸甚	後塵	後陣	紅人	耗尽	興仁	詬忍	黄塵	行人	後人
こうすい	交綏	香水	降水	幸水	江水	硬水	興衰	鉱水
こうすう	孔数	工数	恒数	項数	高崇	口数
こうず	好事	香酢	構図	公図
こうずい	洪水	洪ずい	こう水
こうせい	厚生	更生	公正	構成	甦生	更正	校正	薨逝	較正	抗生	後世	攻勢	交声	向勢	坑井	好性	好晴	好生	孔聖	後生	恒星	曠世	構制	皇婿	硬性	罡星	荒政	鉱政	鋼製	香成	高声	後成
こうせいねん	好青年	恒星年
こうせき	紅赤	功績	航跡	光跡	功せき	口跡	後席	洪積	皇籍	礦石	講席	鉱石	黄石	黄籍	高積
こうせつ	交接	講説	降泄	公設	広節	降雪	巧拙	巷説	後接	後節	恒説	考説	高節	高説
こうせん	公選	公撰	考選	航戦	交戦	抗戦	光線	高専	交線	口銭	好戦	工専	工船	工銭	広宣	攻戦	攻戰	紅線	腔旋	鉱泉	鋼線	鋼船	香煎	黄泉
こうせんけん	交戦権	鉱泉権
こうぜん	紅髯	興禅
こうそ	控訴	公訴	光祖	公租	皇疏	皇祖	皇祚	貢租	酵素	高祖	香蘇
こうそう	高層	構想	後送	抗争	航送	訌争	倥偬	宏壮	広壮	好走	高僧	降霜	香草	公総	厚葬	咬創	後奏	皇宗	紅糟	紅藻	航装	航走	荒草	行粧	行装	行走	鉱層	高燥	好相	後走	高そう
こうそく	拘束	梗塞	硬そく	硬塞	高速	高そく	光速	校則	光束	光触	港則	航測	高足
こうそくせい	拘束性	高速性
こうそくど	高速度	光速度
こうそん	耗損	光存	公孫	幸存	皇孫
こうぞう	構造	行蔵
こうぞうか	構造化	構造家
こうぞく	後続	皇族	航続	公族	好賊
こうぞめ	香染	香染め
こうた	小うた	小唄	小歌
こうたい	交代	後退	交たい	交替	抗体	光体	後隊	黄帯	小謡
こうたいきんむ	交代勤務	交替勤務
こうたいしき	交代式	交替式
こうたいせい	交代制	交替制
こうたく	光沢	光たく
こうたつ	口達	公達
こうたん	降誕	荒誕	公単	岬端	後端	抗たん	抗堪
こうだ	叩打	好打	巧打
こうだい	工大	後代	構台	高大
こうだく	肯諾	黄濁
こうだん	公団	絞断	高談	講談	高段	光弾	巷談	後段	講壇	降壇
こうだんし	好男子	講談師
こうち	後置	拘置	巧ち	巧緻	公知	公地	向地	宏池	工地	巧智	巧遅	校地	狡智	狡知	航地	甲地	耕地	仔撃ち	子撃ち	高地
こうちく	構築	耕畜
こうちゃく	膠着	降着	こう着
こうちゅう	校注	校註	光柱	光虫	好中	後注	甲虫	航宙	鉱柱	鋼中	項中	講中	口中
こうちゅうしょうせい	高・中・小生	高中小生
こうちょ	好著	皇儲	高著
こうちょう	好調	皇張	紅潮	耕釣	校長	高潮	公聴	候鳥	広聴	後腸	抗張	甲長	皇朝	硬調	腔腸	香調	黄鳥	港長	高調
こうちょく	硬直	交直
こうちん	硬枕	工賃
こうつう	交通	航通
こうつうし	交通史	交通死
こうてい	高低	拘提	更訂	校訂	肯てい	肯定	工程	公邸	工てい	公定	高弟	皇帝	公廷	口底	口蹄	孝弟	孝悌	孝貞	広庭	後庭	抗抵	校てい	校定	校庭	皇弟	紅帝	綱丁	航程	黄庭	行程
こうていひょう	工程表	行程表
こうてき	公敵	好適
こうてつ	鋼鉄	交迭	更迭	甲鉄	鋼鐵
こうてん	好転	公転	好天	荒天	交点	光点	後転	昊天	皇典	紅点	高点	後天
こうでい	拘泥	溝泥	鉱泥
こうでん	後伝	公伝	光電	香典	香奠	公田	公電
こうと	宏図	後図	港都	狡兎	皇都	皇都
こうとう	空頭	後頭	高騰	交闘	叩頭	昂騰	降等	口答	口頭	公党	勾当	皇統	荒唐	光塔	光頭	咬頭	広灯	広燈	紅桃	紅灯	講頭	高糖	高踏	高蹈	鴨頭	喉頭	好投	こう頭
こうとうかん	高等官	勾当官
こうとうがん	喉頭がん	喉頭ガン	喉頭癌
こうとうぶ	高等部	後頭部
こうとく	高徳	公徳	厚徳	工特	皇徳	功徳
こうど	光度	公度	広土	廣土	皇土	硬度	紅土	耕土	荒土	鋼土	黄土	高度
こうどう	行動	講堂	公道	香道	講道	光堂	口道	坑道	孝道	構堂	溝道	皇道	荒銅	高堂	黄幢	黄道	黄銅
こうどく	講読	購読	光毒	抗独	礦毒	鉱毒
こうどけい	高度計	光度計
こうない	坑内	口内	行内	腔内	校內	構内	校内	港内	後内
こうなん	硬軟	後難
こうに	高2	高二
こうにち	抗日	光日
こうにん	公認	肯認	降任	後任	候人
こうにんしゃ	公認者	後任者
こうねつ	高熱	光熱	好熱
こうねん	後年	更年	厚年	孝念	高年	行年	光年
こうのう	功能	効能	工農	後納	興農	行嚢	行囊	貢納	降納	高能
こうのもの	剛の者	香のもの	香の物
こうは	交波	光波	広播	硬派
こうはい	後背	後輩	荒廃	交配	荒癈	降灰	伉配	光背	向拝	向背	広背	曠廃	曠廢	興廃	好配	高配
こうはく	広博	紅白	公伯	厚薄	洪博	航泊	黄帛	黄白	後泊
こうはつ	腔発	好発	後発
こうはん	後半	攪拌	公判	鋼板	鋼鈑	孔版	工販	拘絆	江畔	洪範	紅斑	肴飯	降坂	高判	甲板
こうはんせい	広汎性	後半生
こうばい	公売	購買	購賣	勾配	紅梅	購売	こう配
こうばん	項番	降板	降番	交番	硬盤	紅板
こうひ	光被	公費	工費	公妃	公比	口碑	后妃	甲飛	皇妃	皇妣	皐比	硬皮	紅皮	紅砒	考妣	肯否	行否	高庇	高批
こうひょう	公表	講評	好評	降ひょう	降ひよう	降雹	高評
こうひん	公賓	效顰	興浜	貢品	工品
こうび	交尾	後尾	口鼻	後備	高鼻
こうびょう	公病	抗病
こうびん	幸便	後便
こうふ	交付	公布	坑夫	孔府	岡阜	広布	弘布	礦夫	紅布	貢賦	鉱夫	降俘	工夫
こうふう	光風	校風	江楓	高風	香風
こうふく	降伏	降服	幸福	幸ふく	幸福	口福	光復	口腹	姣服	康福	甲幅	こう福
こうふん	興奮	亢奮	昂奮	公憤	口吻	紅粉
こうぶ	荒蕪	後部	公武	工部	講武	項部	甲部	口部
こうぶつ	好物	鉱物	公物
こうぶん	好文	構文	告文	甲文	高文	行文	公文
こうへい	公平	衡平	工兵	甲兵
こうへき	厚壁	孔壁	後壁	高壁
こうへん	公辺	口辺	好編	孔辺	後篇	後編	江辺	硬変
こうべ	頭	首
こうべい	抗米	向米
こうほ	行歩	候補	候ほ	好捕	後補	厚保	公保
こうほう	後方	工法	広報	公報	弘報	航法	功法	哮吼	紅萌	公法	構法	高峰
こうほね	川骨	河骨
こうほん	稿本	広本	校本	甲本
こうぼ	公募	公墓	公簿	宏謨	酵母	鴻謨
こうぼう	攻防	工房	工ぼう	光芒	公妨	好望	工貿	広袤	後ぼう	後房	興亡	荒亡	鋼棒	香房	黄帽	高帽
こうぼく	公僕	香木	厚朴	坑木	校僕	槁木	耕牧	高木
こうま	降魔	黄麻	仔馬	子馬	小馬
こうまい	高まい	高邁	皇妹	貢米
こうまく	後膜	硬膜
こうまざ	小馬座	こうま座
こうみ	香味	好味	子産み
こうみょう	光明	高名	功名
こうみん	公民	皇民	高民
こうむ	公務	工務	校務	航務	鉱務
こうめい	公明	抗命	講明	皇命	紅明	誥命	項名	高名	校名	こう名
こうめん	垢面	後面	紅棉
こうもう	咬耗	孔孟	紅毛	膏肓	鴻毛	鴻濛
こうもく	項目	広目	綱目
こうもり	甲盛	蝙蝠
こうもりおとこ	コウモリ男	蝙蝠男
こうもりおんな	コウモリ女	蝙蝠女
こうもりがさ	コウモリ傘	蝙蝠傘	こうもり傘
こうもりそう	蝙蝠草	こうもり草
こうもりつか	コウモリ塚	蝙蝠塚
こうもりりゅう	コウモリ竜	蝙蝠竜
こうもん	肛門	黄門	坑門	後門	校門	閘門	閤門	こう門
こうや	荒野	紺屋	広野	曠野
こうやく	公約	絞扼	口約	口訳	膏薬	衡軛
こうゆ	絞油	膏腴	鉱油	香油
こうゆう	公有	交遊	亨有	交友	公憂	宏猷	校友	紅雄	黄釉
こうゆうせい	公有性	公有制
こうよ	広輿	皇輿
こうよう	公用	紅葉	高揚	亢陽	交用	孝養	昂揚	航洋	黄葉	広葉	効用	光耀	広用	後葉	硬葉	綱要	鉱用
こうら	可楽	口辣	古拉	古拉果	甲ら	甲羅
こうらい	光来	後来
こうらく	後楽	攻落	行楽	交絡	康楽
こうらん	攪乱	撹乱	勾欄	甲乱	甲欄	高欄	高覧
こうり	小売	小売り	行李	高利	功利	交利	公吏	公理	興利	蛤蜊
こうりがし	高利貸し	高利貸
こうりつ	公立	効率	高率	工率
こうりつこう	公立高	公立校
こうりゃく	攻略	後略
こうりゅう	交流	勾留	拘留	興隆	皇流	公流	後流	紅竜	鮫竜
こうりょ	考慮	行旅
こうりょう	考量	衡量	宏量	広量	綱領	公領	光量	香料	亢竜	口糧	好漁	校了	粳糧	考掠	膏粱	虹梁	蛟竜	蛟龍	鉱量	高粱	黄粱	皇陵	稿料	工料
こうりょく	光力	公力	紅緑	抗力	効力
こうりん	降臨	後輪	交隣	光臨	光輪	口輪	幸臨	硬鱗	絞輪
こうるい	甲類	紅涙
こうれい	高齢	高れい	宏麗	巧麗	恒例	交霊	伉儷	好例	姣麗	皇霊	降霊
こうれつ	後列	口裂
こうれん	孝廉	後連
こうろ	香炉	高炉	行路	航路	光路	公路	紅爐	紅露	鉱炉	鴻臚	黄櫨	黄盧
こうろう	厚労	功労	公労	紅楼	高楼	黄老
こうろうしょう	厚労省	功労章	厚労相	功労賞
こうろく	光禄	広録	鉤勒	高禄
こうろん	口論	公論	好論	抗論	甲論	興論	行論	講論	高論	硬論
こうわ	媾和	講和	講話	口話	高話
こうわん	港湾	後弯
こえ	声	肥	超え	越え
こえあて	声あて	声当て
こえい	孤影	仔エイ	子えい
こえおけ	肥おけ	肥桶	こえ桶
こえかけ	声かけ	声掛け
こえがかり	声がかり	声掛かり
こえがわり	声代わり	声変り	声変わり	聲変わり
こえき	小駅	古駅	雇役
こえごえ	声々	声声
こえだ	小枝	子枝	小えだ
こえだめ	肥えだめ	肥だめ	肥溜	肥溜め
こえび	小エビ	小えび	小蝦	小海老
こえまつ	肥え松	肥松
こおどり	小おどり	小躍り	雀躍り
こおに	子オニ	子鬼	小鬼
こおり	凍	氷	郡	凍り
こおりうに	氷うに	氷雲丹
こおりおに	氷おに	氷鬼
こおりがわり	氷がわり	氷代わり
こおりどうふ	凍豆腐	凍り豆腐
こおりぶくろ	氷嚢	氷袋
こおりまくら	氷枕	氷まくら
こおりまつり	氷まつり	氷祭り
こおろし	子おろし	子オロシ	子下ろし
こおん	古音	鼓音
こか	古柯	可口	固化	糊化	古歌	胡歌
こかく	古格	孤客	顧客
こかげ	木陰	木かげ	木影	木蔭	樹蔭	小蔭	小陰	こ陰
こかご	小かご	小籠
こかつ	枯渇	枯かつ	涸渇
こかぶ	子株	小かぶ	小蕪
こかわうそ	子カワウソ	子川獺
こかん	股間	胯間	呼間	個艦
こが	古雅	個我	古画
こがい	戸外	子飼	子飼い
こがえる	子ガエル	子蛙
こがく	古学	古楽
こがしきなこ	焦がしきな粉	焦がし黄な粉
こがた	小型	小がた	小形
こがに	子がに	子ガニ	子蟹
こがね	黄金	小金
こがねむし	黄金虫	こがね虫
こがめ	仔ガメ	子ガメ	子亀
こがも	仔鴨	子ガモ	小鴨
こがら	小柄	小がら	小雀	こ柄
こがらし	凩	木がらし	木枯	木枯し	木枯らし
こがらす	小烏	小鴉
こがれじに	焦がれ死	焦がれ死に
こがん	個眼	孤雁	湖岸
こき	子機	呼気	古器	古希	古期	古稀	古記	扱き	扱
こきざみ	小刻み	小きざみ
こきゃく	顧客	沽却	個客
こきゅう	呼吸	胡弓	故宮	故旧	枯朽	狐裘	鼓弓
こきょう	故郷	古京	古経	古鏡
こきょく	子局	古曲	胡曲
こきりこ	筑子	小切子
こきん	胡琴	古今
こぎ	狐疑	古儀	古義	胡鬼	漕ぎ	小木
こぎあみ	漕ぎ網	こぎ網
こぎつね	子ぎつね	子ギツネ	子狐	小ぎつね	小狐
こぎつねざ	小狐座	こぎつね座
こぎて	漕ぎ手	こぎ手
こぎぬ	小巾	小衣
こぎぶね	漕ぎ舟	こぎ舟
こぎれ	古裂	小ぎれ	小切れ	小布
こく	刻	剋	穀	斛	石	黒	国
こくあん	国安	黒闇
こくい	刻意	国威	国意	黒衣
こくいん	刻印	克殷	黒印
こくいんづけ	刻印付け	刻印づけ
こくう	虚空	穀雨
こくうん	国運	黒雲
こくえい	国営	黒影
こくえき	国益	黒液
こくえん	黒煙	黒烟	黒円	黒鉛
こくおう	国王	黒翁
こくおん	国恩	國恩
こくが	国画	国衙	穀蛾
こくがく	國學	国学	国楽
こくがっ	國學	国学
こくぎ	国技	国儀	小釘
こくぐん	国郡	国軍
こくご	国語	國語
こくさい	国際	国さい	國際	国債	國債	告祭
こくさいか	国際化	国際科
こくさく	国策	穀作
こくし	酷使	国司	国士	国使	国師	国詩	黒子	黒死	黒祠	黒紫	國史	国史	国試
こくしゅ	国守	国手	国主
こくしょ	酷暑	国書	黒書	国初
こくしょく	穀食	黒色
こくじ	告示	酷似	刻字	告辞	国字	国璽	國字	國璽	国事
こくじょう	黒壌	黒縄	国状	国情
こくじら	子クジラ	子鯨
こくじん	黒人	黒じん	国人
こくせい	国制	黒青	国勢	国政
こくせき	刻石	国戚	国籍
こくせつ	国設	克雪	黒雪
こくせん	刻箭	国選
こくぜい	国税	酷税
こくそ	告訴	国礎	国祖	国祚	蚕糞
こくそう	国葬	国喪	穀倉
こくぞう	刻像	国造	穀象
こくたい	酷待	国対	国体	黒体
こくたん	黒檀	黒炭	黒胆
こくだち	穀断	穀断ち
こくち	告知	国恥	国地	小口
こくちゅう	国柱	国中
こくちょう	国鳥	国庁	国蝶	黒鳥
こくてい	国定	克鼎	国帝
こくてん	国典	黒点
こくでん	酷電	国電
こくと	國都	國都	国都
こくとう	黒糖	黒陶
こくど	国土	国帑	黒土	黒奴
こくはく	告白	酷薄	国博	穀帛
こくばん	黒板	黒ばん
こくひょう	酷評	黒表
こくび	黒尾	小頸	小首
こくふ	国府	国富	国父	刻符
こくふう	國風	国風
こくふく	克服	克復	国福
こくぶん	国文	國文	刻文	告文	国分
こくほ	国保	国歩	国補
こくほう	国宝	刻法	黒幇	國法	国法
こくほん	刻本	国本
こくみん	国民	國民
こくみんか	国民化	国民科	国民歌
こくみんせい	国民性	国民制
こくむ	国務	國務
こくめい	刻銘	国名
こくもり	石盛	石盛り
こくゆ	告諭	黒油
こくゆう	国有	黒釉
こくらく	黒楽	黒樂
こくり	国利	酷吏
こくりゅう	穀粒	黒竜	黒龍
こくりょく	黒緑	国力
こくろう	国老	黒臘
こくわ	小桑	木鍬
こぐち	小口	木口
こぐま	小グマ	子グマ	仔熊	子ぐま	子熊	小ぐま	小熊
こぐまざ	小熊座	こぐま座
こけ	苔蘚	苔	虚仮	鱗
こけい	固形	個計	古形	固型	孤閨	弧形	湖渓	鼓形
こけしがお	コケシ顔	こけし顔
こけつ	固結	虎穴
こけとり	コケ取り	苔取り
こけどめ	コケ止め	苔止め
こけひき	鱗引き	こけ引き
こけむしり	苔むしり	苔毟り
こけもも	苔桃	こけ桃
こけら	鱗	柿
こけらいた	杮板	こけら板
こけらおとし	コケラ落し	コケラ落とし	柿落し	柿落とし	こけら落とし
こけらぶき	柿葺	柿葺き	こけら葺き
こけん	估券	古賢	孤剣	沽券	顧眷
こげいろ	焦げ色	こげ色
こげちゃ	焦げ茶	焦茶	こげ茶
こげつ	孤月	湖月
こげつき	焦げ付き	焦付き
こげめ	焦げめ	焦げ目	焦目	こげ目
こげら	小げら	小啄木鳥
こげん	古言	胡現
ここ	個々	個個	箇箇	呱々	戸々	戸戸
ここう	孤高	糊口	弧光	湖口	股肱	虎口	虎蛟	餬口	戸口	こ高
ここじん	個々人	個個人
こころあたり	心当たり	心当り	心あたり
こころあて	心あて	心当て
こころいわい	心祝	心祝い
こころおき	心置き	心おき
こころおくれ	心後れ	心遅れ
こころおごり	心おごり	心驕り
こころがかり	心懸かり	心懸り	心掛かり	心掛り
こころがけ	心掛	心懸け	心がけ	心掛け
こころがまえ	心構え	心がまえ	心搆え
こころがわり	心変はり	心変り	心変わり
こころくばり	心くばり	心配り
こころごころ	心々	心心
こころざし	心さし	心ざし	志
こころざしなかば	志し半ば	志半ば
こころたがい	心違い	心違ひ
こころづかい	心遣い	心づかい	心遣ひ
こころづくし	心づくし	心尽くし	心尽し
こころづけ	心づけ	心付	心付け	心附
こころづま	心夫	心妻
こころづもり	心算	心づもり	心積もり	心積り
こころなぐさめ	心なぐさめ	心慰め
こころなし	心成し	心なし
こころのこり	心残り	心のこり	こころ残り
こころばえ	心ばえ	心映え
こころばせ	心ばせ	心馳せ
こころまさり	心まさり	心勝り
こころみだれ	心乱れ	心乱
こころむけ	心むけ	心向け
こころもうけ	心まうけ	心もうけ	心設け
こころもち	心もち	心持	心持ち
こころやり	心やり	心遣り
ここん	古今	鼓棍
こご	古語	狐午
こごう	呼号	古豪
こごえじに	凍え死	凍え死に
こごと	叱言	小言
こごめ	小米	粉米
こさい	小才	巨細
こさく	小作	鼓索
こさじ	小さじ	小匙
こさつ	古刹	古札	故殺
こさん	湖産	古参
こざくら	小桜	子桜
こざとへん	阜偏	こざと偏
こざる	子ザル	子猿	小ざる	小猿
こざん	固山	故山
こし	枯死	轎	輿	虎視	古紙	故紙	古址	古祠	古詩	胡枝	腰	漉し	古史
こしあげ	腰上げ	腰揚げ
こしあて	腰あて	腰当て
こしあみ	漉し網	こし網
こしあん	コシ餡	漉し餡	漉餡	こし餡
こしいれ	輿入れ	こし入れ
こしおれ	腰折	腰折れ
こしかけ	腰掛け	腰掛
こしかざり	腰飾	腰飾り
こしかた	来し方	越し方
こしがて	腰粮	腰糧
こしがみ	濾し紙	濾紙
こしき	古式	漉し器	甑	轂	こし器
こしくだけ	腰くだけ	腰砕け
こしけ	白帯下	腰気
こしさげ	腰下げ	腰提げ
こしだか	腰高	越し高	越高
こしつ	固執	個室	個疾	痼疾	鼓室
こしつき	腰つき	腰付き
こしに	越し荷	越荷
こしぬの	腰布	漉し布	濾し布
こしはば	腰はば	腰幅
こしばき	腰ばき	腰履き	腰穿き
こしひも	腰ひも	腰紐
こしぶくろ	漉し袋	漉袋
こしまき	腰巻	腰巻き
こしまわり	腰まわり	腰周り	腰回り
こしみの	腰みの	腰ミノ	腰蓑
こしゃく	小しゃく	小癪
こしやね	越し屋根	越屋根
こしゅ	固守	古酒	戸主	故主	鼓手
こしゅう	呼集	固執	孤愁	孤舟	湖周
こしゆい	腰結	腰結い
こしょ	古書	鼓書
こしょう	扈従	故障	呼称	誇称	小姓	胡椒	椒	湖沼	古称	呼唱	孤嶂	湖床	虎将	鼓章
こしょうしゃ	故障者	故障車
こしょく	個食	古色	孤食
こしょてん	古書店	古書展
こしらえ	拵	拵え
こしらえかた	拵え方	こしらえ方
こしらえもの	拵えもの	拵え物
こしん	己心	湖心
こじ	孤児	固持	固辞	誇示	古事	小柱	居士	故事	古字	古寺	胡寺	虎児	虎子	虎耳
こじか	仔鹿	子ジカ	子鹿
こじしざ	小獅子座	こじし座
こじっかり	小確り	小じっかり
こじつけ	故事付け	こじ付け
こじゅ	枯樹	賈豎
こじゅうと	小じゅうと	小舅	小姑
こじょう	古城	孤城	故城	湖上	弧状
こじり	湖じり	湖尻	鐺
こじわ	小ジワ	小じわ	小皺
こじん	個人	故人	古人	胡人
こじんじょうほうろうえい	個人情報漏洩	個人情報漏えい
こすい	鼓吹	湖水
こすう	戸数	個数	呼数	こ数
こすうわり	戸数割	戸数割り
こすずめ	子すずめ	小天蛾	小雀
こすりあらい	擦り洗い	こすり洗い
こずえ	木末	樹梢	梢
こずえさがり	梢さがり	梢下がり
こせい	個性	古制	古聖	呼声	固成	鼓声	古生
こせがれ	小せがれ	小倅
こせき	戸籍	古昔	古籍	古跡	古蹟	鼓石
こせつ	古拙	古説
こせん	濃染	古泉	古銭	巨川	弧線	湖川	狐仙	胡旋	跨線
こぜに	小銭	小錢
こぜり	小ぜり	小迫り
こぜりあい	小競合い	小競り合い
こそう	個装	枯燥	古層	古相	古筝	胡僧	虎走
こそだて	子育て	子育
こそで	小袖	小そで
こそどろ	コソ泥	こそ泥
こぞう	小僧	小ぞう	仔象	子象	古像
こぞめ	濃染	濃染め
こたい	個体	個體	古体	古態	固体	固體	弧帯	故態	距腿	雇対	鼓隊
こたえ	答	答え	応え
こたえあわせ	答えあわせ	答え合わせ
こたつ	火燵	炬燵
こたつきじ	炬燵記事	こたつ記事
こだい	古代	小だい	小鯛
こだいこ	小太鼓	古代湖
こだくさん	子沢山	子だくさん
こだこ	仔蛸	子蛸	子ダコ
こだち	木立	木だち	木立ち	樹立	小太刀
こだて	小楯	戸建	戸建て
こだな	小棚	蚕棚
こだぬき	子ダヌキ	子狸
こだね	子種	子ダネ
こだま	小玉	木霊	木魂	樹だま	樹神	谺
こち	鯒	故地	胡地	故智	故知	東風
こちく	孤竹	胡竹
こちゅう	古注	古註	孤忠	孤注
こちょう	誇張	戸長	胡蝶	蝴蝶	鼓腸
こちらがわ	此方側	こちら側
こちらぎし	此方岸	こちら岸
こっか	国家	國家	国歌	刻下	刻花	国花	黒化	骨化	国華
こっかい	国会	告解	国改	国界	骨灰	黒灰
こっかく	骨格	骨骼	骨殻	骨角
こっかん	国幹	国患	酷寒	骨干	骨幹	国漢
こっき	告期	国旗	国忌	骨器	骨気	黒旗	国基	克己
こっきゅう	哭泣	黒球
こっきょう	国境	国教	国共
こっきん	国禁	国金
こっけい	滑稽	国慶	国警	酷刑
こっけん	国権	國権	黒鍵	國憲	国憲
こっこ	国庫	國庫
こっこう	国交	国公
こっこうしょう	国交省	国交相
こっこうしりつ	国公・私立	国公私立
こっこかい	コッコ飼い	こっこ飼い
こったん	骨炭	骨端
こっちょう	骨張	骨頂
こっとう	骨頭	骨とう	骨董
こっとうてん	骨とう店	骨董店
こっとうひん	骨とう品	骨董品
こっとうひんてん	骨とう品店	骨董品店
こっとうひんや	骨とう品屋	骨董品屋
こっとうや	骨とう屋	骨董屋
こっぱ	木っぱ	木っ端	木っ葉	木端
こつ	兀	骨
こつこつ	兀々	兀兀
こつそしょう	骨粗しょう	骨粗鬆
こつそしょうしょう	骨粗しょう症	骨粗鬆症
こつつぼ	骨壺	骨壼	骨つぼ	骨壷
こつどう	骨堂	骨導
こつばめ	子つばめ	子ツバメ	子燕
こつばん	骨盤	骨ばん	骨板
こつぶ	小粒	骨部
こつぼ	子壺	小壷	小壺
こつりゅう	骨りゅう	骨瘤
こつりょう	骨量	骨梁
こづか	小づか	小柄
こづかい	小遣い	小づかい	小遣	小使	小使い
こづかいちょう	小遣い帳	小遣帳
こづくり	小づくり	小作り	小造り	子作り	子づくり
こづち	小づち	小槌
こづつみ	小包	個包	小包み
こづま	小づま	小褄
こづめ	小づめ	小爪
こづる	子づる	子蔓
こづれ	子づれ	子連れ
こて	小手	鏝	籠手
こてい	固定	古帝	湖底
こてき	個的	鼓笛
こてさき	鏝先	こて先	小手先
こてだい	鏝台	こて台
こてん	古典	個展	古点	個店	古篆	胡天
こでん	古伝	個電
こと	琴	古都	糊塗	故都	事	箏	言	殊	異
こといみ	事忌み	言忌み
ことう	孤島	古刀	古塔	古湯	古稲	孤灯	孤燈	湖頭	虎韜	弧灯
ことうた	琴唄	琴歌
ことおんな	異女	こと女
ことがら	事柄	事がら
ことごと	事々	異事	事事	こと事
ことざ	琴座	こと座
ことしろ	辞代	事代
ことづけ	言づけ	言付け	託け
ことづて	言づて	言伝
こととい	言問	言問い
ことなしび	事無しび	事無び
ことはじめ	事始め	事始	こと始め
ことば	言葉	詞	辞	こと葉	言
ことばあそび	コトバ遊び	言葉遊び	ことば遊び
ことばかけ	言葉かけ	言葉掛け
ことばがき	詞書き	詞書
ことばじり	言葉じり	言葉尻
ことばつき	言葉つき	言葉付き	詞つき	辞つき
ことばづかい	言葉遣い	言葉づかい	言葉使い
ことばとがめ	言葉とがめ	言葉咎め
ことばぼけ	言葉ぼけ	言葉惚け
ことばらん	言葉欄	ことば欄
ことぶき	寿	壽
ことぶれ	事触れ	言触れ
ことほぎ	呪言	言祝ぎ
こともの	異者	異物
ことり	小鳥	子鳥	小とり	子取り
ことわざ	言技	諺	言事
ことわり	断り	断わり	理
ことわりがき	断り書き	断わり書き
こどう	鼓動	古道	古銅	胡銅	跨道	こ道
こどく	孤独	蠱毒
こども	子ども	子供	子共	小供	小人
こどもうんちん	子ども運賃	子供運賃	こども運賃
こどもかい	子供会	子ども会	こども会
こどもすう	子供数	子ども数
こどもたち	子どもたち	子供たち	子ども達	子供達
こどもだまし	子供騙し	子供だまし
こどもりょうきん	子ども料金	子供料金	こども料金
こな	粉	小菜
こない	戸内	庫内
こなおしろい	粉おしろい	粉白粉
こなから	二合半	小半
こながつお	粉がつお	粉鰹
こなぎ	小菜葱	小水葱
こなごな	粉々	粉粉
こなし	熟し	小梨
こなとび	粉とび	粉飛び
こなひき	粉ひき	粉挽	粉挽き
こなふるい	粉ふるい	粉篩
こなまみれ	粉まみれ	粉塗れ
こなゆき	粉雪	こな雪
こなれかん	熟れ感	こなれ感
こなわさび	粉ワサビ	粉山葵
こぬか	小糠	粉糠
こねいた	捏ね板	こね板
こねぎ	子ネギ	小葱
こねこ	子ネコ	子猫	仔ネコ	仔猫	子ねこ	小猫	捏ね粉	こね粉
こねずみ	仔ネズミ	子ねずみ	子ネズミ	子鼠
こねて	捏ね手	こね手
こねどり	捏ね取	捏ね取り	捏取	捏取り
こねばち	捏ね鉢	捏鉢	こね鉢
こねん	顧念	古年
このあいだ	この間	此の間
このかた	此の方	この方
このごろ	この頃	此の頃
このしろ	鮗	鰶	鯯魚
このは	木の葉	木のは
このみ	木の実	好み	菓
このよ	この世	此の世
こはく	琥珀	虎搏
こはん	孤帆	沽販	湖畔
こば	弧端	古馬	小葉	小場	小端	木端	木場
こばえ	子バエ	小蝿
こばか	小バカ	小ばか	小馬鹿
こばち	小蜂	小鉢	小ばち
こばと	仔鳩	子鳩	子バト
こばな	小花	小鼻
こばなし	小咄	小噺	小話
こばなれ	子離れ	子ばなれ
こばんいただき	小判戴	小判頂
こひ	古碑	糊皮
こひき	粉引	粉引き
こひざ	小ひざ	小膝
こひつじ	仔羊	子ひつじ	子ヒツジ	子羊	小羊
こひょう	小兵	小票	個票	個表	虎豹
こび	虎尾	媚
こびき	木びき	木挽	木挽き
こびん	小瓶	小びん	小鬢
こふう	古風	こ風
こふき	粉ふき	粉吹き
こふく	鼓腹	胡服
こふさ	小房	小ふさ
こふん	古墳	孤憤	糊粉
こぶ	鼓舞	瘤	昆布	戸部
こぶくろ	小袋	巨福呂	子袋
こぶし	拳	辛夷	小節	古武士
こぶしだい	拳大	こぶし大
こぶしまわし	拳回し	こぶし回し
こぶた	仔豚	子ぶた	子ブタ	子豚	小豚
こぶつ	個物	古仏	古物
こぶとり	小ぶとり	小太り	小肥り
こぶな	小ぶな	小鮒
こぶね	小舟	小船	小ぶね
こぶまき	昆布巻	昆布巻き
こぶん	子分	乾分	古文
こへい	古兵	古弊	庫平	胡瓶	雇兵
こへき	個癖	古癖
こべつ	戸別	個別	箇別
こべや	小べや	小部屋
こべり	小縁	小舷
こほう	古方	古法	孤峰
こぼう	顧望	虎榜
こぼく	古木	古墨	枯木
こぼし	小法師	翻	零
こぼしばなし	零し話	こぼし話
こぼね	小骨	子骨
こぼれ	毀れ	零れ
こぼれうめ	零れ梅	こぼれ梅
こぼれざいわい	零れ幸い	こぼれ幸い
こぼれだま	零れ玉	こぼれ球
こぼればなし	零れ話	こぼれ話
こぼんのう	子煩悩	子ぼんのう
こま	齣	独楽	狛	駒
こまい	古米	小舞	木舞
こまいぬ	コマ犬	狛犬	こま犬
こまおくり	コマ送り	齣送り	こま送り
こまおち	コマ落ち	駒落ち	齣落ち	こま落ち
こまおとし	コマ落とし	齣落とし	齣落し
こまぎれ	コマ切れ	細切れ	小間切れ	こま切れ
こまくらべ	駒競	駒競べ
こますう	コマ数	齣数
こませうち	コマセ打ち	こませ打ち
こまた	小また	小股
こまち	古町	小町
こまつなぎ	駒つなぎ	駒繋ぎ
こまづかい	小間使い	小間使
こまとめ	駒止	駒留め
こまどり	駒鳥	こま鳥
こまねずみ	独楽鼠	高麗鼠
こまひき	駒引き	駒牽
こままわし	コマ回し	独楽まわし	独楽回し	こま回し
こまむすび	小間結び	こま結び
こまりがお	困り顔	こまり顔
こまりごと	困りごと	困り事
こまりもの	困りもの	困まりもの	困りモノ	困り物	困り者
こまる	小マル	小丸
こまわり	コマ割り	小まわり	小回り	齣割り
こみ	込	込み
こみご	コミ碁	込み碁
こみだし	コミ出し	込み出し	小見出し
こみち	小道	小途	径	小径
こみみ	子耳	小耳
こむかで	子ムカデ	子百足
こむら	木叢	腓
こむらがえり	腓返り	こむら返り
こむらさき	小紫	濃紫
こめあぶら	こめ油	米油
こめあまり	コメ余り	米余り
こめい	個銘	古名
こめこ	コメ粉	米粉
こめこうじ	米こうじ	米麴	米麹
こめじるし	コメ印	米印
こめつき	米つき	米搗	米搗き
こめつきむし	叩頭虫	米搗虫
こめつぶ	コメ粒	米つぶ	米粒
こめづくり	コメ作り	米づくり	米作り
こめとぎ	米とぎ	米研ぎ	米磨ぎ
こめどころ	米どころ	米所
こめぬか	米糠	米ぬか	米ヌカ
こめびつ	米びつ	米櫃
こめぶくろ	コメ袋	米袋
こめぼね	篭骨	籠骨
こめむし	コメ虫	米虫
こめめん	米めん	米麺
こめわら	米わら	米藁
こめん	湖面	古面	鼓面
こも	菰	薦	海蓴
こもかけ	菰掛け	薦掛け
こもかぶり	薦かぶり	薦被り
こもち	子持	子持ち
こもに	菰荷	薦荷
こもの	小物	小者
こもり	籠り	子守り	子守	子もり	子盛り	小盛り	木守	籠もり
こもりいし	篭石	籠もり石
こもりうた	子守歌	子守唄
こもりく	隠国	隠口
こもれび	木もれび	木もれ日	木もれ陽	木洩れ日	木洩れ陽	木洩陽	木漏れ日	木漏れ陽	木漏日	こもれ日
こもん	小紋	小門	顧問	弧文
こや	小屋	弧屋
こやがけ	小屋掛け	小屋掛	小屋がけ
こやぎ	仔山羊	子やぎ	子ヤギ	子山羊	小山羊
こやぐみ	小屋組み	小屋組
こやけ	小焼	小焼け
こやし	肥やし	肥し
こやみ	小やみ	小止み
こゆう	固有	個有	故友	こ有
こゆき	小雪	粉雪
こゆび	小指	子指
こよう	雇用	雇傭	古窯	古謡	固溶	小用	胡楊
こようじ	雇用時	小楊枝
こよみづくり	暦づくり	暦作り
こより	紙捻	紙撚り	紙縒	紙縒り	紙縷
こよりぎれ	紙捻切	紙撚り切れ
こらい	古来	古來	胡来
こらえしょう	堪え性	こらえ性
こり	垢離	凝り	個利	故里	狐狸	梱
こりょ	顧慮	胡虜
こりょう	呼量	糊料
これい	古例	古隷	鈷鈴
これら	虎列剌	虎列拉	虎烈拉
ころ	頃	胡蘆	葫蘆
ころあい	頃合	頃合い	ころ合い
ころう	固ろう	固陋	古老	故老	虎狼	鼓楼
ころしあい	殺し合い	殺しあい	ころし合い
ころしぶね	殺し船	殺舟
ころもがえ	更衣	衣がえ	衣更え	衣替え
ころもへん	衣偏	衤	ころも偏
こわいろ	声色	假色	こわ色
こわがゆ	強がゆ	強粥
こわき	小脇	小わき
こわざ	小技	小わざ	小ワザ
こわたり	古渡	古渡り
こわっぱ	小わっぱ	小童
こわに	子ワニ	子鰐
こわばり	強張り	硬ばり
こわめし	強飯	こわ飯
こわもて	強面	怖持て	恐持て	こわ持て
こわり	小割	小割り
こわれもの	壊れ物	毀れ物	壊れもの	毀れもの	こわれ物
こん	婚	紺	棍	閽	混	懇	根	昆	金
こんいつ	混一	渾一
こんいと	紺糸	紺絲
こんか	今夏	婚嫁	婚家
こんかい	今回	根塊	金戒
こんかん	根幹	根管
こんがすり	紺がすり	紺絣	紺飛白
こんがん	悃願	懇願
こんき	今季	根気	今期	困飢	婚期	根基	根機
こんぎ	婚儀	渾儀
こんく	困苦	金口
こんくらべ	根くらべ	根比べ	根競べ
こんけい	根茎	紺系
こんけつ	混血	混結
こんけん	困倦	混見
こんげん	坤元	混元	根源	根原	根元
こんこう	金光	混交	混淆	混攪	混汞
こんごう	金剛	混合	今号	根号
こんごうき	混合器	混合気
こんさい	根菜	混載
こんさく	混作	今作
こんし	恨思	懇志	紺紙	婚資
こんしき	今式	婚式
こんしゅ	混種	金鷲
こんしゅう	今週	今秋
こんしゅつ	婚出	根出
こんしょう	混焼	金鉦
こんしょく	混植	混色	混食
こんしん	混信	懇親	渾身
こんじ	根治	今次	紺地	今茲	恨事	金字	金翅
こんじょう	根性	混醸	紺青	今生	懇情	混乗
こんすい	昏睡	昏酔	こん睡
こんせい	懇請	混成	混生	混製	今世	混声	渾成
こんせき	痕跡	痕迹	今夕	こん跡
こんせん	混戦	混線	根尖	混繊
こんぜ	今世	今是
こんたい	混態	昏怠	金胎
こんたん	魂胆	根端
こんだく	混濁	溷濁
こんちゅう	混注	昆虫	こん虫
こんてい	根底	根柢	根抵
こんとう	今冬	昏倒	魂東
こんどう	混同	金銅	金堂	混堂
こんなん	困難	困難
こんにゃく	菎蒻	蒟蒻
こんにゅう	婚入	混入
こんねり	混練	混練り
こんねん	恨念	今年
こんばーじょんりつ	コンバージョン率	CV率
こんぱい	困ぱい	困憊
こんぱく	紺白	魂魄
こんぶ	根部	昆布
こんぺいとー	コンペイ糖	金平糖	金米糖
こんぺき	紺ぺき	紺碧
こんぼう	懇望	混紡	棍棒	こん棒
こんぽう	梱包	こん包
こんまい	昏昧	混米
こんめい	昏迷	混迷	懇命	昏冥
こんもう	懇望	昏蒙	根毛	昏濛
こんや	今夜	紺屋
こんゆう	今夕	混融	渾融
こんらん	混乱	混亂
こんりゅう	建立	根瘤	根粒	混流
こんりょう	根量	袞竜
こんれい	婚礼	今例
こんわ	混和	懇話	諢話
こーぷきょういく	コープ教育	CO-OP教育
ご	語	伍	御	後	棊	碁	子	豆汁	豆油	児	仔	期	娘
ごい	五位	語彙	語意	語い	鯉
ごいぞく	御遺族	ご遺族
ごいっしん	ご一新	御一新
ごいん	誤飲	五音
ごう	后	豪	壕	毫	鰲	郷	濠	剛	号	業	合
ごうい	合意	合囲	合圍
ごうえん	強縁	業縁
ごうおん	号音	轟音	合音
ごうか	豪華	豪か	劫火	合科	業火	豪家
ごうかん	強かん	強姦	号巻	合巻	合歓
ごうが	聱牙	贅牙	ごう牙
ごうき	剛き	剛毅	剛気	豪毅	豪気	拷器
ごうきゅう	号泣	剛球	号給	強弓	豪球
ごうきょう	号叫	剛強	剛彊
ごうけん	剛健	合憲	豪剣
ごうこく	号哭	合谷
ごうご	豪語	傲語
ごうさらし	業さらし	業晒	業晒し	業曝	業曝し
ごうし	合祀	合し	郷士	合糸	毫絲	合資	格子
ごうしゃ	豪しゃ	豪奢	剛者	壕舎	郷社	巧者
ごうしゅ	強取	豪酒	郷主
ごうしょう	合焦	豪商	強将	豪将
ごうじょっぱり	強情っぱり	強情っ張り
ごうせい	合成	強請	剛性
ごうそう	剛操	豪槍	豪爽
ごうそっきゅう	豪速球	剛速球
ごうたん	豪胆	剛胆
ごうだん	強談	郷談
ごうち	碁打	碁打ち
ごうちょう	郷帳	郷長
ごうちん	轟沈	郷鎮
ごうつく	強つく	強突	業つく	業突く
ごうてき	号笛	豪敵	強敵
ごうとう	強盗	豪宕	鼇頭
ごうどう	合同	合道
ごうひ	合否	合皮
ごうふ	豪富	郷夫
ごうふく	剛ふく	剛愎	剛腹
ごうほう	豪放	号砲	号俸	業報	合法
ごうまん	傲慢	剛慢	強慢	ごう慢
ごうめい	合名	郷名
ごうもう	剛毛	毫毛
ごうやく	合薬	膏薬
ごうゆう	合有	豪遊	豪勇	剛勇
ごうよく	強慾	強欲	業欲
ごうり	合理	毫釐	郷里	行李
ごうりき	業力	剛力	強力
ごうりせい	郷里制	合理性
ごうりゃく	劫掠	劫略
ごうわん	剛腕	豪腕	強腕
ごえ	声	肥	超え	越え
ごえいか	御詠歌	ご詠歌
ごおう	五王	五黄	牛王	牛黄	護皇
ごおり	氷	郡	凍り
ごおん	五陰	呉音	五音	語音
ごおんこ	御恩顧	ご恩顧
ごか	五家	五果	呉下
ごかい	誤解	五戒	碁会	碁界	沙蚕
ごかいそう	御会葬	ご会葬
ごかく	五角	互角	碁客	語格
ごかん	五官	五感	語感	語幹	互換	冱寒	沍寒
ごがたき	碁仇	碁敵
ごき	誤記	語気	後鬼	碁器	語基
ごきげん	御機嫌	ご機嫌
ごきゅうしょく	5級職	五級職
ごきょう	五経	五教	碁経	護教
ごぎょう	五行	御形
ごく	獄	語句	御供	斛	石	国
ごくい	極意	獄衣
ごくぶと	ゴク太	極太
ごくり	獄吏	獄裡
ごくろう	極老	獄廊	御苦労	ご苦労
ごけ	苔蘚	碁け	碁笥	後家	苔
ごけい	五髻	互恵	語形
ごけんしょう	御健勝	ご健勝
ごげん	語源	悟言	語原	語言
ごこう	五更	後光
ごこうぎ	御高誼	ご高誼
ごこうれい	御高齢	ご高齢
ごこく	誤刻	五穀	午刻	後刻	護國	護国
ごこん	五根	語根
ごご	午後	午后	五々
ごさい	五彩	五菜	後妻
ごさた	御沙汰	ご沙汰
ごさん	五酸	誤算	五山	午さん	午餐
ござ	御座	後座	茣蓙	蓙
ごし	五指	互市	語誌	語史	轎	輿	腰
ごしき	五識	五色
ごしゃ	誤写	誤射
ごしゃく	悟迹	語釈	護惜
ごしゅ	牛主	語種
ごしゅいん	御朱印	ご朱印
ごしゅうぎ	御祝儀	ご祝儀
ごしゅくはく	御宿泊	ご宿泊
ごしょ	御所	呉書	御書
ごしょう	五障	互渉	午餉	後生	小姓
ごしょうち	御承知	ご承知
ごしょく	誤植	午食
ごしらえ	拵	拵え
ごしん	誤信	誤審	誤診	五臣	護身	御新
ごしんえい	御真影	ご真影
ごしんぞう	御新造	ご新造
ごしんとう	5親等	御神灯	御神燈	五親等
ごしんぷ	御親父	御新婦	ご親父	ご新婦
ごじ	護持	語字	誤字
ごじしん	御自身	ご自身
ごじせい	御時世	ご時世
ごじたく	御自宅	ご自宅
ごじぶん	御自分	ご自分
ごじゅう	五重	後住
ごじゅうのとう	五重塔	五重の塔
ごじょ	互助	互除	語序	五女
ごじょう	五常	互譲
ごじる	呉汁	豆汁
ごじん	御仁	後陣	ご仁
ごすい	午睡	五衰
ごずつり	ゴズ釣り	ごず釣り
ごせい	互生	碁聖	悟性	語勢	語性
ごせいさん	御精算	ご精算
ごせん	五線	互選	後撰	後選	御饌
ごぜ	御前	瞽女
ごぜん	御前	午前
ごぜんさま	午前さま	午前様
ごそう	護送	互層	誤想
ごそくろう	御足労	ご足労
ごぞんじ	ご存じ	御存じ	御存知	ご存知
ごたく	御託	ご託
ごたくせん	御託宣	ご託宣
ごたつ	悟達	火燵	炬燵
ごたぶん	ご多分	御多分
ごたぼう	御多忙	ご多忙
ごだん	誤断	五壇
ごち	鯒	東風
ごちそう	ご馳走	御馳走
ごちゅう	語注	語中
ごちょう	伍長	誤聴	語調
ごったに	ゴッタ煮	ごった煮
ごつごう	御都合	ご都合
ごつごうしゅぎ	御都合主義	ご都合主義
ごつまゆ	ゴツ眉	ごつ眉
ごづめ	後詰	後詰め
ごて	小手	後手	鏝	籠手
ごてんい	御典医	御殿医
ごでん	誤伝	御伝
ごと	琴	事	箏	言
ごとう	誤倒	五灯	五燈	語頭	誤答
ごとうち	御当地	ご当地
ごとく	悟得	五徳
ごとし	ゴト師	ごと師
ごどう	誤導	悟道	梧桐
ごにゅう	悟入	五入
ごにゅうきょ	御入居	ご入居
ごにん	五人	誤認
ごねどく	ゴネ得	ごね得
ごねん	護念	五念
ごのう	五能	御悩
ごは	五覇	語派
ごはさん	御破算	ご破算
ごはっと	御法度	ご法度
ごはん	御飯	午飯	誤判	ご飯
ごはんがま	御飯釜	ごはん釜
ごはんがわ	御飯側	ご飯側
ごはんがわり	御飯代わり	ご飯がわり	ご飯代わり
ごはんごしらえ	御飯ごしらえ	御飯拵え
ごはんつう	御飯通	ご飯通
ごはんつぶ	御飯粒	ご飯粒	ごはん粒	ご飯つぶ
ごはんづくり	御飯作り	ご飯づくり
ごはんなべ	御飯鍋	ごはん鍋
ごはんむし	御飯蒸	御飯蒸し
ごはんもの	御飯物	ご飯物	ごはん物	ご飯もの
ごばらい	後払	後払い	誤払い
ごばんわり	碁盤割	碁盤割り
ごび	語尾	寤寐
ごふ	後夫	御符	護符
ごふこう	御不幸	ご不幸
ごふしょう	御不承	ご不承
ごふじょう	御不浄	ご不浄
ごぶいん	御無音	ご無音
ごぶさた	御無沙汰	ご無沙汰
ごぶん	誤聞	誤文	語文
ごへい	五平	語弊
ごほう	誤報	午砲	護宝	語法	護法
ごほうぜん	御宝前	ご宝前
ごぼう	五榜	牛房	牛蒡
ごま	護摩	胡摩	胡麻	独楽	駒
ごまあぶら	ゴマ油	ごま油	胡麻油
ごましお	ゴマ塩	ごま塩	胡麻塩
ごみ	塵	五味
ごみあつかい	ゴミ扱い	塵扱い
ごみあつめ	ゴミ集め	塵集め
ごみあな	塵穴	ごみ穴
ごみあぶら	塵油	ごみ油
ごみいれ	塵入れ	ごみ入れ
ごみおとこ	ゴミ男	塵男
ごみがわ	塵川	ごみ川
ごみくず	ゴミ屑	塵屑	ごみ屑
ごみさらい	塵浚い	ごみ浚い
ごみすて	ゴミ捨て	ゴミ棄て	ごみ捨て	塵捨て
ごみため	ゴミ溜め	塵溜め	ごみ溜	ごみ溜め
ごみだし	ゴミ出し	塵出し	ごみ出し
ごみとり	塵取り	ごみ取り
ごみばこ	ゴミ箱	塵箱	芥箱	ごみ箱
ごみひろい	ゴミ拾い	塵拾い	ごみ拾い
ごみぶくろ	ゴミ袋	塵袋	ごみ袋
ごみむし	塵虫	ごみ虫
ごみやしき	ゴミ屋敷	塵屋敷	ごみ屋敷
ごみやま	ゴミ山	塵山	ごみ山
ごめん	御免	御めん	ご免
ごめんそう	御面相	ご面相
ごも	菰	薦
ごもくごはん	五目ごはん	五目御飯	五目ご飯
ごもり	籠り	籠もり
ごや	小屋	後夜	弧屋
ごやく	誤訳	誤譯
ごよう	五葉	誤用	語用	御用	ご用
ごようたし	ご用達	御用達
ごようてい	ご用邸	御用邸
ごらいこう	御来光	ご来光
ごらいごう	御来迎	ご来迎
ごらん	御覧	ご覧
ごり	鮴	垢離
ごりおし	ゴリ押し	ごり押し
ごりしょう	御利生	ご利生
ごりやく	ご利益	御利益
ごりょう	御寮	御料	呉綾	ご料	御霊
ごりょうけ	御両家	ご両家
ごりょうにん	御寮人	御両人	ご両人	御料人
ごりん	五輪	語林	五倫
ごろ	呉絽	頃	語呂	語路
ごろう	語聾	五郎
ごろうじん	御老人	ご老人
ごろく	語録	護禄	護録
ごろたいし	ゴロタ石	ごろた石
ごろたみち	ゴロタ道	ごろた道
ごんげんづくり	権現造	権現造り
ごんしゅ	勤修	厳修
ごんにゃく	菎蒻	蒟蒻
ごんねぎ	権祢宜	権禰宜
さ	差	些	査
さい	骰子	際	差異	差違	寨	査衣	塞	宰	犀	祭	賽	采	骰	災	才	細	西	最	妻
さいい	災異	祭衣
さいいん	西院	催淫	斎院
さいう	細雨	最右
さいえ	彩絵	斎会	綵絵
さいえい	才穎	才英
さいえん	再演	再縁	菜園	才媛	採塩	最遠	祭宴
さいおう	最奥	再往	再応	斎王	災殃	采王
さいか	再嫁	裁可	西下	載荷	災禍	才華	採果	採火	祭火	細瑕	綵花	載貨	采花	最下
さいかい	斎戒	再会	際会	斉諧	細楷	西海	再開	最下位
さいかいそう	採介藻	採貝藻
さいかく	才覚	犀角
さいかん	再刊	才幹	細管	彩管	採鹹	最寒	菜館
さいが	催芽	彩画
さいがい	災害	塞外	最外	際涯	鰓蓋
さいがいみまいきん	災害見舞い金	災害見舞金
さいがん	彩巌	砕岩
さいき	再起	催奇	債鬼	再帰	彩輝	才器	才気	猜忌	祭器
さいきせい	催奇性	再帰性
さいきゃく	債却	西客
さいきょ	再挙	裁許
さいきょう	最強	埼京	最狂	祭享	西京	西教
さいきょうづけ	西京漬	西京漬け
さいきん	最近	採金	細菌	細きん	細瑾
さいぎ	猜疑	再議	祭儀	さい疑
さいくん	細君	妻君
さいけい	再掲	最恵	最刑	歳計	細径
さいけつ	採決	採决	採血	裁决	裁決	最決
さいけん	再建	再検	債権	債券	再見	細見
さいけんしゃ	債権者	再見者
さいけんしん	再検診	再健診
さいげい	彩霓	才芸	才藝
さいげつ	歳月	斎月
さいげん	再現	際限
さいこ	柴胡	最古
さいこう	最高	再興	催行	再考	採鉱	砕鉱	最高〜	最こう	再攻	再校	採光	最硬	細孔	菜肴	再構	さい高
さいこく	催告	西国
さいころ	骰子	賽子
さいこん	再婚	菜根	再建
さいご	最後	最期	さい後
さいごく	西国	最極
さいごっぺ	最後っぺ	最後っ屁
さいさ	採砂	最左	歳差	細砂
さいさい	再々	再再	細砕	歳々	歳歳	済々	済済
さいさき	幸先	さい先
さいさん	再三	採算
さいし	妻子	再思	祭祀	再四	彩糸	才子	祭司	祭祠	祭粢	祭詞
さいしき	彩色	才識	祭式
さいしつ	妻室	彩漆	才質	祭室
さいしゅ	採取	採種	債主	寨主	斎主	祭主	祭酒
さいしゅう	最終	採集	最集
さいしゅほ	採種\u0028穂\u0029	採種穂
さいしょ	最初	細書
さいしょう	最小	最少	宰相	妻妾	採証	最勝	災祥	祭床
さいしょく	採食	菜食	才色	彩飾	栽植
さいしん	最新	砕身	再審	最深	再診	宰臣	採薪	砕心
さいしんかん	最新刊	最新巻
さいしんせい	最新性	再申請
さいじ	歳事	催事	採餌	祭事	細事	細字	歳時	歳次
さいじき	斎食	歳時記
さいじょ	妻女	才女
さいじょう	再醸	斎場	祭場	最上
さいじん	祭神	才人
さいせい	最盛	再製	宰制	再生	細精	済生	祭政	再征	再盛	採精	採製	歳盛	済世
さいせいさん	再生産	再清算	再精算
さいせき	採石	砕石	細石	載籍	さい石
さいせつ	再説	砕せつ	砕屑	細説	彩雪	細節
さいせん	再染	再選	再戦	再撰	賽銭	西線	さい銭
さいぜん	最善	最前
さいそう	灑掃	再送	再葬	彩層	才藻	採桑	採草	採藻
さいそく	催促	最速	細則
さいたい	妻帯	臍帯	細太
さいたん	採炭	最短	歳旦
さいだい	最大	細大
さいだん	採暖	裁断	祭壇	最暖	細断
さいだんざ	さいだん座	祭壇座
さいち	細緻	才智	才知	豺螭	載地	采地
さいちょう	採長	鰓腸	再調	最長
さいてい	最低	裁定	再訂	彩挺	さい低
さいてん	再転	採点	祭奠	祭典	祭天	西天
さいとう	柴燈	彩陶	採灯	採燈	菜刀	菜湯	菜豆	裁頭	西塔
さいとく	才徳	採得	最特	碎徳
さいとり	才取	才取り
さいど	再度	済度	彩度	砕土
さいにゅう	歳入	催乳	再入
さいにん	再任	再認
さいねんちょう	再年調	最年長
さいのう	採納	才能	才のう
さいのめ	サイの目	賽の目	賽目	采の目	さいの目
さいは	摧破	砕破	砕波
さいはい	再拝	宰配	采配	儕輩	さい配
さいはん	再版	再販	再犯	最判
さいばい	栽培	採貝
さいばし	菜ばし	菜箸
さいばん	歳晩	宰判	裁判	採番
さいひ	歳費	採否
さいひつ	才筆	細筆
さいひょう	細評	再評	砕氷
さいひん	最貧	最頻
さいび	細び	細微	最微	采薇
さいふ	採譜	財布
さいふく	斎服	祭服
さいぶん	細分	祭文
さいへん	再變	再変	再編	砕片	細片
さいほ	採穂	再捕	採捕
さいほう	採訪	裁縫	西芳	西方	再訪
さいほしゅ	採穂\u0028種\u0029	採穂種
さいぼう	細胞	細棒	采茆
さいぼく	柴朴	砕木
さいまき	才巻	才巻き	さい巻き
さいまつ	歳末	細末
さいみつ	採蜜	最密
さいみん	催眠	最民	済民	細民
さいめん	菜めん	菜麺
さいもん	祭文	西門	彩文	彩紋
さいやく	再訳	再躍	採薬	災厄
さいゆう	西遊	最尤	彩釉	最優
さいよう	採用	細腰
さいよみこみ	再読込	再読込み	再読み込み
さいらん	採卵	西蘭	采覧
さいりゃく	才略	最略
さいりゅう	細粒	細流
さいりょう	裁量	宰領	最良	才量	菜料	采菱
さいれい	祭礼	祭禮	柴苓	裁例
さいろく	再録	採ろく	採錄	採録	載録	才六	西麓	采六
さいろん	再論	細論
さいわい	倖い	倖	幸い	幸
さいん	左院	鎖陰
さえ	冱え	冴え
さえん	差延	茶園
さお	竿	棹	さ青
さおあげ	サオ上げ	竿上げ
さおいれ	サオ入れ	竿入	竿入れ
さおさき	サオ先	竿先
さおさばき	竿さばき	竿捌き
さおだけ	棹竹	竿竹	さお竹
さおだち	竿立ち	棹立ち
さおづり	竿釣	竿釣り
さおとめ	早少女	早乙女
さおばかり	棹秤	竿秤
さおぶち	棹縁	竿縁
さか	坂	酒	茶菓	阪
さかあがり	逆あがり	逆上がり	逆上り
さかい	境	境い	界
さかいめ	境目	境い目	さかい目
さかうらみ	逆ウラミ	逆怨み	逆恨み
さかえ	栄え	栄
さかおとし	逆落し	逆落とし
さかがめ	酒がめ	酒ガメ	酒甕
さかき	榊	榊木	賢木	逆木
さかく	査覈	左郭
さかぐら	酒蔵	酒倉
さかご	逆児	逆子
さかさ	逆	逆さ	逆かさ
さかさえ	逆さ絵	さかさ絵
さかさかんな	逆さ鉋	逆鉋
さかさことば	逆さ言葉	さかさ言葉	逆さことば
さかさま	逆様	逆さま
さかさまつげ	逆さまつげ	逆さまつ毛	逆さ睫	逆さ睫毛	逆睫	さかさまつ毛
さかしびと	賢し人	さかし人
さかずき	杯	盃
さかずきあらそい	杯争い	盃争い
さかずきごと	杯事	盃事
さかずきひも	杯紐	盃紐
さかぞり	逆ぞり	逆剃り
さかだる	酒だる	酒樽
さかつぼ	酒つぼ	酒壷	酒壺
さかて	逆手	酒手
さかとんぼ	逆とんぼ	逆蜻蛉
さかな	魚	肴
さかなうり	肴売り	魚売り
さかながわり	肴がわり	肴代わり
さかなぎらい	魚ぎらい	魚嫌い
さかなつり	魚釣り	魚つり	魚釣
さかなで	逆なで	逆撫で
さかなとり	魚とり	魚取り	魚獲り	魚捕り
さかなばなれ	魚ばなれ	魚離れ
さかなみ	逆波	逆浪	酒波
さかなや	魚屋	肴屋	魚や
さかに	酒煮	酒荷
さかねじ	逆ねじ	逆捩じ
さかはぎ	逆はぎ	逆剥	逆剥ぎ
さかびん	酒びん	酒ビン	酒壜	酒瓶
さかぶとり	酒太り	酒肥り
さかみち	坂道	さか道
さかむけ	逆むけ	逆剥け
さかめ	逆目	さか目
さかもり	酒もり	酒盛	酒盛り
さかやけ	酒灼け	酒焼け
さかりば	盛り場	さかり場
さかん	左官	茶館	主典	鎖間	佐官
さがい	詐害	砂害
さがし	捜し	探し
さがしもの	捜しもの	捜し物	探しもの	探し物	さがし物
さがり	下り	下がり
さがりぐも	下がり蜘蛛	さがり蜘蛛
さがりづな	下がり綱	さがり綱
さがりまゆ	下がり眉	下り眉
さがん	作願	左岸	砂岩
さき	先	先き	嚮	曩	咲	埼	咲き	崎	左記
さきいか	裂きイカ	裂き烏賊
さきおくり	先送り	先送
さきおり	裂き織り	裂織り
さきがい	先買	先買い
さきがいけん	先買い権	先買権
さきがけ	魁	先駆け
さきごろ	先ごろ	先頃	さき頃
さきざき	先ざき	先先	先々
さきっちょ	先っちょ	先ッチョ
さきづけ	先付	先付け
さきどり	先取り	先どり	先取
さきばらい	先払	先払い
さきぶれ	先ぶれ	先触	先触れ
さきほど	先程	さき程	先ほど
さきまわり	先まわり	先回り	先廻り
さきみ	先視	先見
さきやま	先山	前山
さきゅう	砂丘	沙丘
さきゆき	先行き	先き行き	先ゆき
さきわけ	咲き分け	咲分	咲分け
さきん	差金	砂金
さぎ	詐偽	詐欺	鷺
さぎそう	鷺草	さぎ草
さぎちょう	三毬杖	左義長
さぎとり	鷺とり	鷺取り
さぎょう	作業	サ行	さ行
さぎょうしゃ	作業者	作業車
さぎょうりょう	作業料	作業量
さく	柵	錯	幘	作	索	策
さくあん	作案	策案
さくい	作為	作意	窄衣
さくいん	作印	作因	索引	索隠
さくか	昨夏	溯河	さく河
さくがい	柵外	柵飼
さくがん	削岩	鑿岩	さく岩
さくき	昨季	作期	昨期
さくげん	削減	溯源	遡源	策源
さくこう	削孔	柵工	索溝
さくご	錯誤	錯語
さくさん	柞蚕	酢酸	醋酸
さくし	作詞	作詩	策士	策子	錯視
さくしか	作詞家	作詩家
さくしゅ	搾取	作手	作種
さくしゅう	昨秋	索臭
さくしゅつ	搾出	作出	索出	錯出
さくじ	作字	作事	索じ	索餌
さくじつ	朔日	昨日
さくじょう	作条	索条
さくせい	作成	作製	鑿井	削井	削正
さくせつ	作設	錯節
さくせん	作戦	策戦
さくそう	錯そう	錯綜	錯総
さくたい	昨対	錯体
さくづけ	作付	作付け
さくてい	策定	削蹄	作庭
さくとう	昨冬	作刀	作陶	錯倒
さくどう	策動	索道
さくひん	作品	作ひん
さくふ	作譜	昨譜
さくふう	作風	朔風
さくぶつ	作仏	作物
さくぶん	作文	作分
さくへん	作変	削片
さくほう	冊封	削封	昨報	朔蓬	柵封	作法
さくぼう	策謀	朔望
さくもん	作問	策問
さくら	桜	櫻
さくらいろ	桜いろ	桜色	さくら色
さくらえび	サクラ海老	桜えび	桜エビ	桜海老	桜蝦
さくらがい	桜貝	さくら貝
さくらがり	桜狩	桜狩り
さくらしべ	桜蕊	桜蘂
さくらそう	桜草	さくら草
さくらつぼみ	桜つぼみ	桜蕾
さくらづけ	桜漬	桜漬け
さくらづつみ	桜づつみ	桜堤
さくらなべ	桜鍋	さくら鍋
さくらばな	サクラ花	桜花	さくら花
さくらます	桜マス	桜鱒
さくらまつり	桜祭り	桜まつり	桜祭
さくらもち	桜もち	桜餅
さくらん	錯乱	柵欄
さくらんぼ	桜んぼ	桜ん坊	桜桃
さくらんぼう	桜ん坊	桜桃
さくりつ	冊立	削立
さくれい	策励	作例	作礼
さくれつ	サク裂	炸裂	柵列	さく裂
さぐり	捜り	探り
さぐりつり	サグリ釣り	探り釣り
さぐりばり	探り針	さぐり針
さぐりばん	探り番	探番
さけ	酒	鮭
さけい	左傾	沙鷄	砂鶏
さけいり	酒入り	鮭入り
さけおにぎり	鮭おにぎり	鮭御握り
さけかす	酒カス	酒かす	酒粕	酒糟
さけかん	鮭缶	さけ缶
さけぐせ	酒ぐせ	酒癖
さけこうじ	酒麴	酒麹
さけごはん	鮭御飯	さけご飯	鮭ごはん
さけちゃづけ	鮭茶漬け	さけ茶漬け
さけづくり	酒造り	酒づくり
さけのみ	酒飲み	酒呑み	酒呑
さけび	叫び	叫
さけびごえ	叫び声	叫びごえ	さけび声
さけびたし	酒びたし	酒浸し
さけびたり	酒びたり	酒浸り
さけぶくれ	酒ぶくれ	酒膨れ
さけぶとり	酒太り	酒肥り
さけめ	裂けめ	裂け目	裂目	さけ目
さけりょう	サケ漁	鮭漁	さけ漁
さげ	下げ	提げ	落げ
さげお	下げ緒	下緒
さげかじ	下げかじ	下げ舵
さげがみ	下げ髪	さげ髪
さげじゅう	提げ重	提重
さげすみ	蔑すみ	蔑み
さげどまり	下げ止まり	下げどまり
さげぶくろ	下げ袋	提げ袋
さげみずら	下げ美豆良	下げ角髪
さげもどし	下げ戻し	下戻
さげもの	提げ物	提物
さこう	砂耕	砂鉱	鎖交	鎖港	鎖肛	左降
ささ	笹	酒
ささい	些細	瑣細	さ細
ささかま	笹かま	笹蒲
ささかまぼこ	笹かまぼこ	笹蒲鉾
ささがた	笹型	ささ型
ささげ	大角豆	江豆
ささげつつ	捧げ銃	捧銃
ささげもの	捧げ物	捧げもの	献げ物	ささげ物
ささたけ	笹竹	ささ竹
ささなき	小鳴き	笹鳴き	ささ鳴き
ささにごり	笹濁り	細濁り	ささ濁り
ささはら	ササ原	笹原
ささびき	笹引	笹引き
ささぶき	笹葺	笹葺き
ささぶね	笹舟	ささ舟
ささみ	笹身	ささ身
ささやきごえ	囁き声	ささやき声
ささやぶ	笹やぶ	笹ヤブ	笹藪
さざなみ	小波	漣	漣波	細波	さざ波
さざれいし	サザレ石	磊石	細石石	さざれ石
さざれいわ	サザレ岩	細石岩
さざんか	山茶花	茶梅
さし	尺	渣滓	砂嘴	注し	指し	刺し	刺	緡	差し	止し
さしあい	差し合	差し合い	差合い
さしあし	差し足	さし足
さしあな	挿し穴	さし穴
さしあぶら	差し油	差油	注し油	注油	さし油
さしあみ	サシ網	刺網	刺し網
さしいれ	差入	差入れ	差し入れ	さし入れ
さしいろ	差し色	挿し色	さし色
さしえ	挿画	挿し絵	挿絵	差し餌	さし絵	さし餌
さしえさ	刺しエサ	刺し餌
さしえだ	差し枝	さし枝
さしおさえ	差し押え	差押	差押え	差押さえ	差し押さえ
さしかえ	差し換え	差換	差替	差替え	挿し替え	差し替え	差換え	差しかえ
さしかえし	差し返し	さし返し
さしかけ	差し掛け	差掛け	指し掛け	指掛け
さしがね	差し金	差金	指金
さしがみ	差し紙	差紙
さしき	サシ木	鎖式	挿し木	挿木	揷し木	さし木
さしきず	刺し傷	さし傷
さしぎ	挿し木	差し木
さしぐし	挿しぐし	挿し櫛	挿櫛
さしぐすり	差し薬	差薬
さしぐち	差し口	挿し口
さしげ	差し毛	差毛
さしこ	刺し子	刺子
さしこみ	差し込み	差込	差込み
さしごと	指事	指し事
さしさわり	差し障り	差しさわり	差障り
さししお	差し潮	差潮
さしじお	差し塩	差塩
さしず	指図	差図	差圖	指し図
さしぞえ	差し添え	差添え
さしたて	差し立て	差立
さしだし	差し出	差出	差出し	指出し	差し出し
さしつ	左室	砂質
さしつかえ	差し仕え	差支	差支え	差支へ	差閊え	差し支え	差しつかえ
さしつぎ	刺し継ぎ	刺継ぎ	差し次	指継ぎ
さしつけ	差し付け	さし付け
さして	指し手	差し手	指手
さしで	差しで	差し出	差出
さしとめ	差し止め	差止	差留め
さしどこ	指し床	さし床
さしなわ	差し縄	さし縄
さしにない	差し担い	差担い
さしぬい	刺し縫い	刺縫い
さしぬき	刺し抜き	指貫
さしね	指し値	指値
さしば	刺し羽	差し歯	差歯	さし歯	差し羽
さしばり	刺し針	刺針
さしひき	差し引き	差引	差し引	差引き	さし引き
さしひきぜいがく	差し引き税額	差引税額	差引き税額
さしひも	差しひも	差し紐
さしほ	差し穂	挿し穂	さし穂
さしぼう	指し棒	さし棒
さしまえ	差し前	差前
さしまわし	差廻し	差し回し	差回し
さしみ	刺し身	刺身	差し身
さしみず	差し水	差水	さし水
さしむかい	差しむかい	差し向い	差し向かい	差向い	さし向い
さしめ	差し芽	挿し芽	挿芽	さし芽
さしもつれ	差し縺れ	差縺
さしもどし	差し戻し	差戻	差戻し	さし戻し	差しもどし
さしもの	櫛簪	指物	差し物	差物	指し物	挿物
さしゅう	査収	サ終
さしゆ	差し湯	差湯
さしょう	査証	詐称	些少	左掌	左証	さ少
さしりょう	差し料	差料
さしわく	差し枠	さし枠
さしわけ	指し分	指し分け	指分	指分け
さしわたし	差し渡し	差渡し	さし渡し
さじ	匙	匕	些事	瑣事
さじかげん	匙加減	さじ加減
さじき	棧敷	桟敷
さじきせき	桟敷席	さじき席
さじょう	鎖錠	砂上	沙上	左丞	砂壌	鎖状
さじん	砂塵	砂じん	左腎	左衽
さす	砂州	砂洲
さすまた	刺叉	刺股
さすらいびと	流離人	さすらい人
さずかりもの	授かりもの	授かり物	さずかり物
させき	左隻	佐蹟	砂磧
させつ	左折	些屑
させん	左遷	左旋	鎖線
さぜん	左前	作善
さそい	誘い	誘ひ
さそりざ	サソリ座	蠍座
さそりざわ	蠍沢	さそり沢
さたん	嗟嘆	嗟歎	左袒	左端
さだまり	定まり	定り
さだめ	定め	諚	諚め	定
さだめがき	定め書き	定書
さち	蹉躓	幸
さちゅう	左中	左注	砂中
さっか	作家	作歌	擦過
さっかく	錯覚	錯角
さっかん	擦管	錯簡
さっき	殺気	削器	箚記
さっきゅう	溯及	遡及
さっこん	昨今	擦痕
さっし	察	冊子	察し	刷紙	策子
さっそ	殺そ	殺鼠
さっそざい	殺そ剤	殺鼠剤
さっち	察知	三進
さっぱ	撒播	拶双魚
さっぷ	撒布	殺父
さっぷうけい	殺風景	殺風景
さつ	薩	札	察
さついれ	札入	札入れ
さつえい	撮影	撮映	薩英
さつかん	札勘	察官
さつき	皐月	早月	五月
さつきばれ	五月晴	五月晴れ
さつげん	殺減	擦弦
さつじん	殺人	薩人	殺刃	殺陣
さつばつ	殺ばつ	殺伐	薩閥
さつばん	サツ番	察番
さつびら	札びら	札ビラ
さつまあげ	薩摩揚	薩摩揚げ	さつま揚げ
さつまいも	さつま芋	薩摩芋
さつまけん	薩摩犬	薩摩拳
さつまわり	サツ回り	サツ廻り	察回り
さつりく	殺りく	殺戮
さてい	査定	鎖定
さてつ	蹉跌	砂鉄
さであみ	叉手網	さで網
さと	里	郷
さといも	里芋	里いも
さといもか	サトイモ科	里芋科
さとう	砂糖	左党	嗟悼	左刀	差等
さとがえり	里帰り	里がえり
さとづくり	里づくり	里作り
さとり	悟り	覚り
さとりせだい	悟り世代	さとり世代
さどう	作動	茶道	左道	差動	茶頭
さなか	最中	さ中
さなぎがら	サナギ殻	蛹殻
さなぎこ	サナギ粉	蛹粉	さなぎ粉
さなだむし	サナダ虫	真田虫
さにわ	審神者	沙庭
さね	核	札	実
さねはぎ	実はぎ	実矧ぎ
さのう	左脳	砂嚢	砂囊
さはい	差配	左肺	茶杯
さはち	砂鉢	皿鉢
さばえ	五月蠅	蒼蠅
さばおり	鯖折り	さば折り
さばかん	鯖缶	サバ缶
さばき	捌き	裁き	審き
さばきすじ	サバキ筋	捌き筋
さばきふで	捌き筆	捌筆
さばく	砂漠	沙漠	砂ばく	佐幕
さばくか	砂漠化	沙漠化
さばさし	サバ刺し	鯖刺し
さばずし	サバ鮓	鯖寿司	鯖鮨	さば寿司
さばつり	サバ釣り	鯖釣	鯖釣り	さば釣り
さばぶし	サバ節	鯖節	さば節
さび	寂	銹	錆	錆び
さびあげ	錆上	錆上げ
さびいろ	錆いろ	錆色	さび色
さびおとし	サビ落し	サビ落とし	錆落とし	さび落し	さび落とし	錆落し
さびきしかけ	サビキ仕掛	サビキ仕掛け	さびき仕掛け
さびきづり	サビキ釣り	さびき釣り
さびきばり	サビキ針	さびき針
さびくぎ	錆くぎ	錆び釘	さび釘
さびごえ	寂声	錆声
さびしみ	寂しみ	淋しみ
さびじる	錆汁	さび汁
さびとり	サビ取り	錆び取り	錆取り
さびどめ	サビ止め	錆び止め	錆どめ	錆止め	さび止	さび止め
さびぬき	サビ抜き	さび抜き
さびよごれ	サビ汚れ	錆汚れ
さへん	サ変	さ変	左辺	左片
さほう	作法	左方
さぼう	砂防	茶房	左房
さぼりま	サボり魔	サボリ魔
さま	左馬	様
さまがわり	様変わり	様がわり	様変り	さま変わり
さまし	覚し	覚まし
さまたげ	妨げ	障げ
さまつ	些末	瑣末	さ末
さむかぜ	寒かぜ	寒風
さむけ	寒気	寒け	寒氣
さむらい	武らひ	侍
さむらいくび	侍首	さむらい首
さむらいだましい	サムライ魂	侍魂
さむらいづら	サムライ面	侍面
さむらいどう	サムライ道	侍道
さめあな	サメ穴	鮫穴
さめづり	サメ釣り	鮫釣り
さめはだ	サメ肌	鮫肌	鮫膚	さめ肌
さや	紗綾	鞘	莢	匣鉢
さやあて	鞘当	鞘当て	さや当て
さやかざり	鞘飾り	さや飾り
さやかん	鞘管	さや管
さやとり	鞘取	鞘取り
さやどう	套堂	鞘堂
さやよせ	サヤ寄せ	鞘寄せ
さよならがち	サヨナラ勝ち	さよなら勝ち
さよならき	サヨナラ機	さよなら機
さよならだ	サヨナラ打	さよなら打
さら	娑羅	沙羅	皿	新
さらあらい	皿洗い	皿あらい	皿洗
さらさ	更紗	更緲
さらし	晒し	曝布	晒
さらしあめ	晒し飴	晒飴
さらしあん	晒し餡	晒餡
さらしくじら	晒し鯨	さらし鯨
さらしくび	晒し首	晒首	曝し首	曝首	さらし首
さらしこ	サラシ粉	晒し粉	晒粉	さらし粉
さらしだい	晒し台	さらし台
さらしば	晒し場	晒場	曝し場	さらし場
さらしみょうが	晒し茗荷	さらし茗荷
さらしもの	晒しもの	晒し者	晒者	曝し者	さらし物	さらし者
さらしろう	晒蝋	晒蠟
さらち	更地	さら地
さらとい	更問	更問い
さらばかり	皿ばかり	皿秤
さらひも	皿ひも	皿紐
さらまわし	皿まわし	皿回し	皿廻し
さりぎわ	去りぎわ	去り際
さりゃく	作略	差略	詐略
さる	猿	猨	猴	申
さるうで	サル腕	猿腕
さるおがせ	松蘿	猿麻桛
さるがお	サル顔	猿顔
さるがく	サル学	猿学	散楽	猿楽	申楽
さるがっ	サル学	猿学
さるがん	サル眼	猿眼
さるぐつわ	猿ぐつわ	猿グツワ	猿轡
さるすべり	百日紅	猿滑
さるとり	サル捕り	猿捕り
さるどし	サル年	申年
さるひき	猿ひき	猿引	猿引き	猿曳
さるまた	猿また	猿又	猿股
さるまね	猿真似	猿まね	猿マネ
さるまわし	サル回し	猿回し	猿廻し	猿舞わし
さるやま	サル山	猿山
されき	砂礫	砂れき
されこうべ	曝首	髑髏	しゃれ頭
さろう	沙朗	茶廊
さわ	茶話	詐話	沢
さわがに	沢がに	沢ガニ	沢蟹
さわぎ	騒ぎ	騒
さわぞい	沢ぞい	沢沿い
さわづたい	沢づたい	沢伝い
さわのぼり	沢のぼり	沢登り
さわら	鰆	椹
さわり	障り	障	触り
さわりぐせ	触り癖	さわり癖
さわりごこち	触り心地	さわり心地
さわりやま	サワリ山	触り山
さん	桟	棧	盞	鏟	讚	賛	讃	産	酸	参	山
さんあらい	酸洗	酸洗い
さんい	3尉	三尉	賛意	山彙	産医
さんいつ	散佚	散逸
さんいん	参院	産院	山陰
さんえん	三猿	散塩
さんか	酸化	参加	傘加	三化	産科	山家	傘下	賛歌	讃歌	讚歌	参稼	惨渦	惨禍	山窩	山河	さん下	さん歌	山下
さんかい	散会	参会	散開	山海	山会	山塊	産科医
さんかいそう	3階層	三階層
さんかく	三角	参画	参劃
さんかくきん	三角巾	三角筋
さんかくざ	三角座	さんかく座
さんかくす	三角州	三角洲
さんかすう	酸化数	参加数
さんかん	三冠	三韓	参看	参観	参館	三寒	三桓	山間	散官	散寒	算勘	餐館	産官
さんが	参賀	山河
さんがい	三界	傘蓋	山崖	惨害
さんがく	参学	山岳	山嶽	算額	産額	産学
さんがにち	三が日	三ガ日	三ヶ日	三箇日	三賀日
さんき	山気	産機
さんきゃく	三脚	三きゃく	山脚
さんきゅう	参究	産休
さんきゅうしょく	3級職	三級職
さんきょ	山居	散居
さんきょう	山峡	惨況
さんきん	参勤	参覲	産金
さんきんこうたい	参勤交代	参覲交代
さんぎ	参議	參議	桟木	算木
さんぎょう	産業	讃仰	賛仰	鑽仰	三業	産ぎょう	蚕業	讚仰
さんく	惨苦	産駒
さんぐう	三宮	参宮	山宮
さんぐん	尚宮	参軍	山群	産軍	三軍
さんけ	三家	産気
さんけい	参けい	参詣	山径	算経	山渓	山系	散形
さんけん	散見	蚕繭	三権
さんげ	散花	散華
さんげん	三弦	三絃
さんこ	三顧	三鈷	山壺
さんこう	山行	参向	参校	参較	鑽孔	参考	三后	三更	三光	散光	散孔	燦光	産交	さん考	三高
さんこつ	散骨	山骨
さんご	産後	珊瑚	三五
さんごう	三綱	山号
さんごしょう	サンゴ礁	珊瑚礁
さんさ	三叉	3佐	山茶	三佐
さんさい	三彩	三災	三才	山菜	山塞	山妻	山寨	山砦	酸菜
さんさがり	三下がり	三下り
さんさん	三酸	三々	算筭	珊々
さんさんくど	三々九度	三三九度
さんざい	散在	散財	散剤
さんざし	山査子	山楂	山楂子
さんし	参仕	散仕	三思	三史	三士	蚕糸	山紫	散史	蚕屎	蚕紙	蠶糸	賛詩	産仔	産子
さんしつ	産室	蚕室
さんしゃ	三舎	三者
さんしゃく	参しゃく	参酌
さんしゅう	参集	刪修	三舟	纂集	酸臭
さんしゅつ	産出	算出
さんしょう	参照	山椒	三唱	三焦	三障	散娼	産消
さんしょく	三色	蚕食	酸蝕	山色	蚕蝕	酸食
さんしん	三進	三心	三振	山神	参進	参審	三線
さんしんとう	3親等	三親等
さんじ	参事	讃辞	讚辞	賛辞	惨事	産児	蚕児
さんじゅ	三聚	傘寿
さんじょ	芟除	賛助	刪除	散所	産所	三女
さんじょう	参上	惨状	散定	散杖	産状	山上
さんじょく	産じょく	産蓐	産褥
さんじん	参陣	山人	山参	山蔘	散人	山神
さんすい	山水	撒水	散水
さんすいしゃ	撒水車	散水車
さんすくみ	三すくみ	三竦み
さんずい	三水	氵
さんせい	参政	賛成	産生	産政	酸性	燦星	鑽井	三省
さんせき	参席	山積	三蹟
さんせん	参戦	三遷	三鮮	散銭	山川
さんぜん	参禅	三善	散善	産前
さんそう	3曹	三匝	三曹	山僧	山相	山草	蚕桑	酸棗	山荘
さんそん	山村	散村
さんぞう	三増	三臓	三蔵
さんぞく	山ぞく	山賊
さんたい	三態	山体
さんたん	産炭	讃嘆	讃歎	讚歎	賛嘆	賛歎	三嘆	三歎
さんだい	参内	散大	産代
さんだん	算段	散弾	霰弾
さんだんとび	三段跳	三段飛	三段跳び	三段飛び
さんち	山地	産地	さん地
さんちょう	参朝	山頂	散超
さんてい	算定	刪訂	刪定
さんてん	散点	三転	山巓	山顚	山顛
さんでん	参殿	産殿
さんとう	三等	三盗	山島	山灯	桟豆	山頭	三頭
さんとうしん	3等親	三等親
さんどう	賛同	参堂	山道	参道	山洞	散瞳	桟道	産道	産銅	三胴
さんどく	三読	酸毒
さんにゅう	参入	算入
さんね	三會	三会
さんねん	産年	賛念
さんば	三番	山馬	産婆	産馬
さんばがらす	三羽ガラス	三羽烏
さんばし	桟橋	棧橋	さん橋
さんぱい	参拝	酸敗	産廃
さんぱつ	散発	散髪
さんび	讃美	讚美	賛美	贊美	酸鼻
さんびか	賛美歌	讃美歌	讚美歌
さんぴょう	散票	三表
さんぶつ	讃仏	産物
さんぶん	散文	賛文
さんぷ	撒布	散布	参府	産婦
さんぷく	三伏	三福	山腹
さんぺい	三兵	散兵
さんぺき	三碧	山壁
さんぼう	参謀	山房	産貿	三宝
さんぽ	散歩	散步	さん歩
さんぽう	山砲	参法	山峰	算法	三宝
さんまい	三昧	散米
さんまずし	サンマ寿司	秋刀魚寿司
さんまや	三摩耶	三昧耶
さんまん	散漫	さん漫
さんみ	酸味	酸み	三位
さんみゃく	三藐	山脈
さんめい	算命	酸名	山名
さんもん	三文	山門
さんやく	参訳	散薬
さんよ	参与	三余	三餘	撒与
さんよう	算用	山容	山窯	山腰	山養	蒜蓉	蚕蛹
さんらん	産卵	産らん	散乱	山巒	蚕卵
さんりゅう	散粒	霰粒	三流
さんりょう	三療	山陵	山稜	酸量
さんりん	三倫	三隣	山林
さんるい	三塁	酸類
さんれい	参礼	山嶺	山霊
さんれつ	参列	惨烈
さんろう	参篭	参籠	山籠
さんろく	山ろく	山麓
ざ	坐	座
ざい	坐位	座位	財	際	材
ざいか	在荷	在華	在貨	材価	罪禍	罪科	罪過	財貨
ざいかん	在官	在韓	在監	材鑑	材幹	才幹
ざいきょう	在郷	在京
ざいく	罪垢	罪苦	細工
ざいけい	財形	剤形	罪刑	剤型	財経
ざいげん	財源	材源
ざいごう	在郷	罪業
ざいざい	在々	在在
ざいしつ	在室	材質	罪質
ざいしょう	在生	罪償	罪証	罪證	罪障	財相
ざいしょく	在職	材色
ざいじょう	在城	罪状
ざいせい	在世	財政
ざいせき	在籍	在席	材積	罪責	罪跡
ざいたい	在胎	在隊	在台
ざいだん	財団	在団
ざいちゅう	在中	在沖
ざいちょう	在庁	在朝
ざいとう	財投	在唐
ざいとく	在特	財特
ざいにん	罪人	在任
ざいはん	在判	在藩	在阪
ざいひ	在比	財匪
ざいふ	在府	財布
ざいむしょう	財務省	財務相
ざいめい	罪名	在命	在銘
ざいり	座入り	財利
ざいりゅう	在留	在琉
ざお	竿	棹
ざか	座下	坂	阪
ざかい	境	境い	界
ざかな	魚	肴
ざかん	坐棺	座棺
ざが	坐臥	座臥
ざき	咲	埼	咲き	崎
ざぎょう	ザ行	坐業	座業	ざ行
ざくつ	座屈	挫屈
ざくら	桜	櫻
ざくろ	柘榴	石榴
ざくろそう	柘榴草	石榴草
ざけ	酒	鮭
ざこ	雑喉	雑魚
ざこう	坐高	座光	座高
ざこつ	坐骨	座骨	挫骨
ざこね	雑魚寝	ざこ寝
ざさ	坐作	笹
ざざい	坐剤	座剤
ざし	坐視	座視	尺	注し	指し	刺し	刺	差し
ざしき	座敷	座式
ざしょう	坐礁	座礁	挫傷	座唱	座床	座牀
ざしょく	坐食	座食	坐職	座職
ざじょう	座乗	坐乗	坐定	座定
ざす	坐洲	座州	座主
ざせき	座席	坐席
ざぜん	坐禅	座禅
ざぜんそう	坐禅草	座禅草
ざそう	挫創	痤瘡	ざ瘡
ざぞう	座像	坐像
ざっか	雑貨	雑科
ざっかん	雑感	雑観
ざっき	雑記	雑器	雑鬼
ざっく	雑句	雜句
ざっけん	雑犬	雑件
ざっこう	雑交	雑考
ざっし	雑誌	雑志	雜誌
ざっしき	雑識	雑色
ざっしょく	雑食	雑職	雑色
ざっそ	雑俎	雑爼	雑訴
ざっそう	雑草	雑艸	雑想	ざっ草
ざっちん	雑陳	雜陳
ざっとう	雑沓	雑踏	雑閙	雑鬧	雜閙	雑豆
ざつえき	雑役	雑益
ざつき	座付	座付き
ざつぎ	雑伎	雑技
ざつのう	雑嚢	雑囊
ざてつ	坐徹	座徹
ざと	里	郷
ざとう	座頭	砂糖
ざぶとん	座布団	座蒲団
ざぼう	坐忘	座亡
ざまし	覚し	覚まし
ざむらい	武らひ	侍
ざもと	座元	座本
ざやく	坐薬	座薬
ざよく	坐浴	座浴
ざらがみ	ザラ紙	ざら紙
ざらさ	更紗	更緲
ざらし	晒し	曝布	晒
ざらせ	ザラ瀬	ざら瀬
ざらば	ザラ場	ざら場
ざらめ	粗目	ざら目
ざりがにとり	ザリガニ取り	ザリガニ捕り	ざりがに取り
ざる	猿	笊	猨	猴
ざるあげ	笊上げ	ざる上げ
ざるあたま	笊頭	ざる頭
ざるご	笊碁	ざる碁
ざるそば	笊蕎麦	ざる蕎麦
ざるだ	ザル田	笊田
ざるみみ	笊耳	ざる耳
ざれうた	戯れ唄	戯れ歌	ざれ唄	ざれ歌
ざれごと	戯事	戯言	戯れ事	戯れ言	戲れごと	ざれ言
ざん	讒	斬	残	山
ざんい	慙恚	残胃
ざんえい	残影	残映
ざんか	残火	残花
ざんかん	讒陥	斬奸	慙汗	慚汗	斬姦	残寒	残巻
ざんがい	残害	残がい	残骸
ざんき	慙愧	慚愧	残基	残機	残気
ざんきょう	残京	残侠	残俠	残響
ざんきん	残金	漸禁
ざんぎゃく	惨虐	慘虐	残虐
ざんぎり	ザン切り	散切	散切り	ざん切り	ざん斬り
ざんけい	斬刑	残刑
ざんけつ	残欠	残闕
ざんげ	懴悔	懺悔
ざんげん	讒言	ざん言
ざんこう	残効	暫行	残光	残鉱	讒口
ざんこく	残酷	惨酷	残刻
ざんごう	塹壕	塹濠
ざんさ	残差	残査	残渣	残さ
ざんさい	残さい	残債	残菜	残滓
ざんさつ	惨殺	斬殺	残殺
ざんざい	残材	斬罪
ざんし	惨死	慙死	残滓	残紙	残餌
ざんしゅ	斬首	残酒
ざんしょう	残照	山椒	残証
ざんしょく	慙色	残燭
ざんしん	残心	讒臣
ざんせつ	残雪	残屑
ざんそ	讒訴	残礎	ざん訴
ざんち	残置	残地
ざんてい	暫定	斬釘
ざんとう	残党	残燈
ざんにん	惨忍	残忍	残任
ざんぱい	惨敗	暫廃
ざんひ	残碑	殘碑
ざんぶ	残部	讒誣
ざんむ	残務	残夢
ざんゆ	讒諛	残油
ざんりゅう	残留	残溜
ざんるい	残塁	残類
ざーさい	ザー菜	搾菜
し	熾	市	死	詩	詞	緇	觜	趾	錙	駟	梓	刺	使	私	氏	司	師	士	資	誌	史	歯	子
しあい	試合	仕合
しあいだま	試合玉	試合球
しあがり	仕上り	仕上がり
しあげ	仕上げ	仕あげ	仕上
しあげすすぎ	仕上げススギ	仕上げ濯ぎ
しあさって	明々後日	明明後日
しあわせ	幸せ	仕合せ	仕合わせ	倖せ	仕合
しあわせもの	幸せ者	しあわせ者
しあん	思案	試案	私案
しい	四位	思惟	施為	四囲	四夷	四維	恣意	尸位	屍衣	旨意	私意	紫衣	緇衣	詩意	鴟夷	強い	椎
しいぎゃく	弑虐	弑逆
しいく	飼育	し育
しいたけ	椎茸	香蕈
しいな	秕	粃
しいれ	仕入れ	仕入
しいれかかく	仕入れ価格	仕入価格
しいれがき	仕入書	仕入書き
しいれがく	仕入れ額	仕入額
しいれさき	仕入れ先	仕入れさき	仕入先
しいれすじ	仕入れ筋	仕入筋
しいれちょう	仕入れ帳	仕入帳
しいれどんや	仕入れ問屋	仕入問屋
しいれね	仕入れね	仕入れ値	仕入値
しいれび	仕入れ日	仕入日
しいれもと	仕入れ元	仕入元
しいれりつ	仕入れ率	仕入率
しいれりょう	仕入れ量	仕入量
しいん	試飲	子音	死因	指印	私印	詩韻	子院
しう	死有	趾羽
しうち	仕打ち	仕打
しえ	紫衣	緇衣
しえい	子裔	私営	市営
しえき	使役	市易	私益	至益
しえん	支援	試演	私えん	私怨	紫炎	紫焔	紫煙	詩宴
しえんしゃ	支援者	支援車
しお	塩	汐	潮
しおあい	汐合	潮合	潮合い
しおあじ	塩味	塩あじ
しおいり	塩入り	潮入	潮入り
しおう	四王	雌黄
しおうけ	潮受	潮受け
しおうみ	塩海	潮海
しおうり	塩売	塩売り
しおおにぎり	塩おにぎり	塩御握り
しおがま	塩がま	塩竈	塩釜
しおき	仕置	仕置き
しおくみ	汐汲	汐汲み	潮くみ	潮汲み
しおくり	仕送り	仕送
しおぐもり	潮曇	潮曇り
しおけ	塩気	塩け	潮気
しおこうじ	塩麹	塩こうじ
しおこしょう	塩コショウ	塩胡椒	塩こしょう
しおこんぶ	塩コンブ	塩昆布	塩こんぶ
しおさき	汐さき	汐先	潮先
しおさば	塩サバ	塩鯖
しおさんま	塩サンマ	塩秋刀魚
しおざけ	塩ざけ	塩ザケ	塩鮭
しおじ	汐路	潮路
しおじめ	塩じめ	塩締め
しおずり	塩ずり	塩擦り
しおたき	塩たき	塩焚	塩焚き
しおだまり	潮だまり	潮溜まり	潮溜り
しおっけ	塩っ気	塩ツ気
しおつぼ	塩壺	鹽壺
しおづくり	塩づくり	塩作り
しおづけ	塩漬け	塩づけ	塩ズケ	塩漬
しおどき	汐どき	汐時	潮どき	潮時
しおどめ	塩止め	潮どめ	潮止	潮止め	潮留
しおなり	汐鳴り	潮鳴り
しおぬき	塩ぬき	塩抜き	潮抜き
しおひ	潮干	汐干
しおひがり	潮干狩り	潮干狩
しおびき	塩引	塩引き
しおふき	潮吹き	潮ふき	潮吹
しおふり	塩ふり	塩振り
しおまち	潮待	潮待ち
しおまわり	潮回り	潮まわり
しおみ	潮見	汐見
しおみず	潮水	塩水
しおむすび	塩むすび	塩結び
しおもずく	塩もずく	塩水雲
しおもの	塩もの	塩物
しおもみ	塩もみ	塩揉み
しおやき	塩焼き	塩焼
しおやけ	潮灼け	潮焼け
しおやせ	塩やせ	塩痩せ
しおゆ	塩湯	潮湯
しおゆで	塩ゆで	塩茹で
しおり	栞	撓	枝折	枝折り
しおりど	シオリ戸	枝折り戸	枝折戸	しおり戸
しおん	紫苑	四恩	四温	師恩	歯音	子音
しか	市歌	鹿	市価	歯科	師家	死花	知客	糸価	紙価	紙花	詞花	詞華	詩家	詩歌	賜暇	私家	史家
しかい	司会	四海	視界	視解	志怪	支会	支會	斯界	死灰	死界	私会	私會	市会	歯科医
しかうら	鹿卜	鹿占
しかえし	仕返し	仕かえし
しかかりひん	仕掛かり品	仕掛り品
しかがり	シカ狩り	鹿狩	鹿狩り	しか狩り
しかがわ	鹿皮	鹿革	しか皮
しかく	四角	刺客	資格	視覚	視角	始覚	死角	詩客	詩格
しかけ	仕掛	仕かけ	仕懸	仕掛け
しかけづくり	仕掛けづくり	仕掛け作り
しかけにん	仕掛け人	仕掛人
しかけひん	仕掛け品	仕掛品
しかけもの	仕掛け物	仕掛物
しかけわざ	仕掛け技	しかけ技
しかしゅう	詞花集	詞華集	私家集
しかじか	云云	然々	然然
しかた	為方	仕方	し方
しかたばなし	仕方咄	仕方話
しかばね	尸	屍
しかばねいろ	屍色	骸色
しかぼね	シカ骨	鹿骨
しかめっつら	顰めっ面	しかめっ面
しかめつら	顰め面	しかめ面
しかめづら	顰め面	しかめ面
しかり	叱り	叱かり
しかん	弛緩	仕官	士冠	屍姦	死姦	視姦	止汗	史観	只管	史官	嘴管	子癇	子罕	師管	指姦	指間	枝幹	止観	歯寒	祗管	祠官	私観	脂環	詩巻	趾間	士かん	士官
しかんざい	弛緩剤	止汗剤
しが	詩画	歯牙	歯芽	翅芽
しがい	弑害	市街	紫外	死がい	死骸	屍骸	止咳	仕甲斐	市外
しがいせん	市街戦	紫外線
しがく	史学	詩学	歯学	私学	市学	志学	斯学	視学	試楽
しがくか	史学科	歯学科
しがくし	史学史	歯学史
しがっ	史学	詩学	歯学
しがん	志願	史眼	此岸	紫眼	詩眼
しき	職	式	四季	指揮	史記	敷き	死期	紙器	士気	志気	始期	屍鬼	施規	私記	敷	鋪	子規	識
しきあみ	敷き網	敷網
しきい	閾	敷居
しきいし	敷石	舗石
しきいた	敷き板	敷板	しき板
しきいち	閾値	しきい値
しきうつし	敷き写し	敷写し
しきかく	敷き角	敷角	色覚
しきかん	敷鑑	色感	指揮官
しきがみ	式神	敷き紙	敷紙
しきがわ	敷き皮	敷き革	敷皮	敷革
しきがわら	磚	敷き瓦
しきけん	識見	指揮権
しきざい	資器材	資機材	色材
しきしゃ	識者	指揮者
しきしん	拭身	色神	色身
しきじ	式辞	識字	式事	式次	職事
しきじょう	色情	式場
しきせ	四季施	仕着せ
しきたえ	敷き妙	敷妙
しきたり	仕来たり	仕来り
しきちょう	色調	四季鳥
しきづま	敷きづま	敷き端
しきなみ	敷波	敷浪	頻波
しきのう	式能	識能
しきび	式微	樒
しきぶとん	敷布団	敷き布団	敷き蒲団	敷蒲団
しきほう	式法	色法
しきみ	樒	閾
しきもの	敷物	敷き物
しきゃく	刺客	詩脚
しきゅう	四球	支給	子宮	至急	始球	支丘	糸球	死球
しきゅうがん	子宮がん	子宮ガン	子宮癌
しきゅうけいがん	子宮頸がん	子宮頸癌	子宮頸ガン	子宮頚がん	子宮頚ガン	子宮頚癌
しきゅうしき	始球式	死球式
しきゅうたいがん	子宮体がん	子宮体ガン	子宮体癌
しきゅうないまくがん	子宮内膜ガン	子宮内膜がん	子宮内膜癌
しきょ	死去	視距
しきょう	指教	示教	試供	市況	司教	詩境	思郷	示強	至境	詩興
しきょく	支局	私曲	詩曲
しきよく	色慾	色欲
しきり	仕切り	仕切
しきりいた	仕切り板	仕切板
しきりきん	仕切り金	仕切金
しきりしょ	仕切り書	仕切書
しきりべや	仕切り部屋	仕切部屋
しきりょう	式量	色料	識量
しきわら	敷きわら	敷き藁	敷わら	敷ワラ	敷藁
しきん	試金	至近	死菌	紫禁	紫金	而今	賜金	資金
しぎ	私議	試技	仕儀	旨義	私儀	私擬	至義	鴫	市議
しぎやき	鴫焼	鴫焼き	しぎ焼き
しぎょう	始業	嗣業	斯業	紙業	詩業	詩行	士業	施行	仕業
しぎん	歯ぎん	歯齦	詩吟	市銀
しく	使駆	四苦	詩句	支区	死苦	市区
しくう	司空	死腔	紫空
しくみ	仕組み	仕組	し組み
しくみづくり	仕組みづくり	仕組み作り
しくり	仕繰	仕繰り
しくんし	士君子	使君子
しぐさ	仕草	仕種	仕ぐさ
しけ	師家	時化
しけい	死刑	死けい	姉兄	死計	私刑	紙型	紫恵	詩型	詩形	歯茎	市警
しけいと	絓糸	しけ糸
しけん	試験	試驗	私見	私権	私權	紙絹	市県	紙券	至険	至險	市圏
しけんかん	試験官	試験管
しけんしゃ	試験者	試験車
しげき	刺激	刺戟	史劇	詩劇
しげみ	茂み	繁み
しげん	資源	始原	始源	私言	至言	雌元
しげんごみ	資源ゴミ	資源塵	資源ごみ
しこ	指呼	指顧	四顧	四股
しこう	施行	施工	志向	思考	指向	試行	伺候	嗜好	旨好	祗候	試香	四皓	至高	使行	紫光	刺咬	厠坑	司寇	師孝	志稿	指孔	支行	枝梗	歯こう	歯垢	死交	私稿	私考	私行	紙工	脂膏	至公
しこうえい	私・公営	私公営
しこうせい	志向性	指向性	嗜好性	し好性
しこうひん	嗜好品	紙工品	し好品
しこうほう	施行法	施工法	思考法
しこうゆう	私・公有	私公有
しこく	支谷	紫黒
しこつ	指骨	肢骨
しこな	シコ名	醜名	しこ名	四股名
しこみ	仕込み	仕こみ
しこみづえ	仕込みづえ	仕込み杖	仕込杖
しこみねぎ	仕込みねぎ	仕込み葱
しこり	痼	凝	凝り
しこん	歯根	士魂	私恨	糸根	紫根	紫紺
しご	死後	私語	死語	始語	子午	詩語	識語
しごう	四合	師号	支合	諡号	謚号	賜号
しごきぞめ	扱き染め	しごき染め
しごと	仕事	仕ごと	為事
しごとおこし	仕事おこし	仕事起こし
しごとがら	仕事柄	仕事がら
しごとし	仕事師	為事師
しごとずき	仕事ずき	仕事好き
しごとりつ	仕事率	為事率
しさ	示唆	死差	示差	視差	試査
しさい	市債	仔細	子細	司祭	詩才
しさいぼう	視細胞	刺細胞
しさく	試作	詩作	施策	思索
しさつ	刺殺	視察	試刷	歯擦	私札
しさん	死産	試算	四散	資産	私産	賜餐
しざい	死罪	資材	私財	資財
しざん	死産	屍山
しし	獅子	師子	四肢	詩史	志士	子々	枝指	子子	司司	使司	刺史	史詩	嗣子	士師	市史	師資	指肢	支子	死士	死屍	矢矢	示指	私史	緇滓	詩思	詩誌	獣	私子
ししおどし	鹿おどし	鹿威し
ししき	司式	四職	歯式
ししざ	獅子座	しし座
ししつ	志室	私室	屍室	歯疾	脂質	資質	紙質
ししまひ	四肢マヒ	四肢麻痺	四肢まひ
ししゃ	4捨	止瀉	試写	試射	四捨	止しゃ	使者	支社	刺奢	至射	視写	屍者	死者
ししゃく	士爵	子爵
ししゃざい	止瀉剤	止しゃ剤
ししゃやく	止瀉薬	止しゃ薬
ししゅ	死守	卮酒	屍首	師主	旨趣	詩趣	詩酒	錙銖
ししゅう	刺しゅう	刺しゆう	刺繍	刺繡	四周	詩集	屍臭	支収	歯周	死囚	死臭	示衆	私讐
ししゅく	止宿	私淑	師叔
ししょ	私書	支所	支署	司書	士庶	私署	詩書	史書	死所	死処
ししょう	死傷	刺傷	嗤笑	師承	私消	師匠	支障	市章	指掌	支掌	枝梢	私傷	私娼	紙商	至小	視唱	視床	詞章	詞訟	詩抄	詩章	詩鈔	詩鐘
ししょかん	司書官	私書函
ししょく	試食	至嘱	姿色	試植
ししん	指針	仕進	刺鍼	紫宸	詩心	私信	使信	使神	使臣	刺針	始審	始新	指箴	指診	歯針	私心	至心	至親	視心	視診	詩神
しじ	指示	支持	師事	私事	指事	死児	私寺	榻	四時
しじき	指示機	指示器
しじく	支軸	歯軸	詩軸
しじつ	摯実	摯實	史実	子実
しじみがい	シジミ貝	蜆貝	しじみ貝
しじみじる	蜆汁	しじみ汁
しじみとり	蜆とり	蜆捕り
しじゅう	始終	四重	死重	至重
しじゅく	私塾	詩塾
しじゅつ	施術	詩術
しじゅん	諮詢	四旬	至純	示準	し純
しじょ	資助	子女	詩序
しじょう	市場	試乗	誌上	私情	至上	詩情	厠上	史乗	司杖	姿丈	支城	支場	施条	枝条	歯状	熾盛	矢状	至情	市上	史上	紙上	糸状
しじらおり	縬織り	しじら織
しじん	詩人	四神	私人	使人	士人	市塵	至人
しすい	試錐	至粋	支綏	止水	市水
しすう	指数	紙数	紙數
しず	賤	倭文
しずい	歯髄	雌ずい	雌蕊
しずく	雫	滴	紫滴
しずくがた	雫型	しずく型
しずまり	鎮まり	静まり
しずめ	鎮め	沈め
しせい	試製	姿勢	市制	死生	市井	施政	資生	至正	市政	雌性	私生	刺青	始生	市勢	氏姓	示性	私製	紫青	至誠	詩性	詩聖	資性	賜姓	至聖
しせいじ	私生児	私生子
しせき	史跡	咫尺	指斥	史蹟	歯石	史籍	支石	歯磧	死積	矢石	紫赤
しせつ	施設	使節	私設	市設	師説	私説	詩節
しせん	死戦	視線	始線	支川	支線	支鮮	施栓	死線	矢箭	私戦	私撰	私箋	私選	紙栓	脂腺	詩仙	詩箋	詩選	賜饌
しぜん	自然	自ぜん	至善
しそ	志そ	紫蘇	始祖	私訴	紙塑	緇素
しそう	使嗾	使送	指嗾	試走	駛走	死相	思想	歯槽	使僧	刺創	師僧	志操	歯そう	示相	詞宗	詞藻	試草	詩僧	詩宗	詩想	詩草	詩藻
しそか	シソ科	紫蘇科
しそく	四則	子息	侍側	糸速	紙燭	脂燭	四足
しそじょうちゅう	紫蘇焼酎	しそ焼酎
しそん	子孫	支村	至尊	市村
しぞう	死蔵	私蔵
しぞく	士族	支族	枝族	氏族
した	下	舌	簧
したあご	下顎	下あご	下アゴ
したあて	下アテ	下当て
したい	姿態	支帯	支隊	枝隊	死胎	詩体	肢体	屍体	死体	し体
したうけ	下請け	下うけ	下請	下受け
したうち	舌うち	舌打ち	下打ち	した打ち
したかけ	下かけ	下カケ
したがき	下書き	下がき	下書
したがけ	下掛け	下がけ	下ガケ
したがり	下刈	下刈り
したく	仕度	支度	私宅
したくちびる	下唇	下くちびる	下脣
したごしらえ	下ごしらえ	下拵え
したさき	舌先	舌さき
したざわり	舌触り	舌ざわり	舌触わり
したしらべ	下調べ	下しらべ
したじき	下敷き	下じき	下敷
したたかもの	強か者	したたか者
したっぱ	下っぱ	下っ端
したつけ	下ツケ	下頂
したつづみ	舌つづみ	舌づつみ	舌鼓
したづみ	下積	下積み
したて	仕立て	仕立	下手
したてあがり	仕立て上がり	仕立上がり
したておろし	仕立ておろし	仕立て下し	仕立て下ろし	仕立下し	仕立下ろし
したてもの	仕立て物	仕立物
したてや	仕立て屋	仕立屋
したどり	下どり	下取	下取り
したなめずり	舌なめずり	舌舐めずり	舌舐り
したぬり	下ぬり	下塗	下塗り
したね	下根	下値
したはら	下腹	下肚
したば	下歯	下端	下羽	下葉
したばかま	下ばかま	下袴
したばき	下ばき	下履	下履き	下穿	下穿き
したばり	下張り	下貼り
したひげ	下ひげ	下髭	下ヒゲ	下鬚
したびらめ	舌びらめ	舌ビラメ	舌平目	舌鮃
したふた	下ふた	下蓋
したぶれ	下ぶれ	下ブレ	下振れ
したべり	下べり	下縁
したまつげ	下まつげ	下まつ毛	下マツゲ	下マツ毛	下睫	下睫毛
したまぶた	下まぶた	下マブタ	下目蓋	下瞼
したまわり	下廻り	下回り
したみ	下見	下身
したもえ	下もえ	下萌え
したもつれ	舌もつれ	舌縺れ
したやく	下役	下訳
したゆで	下ゆで	下茹で
したん	始端	指端	紫檀
しだ	試打	歯朶	羊歯
しだあぶら	シダ油	羊歯油
しだい	次第	私大	始代	支台	歯大	紙代	至大	誌代	四大	市大
しだし	仕出	仕出し
しだしや	仕出し屋	仕出屋
しだばい	シダ灰	羊歯灰
しだれうめ	枝垂れ梅	しだれ梅	枝垂梅
しだれざくら	枝垂れ桜	枝垂桜	しだれ桜
しだれもも	枝垂れ桃	しだれ桃
しだれやなぎ	枝垂れ柳	枝垂柳	しだれ柳
しだん	指弾	師団	史談	士談	子弾	師檀	祠壇	私談	詩壇
しち	指地	死地	砥地	質
しちうけ	質受	質受け
しちく	仔畜	子畜	糸竹	紫竹	飼畜
しちぐさ	質種	質草
しちけん	質券	質権
しちせき	七赤	七夕
しちてん	七転	七顛	質店
しちとり	質取	質取リ
しちゃく	試着	死着
しちや	七夜	質屋
しちゅう	支柱	私注	厠中	司厨	死中	死忠	砥柱	糸綢	絲綢	詩注	詩註	雌虫	市中
しちょう	弛張	試聴	視聴	士長	四徴	試釣	仕丁	史徴	史潮	司長	師長	思潮	支庁	紙帳	輜重	鷙鳥	市鳥	市長	市庁	市町
しちょうかく	視聴覚	視・聴覚
しちょうしつ	視聴室	視聴質
しちょうしゃ	視聴者	市庁舎
しちりん	七厘	七輪
しちん	市鎮	朱珍	繻珍
しっか	失火	膝下
しっかい	悉皆	しっ皆
しっかりもの	確り者	しっかり者
しっかん	失陥	疾患
しっき	漆器	湿気	しっ器
しっきゃく	失却	失脚
しっくい	漆喰	漆喰い
しっけん	失権	執権
しっこう	執行	失効	膝行	失行	漆工	漆膠
しっこく	漆黒	漆黑	桎梏
しっさく	失策	失錯
しっし	嫉視	疾視
しっしょう	失笑	湿生
しっしん	失心	失神	湿疹
しっせい	叱正	叱声	執政	失政	湿性	湿生
しっせき	失跡	叱斥	叱責	しっ責
しっそ	質そ	質素	しっ素
しっそう	失そう	失走	失踪	疾走	執奏
しった	叱咜	叱咤
しったい	失体	失態	失対	湿帯
しったか	尻高	知ったか
しったん	悉曇	失探
しっち	悉地	湿地	失地
しっちゃく	失着	漆着
しっちゅう	集注	失注
しっちょう	失調	失寵	失聴
しっつい	失墜	速退
しっとう	執刀	失透	失当	失投	執当
しっぱい	失敗	敗欠
しっぴ	櫛比	失費
しっぷう	疾風	櫛風
しっぺい	疾病	竹篦	執柄
しっぽ	失歩	尻尾	尻ッ尾
しっぽきり	尻尾切り	しっぽ切り
しつ	膝	悉	質	瑟	湿	疾	失	室
しつい	失意	執意
しつう	歯痛	悉有	止痛	私通
しつお	嫉悪	疾悪
しつおん	室温	湿音
しつがい	湿害	膝蓋	室外
しつぎ	質疑	失宜
しつぎょう	失業	失ぎょう
しつけ	躾	仕付け	仕付	躾け	試嘗
しつけいと	仕付け糸	躾糸	しつけ糸	仕付糸
しつげん	失言	湿原
しつど	湿度	湿土
しつぼう	失望	室傍	室房
しつぼく	質朴	質樸
しつめい	失明	失名	室名
しつもん	質問	しつ問
しつらい	室礼	設い
しつりつ	失律	失立
しつりょう	質量	質料	室料
しつろう	失蝋	失蠟
して	仕手	為手
してい	指定	子弟	師弟	私邸	使丁	姉弟	柿蒂	歯底	視程
してん	支店	指点	視点	支点	熾天	始点	し点
しで	四手	死出	垂
しでん	市電	史伝	師伝	私伝	私田	紫電	賜田
しと	使途	仕途	使徒	史都	司徒	死都	市都
しとう	死闘	私闘	至当	指頭	枝頭	私党	肆頭	し当
しとぎもち	粢餅	しとぎ餅
しとく	四涜	四瀆	至徳	舐犢
しとね	茵	褥
しとみど	蔀戸	しとみ戸
しど	此土	示度	私度	視度
しどう	市道	指導	始動	私道	至道	師道	支道	斯道	祀堂	祠堂	士道
しどく	試読	屍毒	死毒
しな	品	榀	科
しない	市内	撓い	竹刀
しなおし	仕直し	為直し	し直し
しながき	品書き	品書
しなぎれ	品切	品切れ	しな切れ
しなじな	品々	品品
しなぞろい	品ぞろい	品揃い
しなぞろえ	品揃え	品ぞろえ	品揃
しなぬの	科布	級布	しな布
しなのき	科の木	しなの木
しなぶれ	品触	品触れ
しなもの	品物	品もの
しなりもどり	撓り戻り	しなり戻り
しなわけ	品分け	品別け	品別
しなん	指南	至難	し難
しに	死	死に
しにかわり	死にかわり	死に変わり
しにがお	死に顔	死顔
しにがね	死にガネ	死に金	死金
しにがみ	死神	死に神
しにがめ	死に亀	死亀
しにぎわ	死にぎわ	死に際	死際
しにく	歯肉	屍肉	死肉
しにくち	死に口	死口
しにくび	死に首	死首
しにざま	死に様	死様	死にざま
しにしょうぞく	死に装束	死装束
しにすじ	死に筋	死筋
しにどき	死に時	死時
しにどころ	死に処	死に所	死所	死処
しにはじ	死に恥	死恥
しにば	死場	死に場
しにばしょ	死に場所	死場所
しにばな	死に花	死花
しにぶし	死に節	死節
しにみ	死に身	死身
しにみず	死に水	死水
しにめ	死に目	死目
しにゅう	施入	刺入
しにょう	屎尿	し尿
しにん	死人	視認
しのう	子嚢	子囊	指嚢	視能	詩嚢	子のう
しのぎ	凌ぎ	鎬
しのぎすじ	シノギ筋	鎬筋
しのこし	為残し	し残し	仕残し
しのすすき	篠すすき	篠薄
しのだけ	篠竹	しの竹
しのびあい	忍び会い	忍び逢い	しのび逢い
しのびあし	忍び足	しのび足
しのびあるき	忍び歩き	しのび歩き
しのびがえし	忍び返し	忍返し
しのびがたな	忍び刀	忍刀
しのびぐさ	偲び草	偲草
しのびこみ	忍込み	忍び込み
しのびじに	忍び死	忍び死に
しのびね	忍び音	忍音
しのびばたらき	忍びばたらき	忍び働き
しのびわらい	忍び笑い	忍び笑ひ	しのび笑い
しのぶえ	篠笛	しの笛
しのぶぐさ	忍ぶ草	忍草	しのぶ草
しはい	支配	賜杯	指背	紙背	紫杯	賜盃
しはく	師伯	詞伯
しはらい	支払い	支払	仕払
しはらいいらい	支払い依頼	支払依頼
しはらいいらいしんせい	支払い依頼申請	支払依頼申請
しはらいかいすう	支払い回数	支払回数
しはらいかんかく	支払い間隔	支払間隔
しはらいがいしゃ	支払い会社	支払会社
しはらいがく	支払い額	支払額
しはらいがわ	支払い側	支払側
しはらいきかん	支払い期間	支払期間
しはらいきじつ	支払い期日	支払期日
しはらいきん	支払い金	支払金
しはらいきんがく	支払い金額	支払金額
しはらいくぶん	支払い区分	支払区分
しはらいげっすう	支払月数	支払い月数
しはらいさき	支払い先	支払先
しはらいしめび	支払い締め日	支払締日
しはらいしゃ	支払い者	支払者
しはらいしゃめい	支払い者名	支払者名
しはらいしゅべつ	支払い種別	支払種別
しはらいじっせき	支払い実績	支払実績
しはらいじょうほう	支払い情報	支払情報
しはらいせいきゅうしょ	支払い請求書	支払請求書
しはらいそうがく	支払い総額	支払総額
しはらいたいよう	支払い態様	支払態様
しはらいち	支払い地	支払地
しはらいちょうしょ	支払い調書	支払調書
しはらいつうち	支払い通知	支払通知
しはらいづき	支払い月	支払月
しはらいてきよう	支払い摘要	支払摘要
しはらいとどけ	支払い届け	支払届
しはらいにっすう	支払い日数	支払日数
しはらいにん	支払い人	支払人
しはらいねんげつ	支払い年月	支払年月
しはらいはんてい	支払い判定	支払判定
しはらいひづけ	支払い日付	支払日付
しはらいび	支払い日	支払日
しはらいぶん	支払い分	支払分
しはらいほうほう	支払い方法	支払方法
しはらいもと	支払い元	支払元
しはらいりそく	支払い利息	支払利息
しはん	四半	市販	師範	屍斑	支判	支藩	死斑	示範	祠畔	私版	紫斑
しば	芝	司馬	死馬	柴
しばい	芝居	試買
しばいづくり	芝居づくり	芝居作り
しばいぬ	しば犬	柴犬
しばえび	芝海老	芝蝦	芝エビ
しばかり	芝刈り	芝刈	柴刈	柴刈り
しばかりき	芝刈り機	芝刈機
しばがき	柴垣	柴籬
しばざくら	芝ざくら	芝桜
しばっぱら	芝っぱら	芝っ原
しばづけ	柴漬け	しば漬け
しばぶえ	柴笛	しば笛
しばやま	芝山	柴山
しばりくび	縛り首	しばり首
しばりまつ	縛り松	しばり松
しばん	指板	指版	歯板	死番
しひ	私費	紙碑	市費	旨否	芝肥	詩碑
しひつ	史筆	始筆	紙筆	試筆
しひょう	指標	師表	死票	私評	四表
しひりょう	飼・肥料	飼肥料
しび	紫薇	鴟尾	鮪
しびょう	死病	祀廟	祠廟
しびれ	痺れ	痙れ
しびれえい	痺れえい	麻痺鱝
しびれかん	痺れ感	しびれ感
しびれぐすり	痺れ薬	しびれ薬
しびん	尿瓶	溲瓶	し瓶
しふ	師傅	師父	絲布	肺脯	詩賦
しふう	士風	詩風
しふく	雌伏	私服	私腹	至福	仕服	仕覆	指腹	紙幅
しふん	私憤	紫粉	脂粉
しぶ	支部	師部	渋	市部
しぶうちわ	渋うちわ	渋団扇	しぶ団扇
しぶがき	渋がき	渋柿
しぶき	繁吹	頻吹	飛沫
しぶぞめ	渋染	渋染め
しぶつ	私物	死物
しぶぬき	渋抜き	しぶ抜き
しぶみ	渋み	渋味	しぶ味
しぶん	思文	支分	斯文	死文	紫文	詩文	士分
しへい	紙幣	私兵	至平
しへき	嗜癖	市壁
しへん	紫変	四辺	紙片	詩篇	詩編	歯片
しべ	蕊	蕋	蘂
しべん	思弁	支弁	至便	し便
しほ	支保	試補
しほう	四方	司法	仕法	刺胞	嗣法	市報	死蜂	示方	私法	至宝	詩法
しほうだい	し放題	仕放題
しほん	紙本	資本
しぼ	思慕	子母	師母	私募
しぼう	死亡	志望	脂肪	子房	紙榜	資望
しぼうしゃ	死亡者	志望者
しぼく	私僕	司牧	紙墨
しぼつ	死歿	死没
しぼり	絞り	搾り	絞
しぼりあらい	絞り洗い	しぼり洗い
しぼりかす	搾りかす	絞りかす	絞り滓	絞り粕	絞り糟
しぼりき	絞り器	しぼり器	搾り器
しぼりこみ	絞り込み	絞込み
しぼりじる	絞り汁	搾り汁	しぼり汁
しぼりぞめ	シボリ染め	絞り染	絞り染め	絞染	絞染め	しぼり染め
しぼりたて	搾りたて	搾り立て	しぼり立て
しぼりだし	搾り出し	絞り出し	絞出し
しぼりどめ	絞り止め	しぼり止め
しぼりぶくろ	絞り袋	しぼり袋
しぼりゆかた	絞りゆかた	絞り浴衣
しま	歯磨	島	嶋	縞	揣摩	四魔	死魔	砥磨	紫磨
しまあじ	縞あじ	縞鯵
しまい	仕舞い	仕舞	終い	姉妹
しまいぶろ	仕舞い風呂	終い風呂
しまいめし	仕舞い飯	仕舞飯
しまいゆ	仕舞い湯	しまい湯	仕舞湯
しまうた	島ウタ	島唄	島歌
しまうま	縞馬	しま馬
しまおくり	島おくり	島送り
しまおこし	島おこし	島起こし
しまおり	縞織	縞織り
しまおろし	島おろし	島颪
しまかげ	島かげ	島影	島陰
しまがくれ	島がくれ	島隠れ
しまがら	縞柄	しま柄
しまき	肢巻	縞木
しまくとぅば	島くとぅば	島クトゥバ
しまことば	シマ言葉	島言葉
しまじま	島々	島じま
しまつ	始末	仕末
しまづくり	島づくり	島作り
しまびと	島びと	島人
しままわり	島まわり	島回り
しまめ	縞目	しま目
しまめぐり	島めぐり	島巡り
しまゆり	島ゆり	島百合
しまり	締り	締まり
しまりや	締まり屋	締り屋
しまりゆき	締まり雪	締り雪
しみ	染み	凍み	紙魚	蠧魚	衣魚
しみかくし	シミ隠し	染み隠し
しみかび	染み黴	沁カビ
しみけし	染み消し	しみ消し
しみだし	染み出し	しみ出し
しみとり	シミ取り	染み取	染み取り
しみぬき	シミ抜き	染み抜き	しみ抜き
しみゃく	支脈	歯脈	死脈	翅脈
しみゆき	凍雪	しみ雪
しみょう	至妙	し妙
しみん	四民	市民	嗜眠	士民	志民	私民
しむけ	仕向	仕向け
しむけさき	仕向け先	仕向先
しめ	締	締め	注連	標
しめい	指名	指命	氏名	使命	師命	死命	示命	紙名	誌名	市名
しめいけん	指名権	氏名権
しめいろ	締め色	締色	しめ色
しめかざり	注連飾	注連飾り	しめ飾り
しめかす	シメ粕	搾め滓
しめかため	締め固め	締固め
しめがね	締め金	締金
しめきり	〆切	〆切り	締め切り	締切	締切り	閉め切り	乄切	締めきり
しめきりちょうか	締め切り超過	締切超過
しめきりび	〆切日	乄切日	締切日	しめきり日	締め切り日	締切り日
しめぎ	搾め木	搾木	締め木
しめくくり	締めくくり	締め括り	締括り
しめぐ	締め具	しめ具
しめこみ	締め込み	締込み
しめさば	締めサバ	締め鯖	しめ鯖
しめし	湿し	示し
しめじたけ	占地茸	しめじ茸
しめすへん	示偏	しめす偏
しめだし	閉め出し	締め出し
しめつ	死滅	止滅
しめつけ	締め付け	締めつけ	締付
しめなわ	シメ縄	〆縄	七五三縄	標縄	注連縄	しめ縄
しめはり	〆張	締め張り
しめひも	締めひも	締め紐
しめび	締め日	締日	〆日
しめりけ	湿めり気	湿りけ	湿り気	しめり気
しめわざ	絞め技	絞技
しめん	四面	紙面	誌面	歯面
しも	下	霜
しもごえ	下肥	下肥え
しもじも	下々	下下
しもだたみ	霜だたみ	霜畳
しもつけ	繍線菊	下野
しもつけそう	下野草	しもつけ草
しもづかえ	下仕	下仕え
しもどけ	霜融け	霜解	霜解け
しもねた	下ネタ	下ねた
しものく	下の句	下句
しもふり	霜ふり	霜降り
しもぶくれ	下ぶくれ	下脹れ	下膨れ
しもべぐすり	下僕薬	しもべ薬
しもやけ	霜やけ	霜焼	霜焼け
しもよけ	霜よけ	霜除け
しもりじかけ	シモリ仕かけ	しもり仕掛け
しもりだま	シモリ玉	しもり玉
しもりつり	シモリ釣り	しもり釣り
しもん	諮問	試問	市紋	市門	指紋	死門
しゃ	斜	社	瀉	紗	舎
しゃあつかい	車扱	車扱い
しゃあわせ	紗あわせ	紗合わせ
しゃい	斜位	謝意
しゃいん	社員	社印
しゃいんもちかぶかい	社員持ち株会	社員持株会
しゃいんもちかぶかいせいど	社員持ち株会制度	社員持株会制度
しゃいんもちかぶせいど	社員持ち株制度	社員持株制度
しゃいんわりびき	社員割引	社員割引き
しゃえい	射影	射映	舎営	斜影
しゃおん	謝恩	遮音	しゃ音
しゃか	奢華	瀉火	社歌
しゃかい	社会	這回
しゃかいか	社会化	社会科
しゃかく	斜角	写角	射角	斜画	社格	車格
しゃかん	写巻	舎監	車間	左官
しゃが	射干	著莪	車駕
しゃがい	社外	車外	斜街	車蓋
しゃがれごえ	嗄れ声	しゃがれ声
しゃがん	斜眼	砂岩	赭顔	遮眼
しゃき	社旗	車騎
しゃきゅう	社級	砂丘
しゃきょう	写経	蔗境	社共	社協
しゃきん	謝金	斜筋	沙金	砂金
しゃく	釈	釋	癪	勺	杓	酌	笏	尺	爵
しゃくあゆ	尺アユ	尺鮎
しゃくいわな	尺イワナ	尺岩魚
しゃくき	釈器	釋器
しゃくこ	釈詁	釋詁
しゃくし	杓子	釈氏	釈子
しゃくしょ	釋書	釈書
しゃくじょう	尺丈	笏丈	錫杖
しゃくせん	借銭	釈籤
しゃくたく	借宅	尺沢
しゃくち	借地	借知	尺地
しゃくてん	釈天	釋天
しゃくとり	尺取り	尺取	尺蠖	行盃人	酌取り
しゃくど	尺度	灼土
しゃくなげ	石南花	石楠花
しゃくねつ	赤熱	灼熱	しゃく熱
しゃくぶん	釈文	釋文
しゃくま	借間	尺魔
しゃくみょう	惜命	釈名	釋名
しゃくめい	釈明	借名	爵名
しゃくもち	癪持	癪持ち
しゃくもん	借問	釈門	迹門
しゃくやく	綽約	芍薬
しゃくよ	借与	尺余
しゃくりょう	酌量	借料
しゃくれい	釈例	釋例
しゃくろく	爵祿	爵禄
しゃぐま	赤熊	赫熊	赭熊
しゃけ	鮭	社家
しゃけい	写景	斜傾	斜頚	斜頸	舎兄
しゃけん	煮繭	車検	社研	車券
しゃこ	硨磲	車庫	蝦蛄	鷓胡	鷓鴣
しゃこう	斜交	斜行	藉口	遮光	車高	社交	射倖	射幸	斜光	斜坑	車行	射光	しゃ光
しゃこうしん	射倖心	射幸心
しゃこうせい	社交性	射幸性
しゃごう	社号	車号
しゃさい	車載	社債
しゃさいき	車載機	車載器
しゃざい	謝罪	瀉剤
しゃし	奢侈	斜視	社史	社司	社祠
しゃしゃ	洒洒	洒々
しゃしゅ	車種	社主	しゃ手	射手
しゃしょ	写書	社署	写疏
しゃしょう	捨象	車掌	写象	社章	車床
しゃしょく	煮食	写植	社禝	社稷	社食	赭色
しゃしん	写真	寫眞	瀉心	捨身
しゃしんし	写真史	写真誌
しゃしんてん	写真店	写真展
しゃじ	社寺	写字	斜字	謝辞	匙
しゃじく	斜軸	車軸
しゃじょう	斜上	車上	写場	射場	遮情	謝状
しゃじん	沙参	沙蔘	車塵
しゃすい	灑水	遮水
しゃせい	写生	冩生	射精	写声	沙井	車声
しゃせん	車線	斜線	社線	射線	車戦
しゃそ	社祖	社鼠
しゃそう	社倉	社僧	社叢	車窓	社葬
しゃそく	社則	車速
しゃたい	車体	車たい	斜体	斜対	社隊
しゃたく	社宅	舎宅	車宅
しゃだん	遮断	社団	射弾	射彈	しゃ断	しや断
しゃだんき	遮断機	遮断器
しゃち	社地	鯱
しゃちほこだち	鯱立ち	鯱鉾立	しゃちほこ立ち
しゃちゅう	車中	庶虫	社中
しゃちょう	斜長	社長	車長
しゃっかん	借款	尺貫
しゃっく	赤口	借区
しゃっこう	赤光	赤口
しゃてい	射程	舎弟
しゃでん	社殿	社伝
しゃとう	社党	斜塔	社頭	車燈
しゃど	斜度	赭土
しゃどう	斜道	車道
しゃない	社内	車内
しゃないきてい	社内規定	社内規程
しゃにゅう	射入	射乳
しゃはん	這般	社販	車販
しゃば	娑婆	沙婆	裟婆	車馬
しゃばん	車番	社判
しゃひ	斜飛	社費	舎費
しゃひょう	写票	社標
しゃふ	俥夫	写譜	車夫
しゃふう	社風	遮風
しゃふく	車幅	社福
しゃぶちゅう	シャブ中	しゃぶ中
しゃぶづけ	シャブ漬け	しゃぶ漬け
しゃへい	遮へい	遮蔽	車兵	遮閉
しゃべり	喋り	喋舌
しゃべりおとこ	喋り男	しゃべり男
しゃべりくち	喋り口	しゃべり口
しゃべりことば	喋り言葉	しゃべり言葉
しゃべりごえ	喋り声	しゃべり声
しゃべりて	喋り手	しゃべり手
しゃほう	社報	斜方	社宝
しゃみ	三味	沙弥
しゃめい	社命	車名	社名
しゃめん	赦免	斜面	しゃ面
しゃもん	沙門	借問	斜文
しゃゆう	社有	写友	社友
しゃよう	斜陽	社用
しゃようぞく	斜陽族	社用族
しゃり	舎利	射利	瀉利	瀉痢	這裏	這裡
しゃりょう	車両	車輌	車輛	社領
しゃれい	謝礼	奢麗	車齢
しゃれおとこ	洒落男	しゃれ男
しゃれき	社歴	砂礫
しゃれぎ	洒落着	しゃれ着
しゃれけ	洒落気	しゃれ気
しゃれことば	洒落言葉	しゃれ言葉
しゃれっけ	洒落っ気	しゃれっ気
しゃれもの	シャレ者	洒落者	しゃれ者
しゃーじゃん	蝦醤	蝦醬
しや	視野	子夜
しやく	試薬	私訳	試訳
しゅ	朱	呪	主	珠	種	守	首
しゅい	首位	主位	主意	殊異	趣意
しゅいん	主因	朱印	手印	手淫
しゅう	臭	州	衆	酋	首烏	醜	秋	週	秀	宗	集	周	主
しゅうい	就位	周囲	周圍	修為	囚衣	宗意	拾遺	衆夷
しゅういつかせい	週5日制	週五日制
しゅういん	衆院	秋陰
しゅうう	秋雨	驟雨	しゅう雨
しゅううん	収運	秋雲	舟運
しゅうえい	秀英	集英	終映
しゅうえき	就役	収益	囚役	終駅	臭液
しゅうえん	終えん	終焉	周延	就園	終演	周縁	秋園	衆怨
しゅうおん	収音	酬恩	集音
しゅうか	蒐荷	集荷	集貨	秀歌	州花	秋華	臭化	舟袈	衆寡	州歌	集火
しゅうかい	集会	聚会	集會	周回	醜怪	宗会	袖海
しゅうかく	収穫	収かく	収獲	收獲	秋穫	臭覚	衆客
しゅうかくき	収穫機	収穫期
しゅうかつ	就活	終活
しゅうかつうつ	就活鬱	就活うつ
しゅうかん	収監	就官	週間	週刊	周刊	秋官	終刊	習慣	集患	州間
しゅうがく	修学	就学	習学	脩学	宗学	週額
しゅうがわり	週替り	週替わり
しゅうき	周期	秋季	宗規	秋期	秋気	臭気	集気	臭氣	終期	周忌
しゅうきゅう	週休	週給	崇咎	蹴球
しゅうきゅうみっかせい	週休3日制	週休三日制
しゅうきょ	聚居	集居
しゅうきょう	宗教	州境	秋興
しゅうきょく	褶曲	収局	收局	終曲	終極	終局	しゅう曲
しゅうきん	集金	集禁
しゅうぎ	衆議	祝儀	修儀	聚義	蹴技	集義	宗義
しゅうぎょう	就業	終業	襲業	醜業	修業
しゅうぎょうじかん	就業時間	終業時間
しゅうぎょうじこく	就業時刻	終業時刻
しゅうぎょうふ	就業婦	醜業婦
しゅうぐん	州軍	州郡
しゅうけい	集計	修景	州刑	秋景
しゅうけつ	集結	終結	終決
しゅうけん	集権	収繭	周圏	州権	州県	集検	集賢
しゅうげつ	羞月	秋月
しゅうこ	修己	集古
しゅうこう	修交	修好	収公	周航	就航	集光	周溝	秋猴	秋郊	舟航	舟行	衆口	醜行	集購
しゅうごう	集合	習合	周壕	周濠	緝合	蒐合	輯合
しゅうさい	収載	秀才	収債	宗際	州宰	州際
しゅうさく	秀作	習作
しゅうさん	シュウ酸	シユウ酸	集散	聚散	就産	衆参	周産	蓚酸	秋蚕
しゅうざい	集材	集財
しゅうし	終止	収支	修士	宗旨	修史	宗史	州師	愁思	秋思	舟子	終始
しゅうしゃ	就社	終車
しゅうしゅ	収取	集取	袖手	集衆
しゅうしゅう	収集	聚集	蒐集	収拾	修習	拾集	秋収	聚衆	舟楫	しゅう集
しゅうしょ	周初	蒐書	衆庶
しゅうしょう	周章	就床	執照	愁傷	秋宵	舟娼	終章
しゅうしょく	修飾	修しょく	就職	襲職	愁色	秋色
しゅうしん	執心	就寝	集信	修身	終身	終審
しゅうじ	集字	集治	修辞	執持	習字	週次
しゅうじつ	秋日	週日	終日
しゅうじゃく	執著	執着
しゅうじゅ	収受	収授
しゅうじゅう	主従	集住
しゅうじょ	修女	秀女
しゅうじょう	収城	周上	舟状	衆情	醜状
しゅうじょく	就蓐	就褥
しゅうじん	集じん	集塵	囚人	愁人	衆人
しゅうじんき	集じん機	集塵機
しゅうすい	秋水	集水
しゅうせい	修正	集成	修成	修整	修省	終生	終世	宗勢	終声	習性	醜声	醜聲	州政
しゅうせき	集積	就籍
しゅうせん	周旋	臭腺	袖箭	集線	鞦韆	終戦
しゅうぜい	収税	州税
しゅうぜん	修繕	習禅	衆善	修善
しゅうそ	愁訴	宗祖	収租	臭素
しゅうそう	秋霜	就巣	終奏	終霜	衆僧
しゅうそく	収束	終息	終熄	集束	周速
しゅうぞう	収蔵	修造
しゅうたい	醜態	醜体
しゅうたん	愁嘆	愁歎	終端	脩短	修短
しゅうだい	周代	集題
しゅうだん	集団	宗団	終段
しゅうち	周知	愁恥	痩地	羞恥	羞耻	衆智	衆知	しゅう恥
しゅうちく	修築	修竹	脩竹
しゅうちしん	羞恥心	しゅう恥心
しゅうちゃく	執着	執著	終着	祝着
しゅうちゅう	集中	集注	袖中
しゅうちょう	酋長	周長	繍帳	繡帳	しゅう長
しゅうてい	修訂	周定	舟艇
しゅうてき	宗敵	醜敵
しゅうてん	終点	秋天	周天	周転
しゅうてんしょく	就\u0028転\u0029職	就転職
しゅうでん	終電	集電
しゅうと	舅	州都	姑	修斗	囚徒	宗徒	衆徒
しゅうとう	周儻	秋闘	終祷	鷲頭	秋冬
しゅうとく	拾得	修得	収得	習得	修徳
しゅうどう	修道	摺動	集童	州道	しゆう動
しゅうない	週内	宗内	州内
しゅうにゅう	集乳	収入
しゅうにゅうみこみ	収入見込み	収入見込
しゅうにん	就任	襲任
しゅうねん	執念	周年
しゅうのう	収納	收納	就農
しゅうは	周波	宗派	秋波
しゅうはい	集配	集排
しゅうはいじん	集排じん	集排塵
しゅうばく	就縛	秋瀑
しゅうばつ	修祓	秀抜	舟筏
しゅうばん	終盤	終板	週番
しゅうひつ	収筆	終筆
しゅうひょう	集票	衆評
しゅうひん	秀品	集品
しゅうび	周備	愁び	愁眉	皺眉
しゅうふ	州府	舟夫	醜婦
しゅうふう	就封	宗風	習風	秋風
しゅうふく	修復	慴伏
しゅうぶ	習武	袖部
しゅうぶつ	繍仏	繍佛	醜物
しゅうぶん	醜聞	修文	秋分	聚分	聚蚊
しゅうへき	周壁	皺襞	習癖	褶襞
しゅうべつ	週別	州別
しゅうほ	修補	襲歩
しゅうほう	襲封	州法	修縫	宗法	週報	秀峰
しゅうぼう	衆望	醜貌
しゅうぼく	州牧	終牧
しゅうまつ	終末	週末
しゅうみん	就眠	州民	衆民
しゅうめい	襲名	主命	州名	秋明	秋瞑	醜名	集名
しゅうもち	主持	主持ち
しゅうや	秋也	終夜
しゅうゆう	州有	周遊	周游	修友	秋夕
しゅうよう	収用	収容	修養	収養	就養	襲用	集要	宗要	秋容	秋陽
しゅうらい	襲来	襲雷
しゅうらく	集落	聚落
しゅうらん	収攬	集覧
しゅうり	修理	しゅう理
しゅうりつ	習律	収率	州立
しゅうりょう	終了	修了	収領	終漁	秋涼	収量
しゅうりょうしょ	終了書	修了書
しゅうりん	秋林	秋霖
しゅうれい	秀麗	秋冷	秀嶺	終れい	終齢
しゅうれん	収れん	修煉	修練	修錬	収斂	収歛	習練
しゅうれんざい	収れん剤	収斂剤
しゅうろく	収録	集録
しゅうろん	修論	宗論	衆論
しゅうわい	収賄	醜猥
しゅえん	主演	酒宴	衆園
しゅおん	主恩	主音	殊恩
しゅか	主家	酒化	酒家
しゅかく	主格	主郭	酒客	主客
しゅかん	主管	主観	主稈	手簡	手翰	首巻	種間	主幹
しゅが	主我	珠芽
しゅがき	朱書	朱書き
しゅき	酒気	手記	主機	酒鬼	主桅	主気	酒器
しゅきゃく	主客	主脚
しゅきゅう	守旧	首級
しゅきょう	取経	主教	衆経	酒興
しゅきん	種菌	手巾	種禽
しゅぎ	主義	取義	手技
しゅぎょう	修業	修行	主業
しゅく	祝	宿
しゅくい	祝意	夙夷	宿意
しゅくえい	宿衛	宿営
しゅくえん	宿怨	宿縁	祝宴	祝筵
しゅくがく	粛学	宿学
しゅくごう	縮合	宿業
しゅくさい	祝祭	宿債
しゅくさつ	縮刷	縮冊
しゅくし	宿志	祝詞
しゅくしゃ	縮写	宿舎
しゅくしょう	縮小	縮少	宿将	祝勝	祝捷	しゅく小
しゅくじん	宿陣	宿神
しゅくせい	粛正	粛清	夙成	宿政	祝聖
しゅくつぎ	宿次	宿継ぎ
しゅくてい	縮梯	宿酲
しゅくとう	粛党	祝祷	祝禱
しゅくとく	宿徳	淑徳
しゅくどう	宿道	縮瞳
しゅくはい	祝杯	祝盃
しゅくぼ	宿母	叔母
しゅくぼう	宿坊	宿房	宿望
しゅくまかない	宿賄	宿賄い
しゅくわり	宿割	宿割り
しゅくん	主君	朱訓	殊勲
しゅくんしょう	殊勲章	殊勲賞
しゅぐう	守宮	殊遇
しゅけい	主計	主刑	主茎	種鶏
しゅけつ	取穴	主穴
しゅけん	主権	主權	主顕	手拳
しゅげい	手芸	綜芸
しゅこ	守戸	朱戸
しゅこう	手交	首肯	趣向	首鋼	主港	主虹	手工	手稿	珠孔	趣好	酒肴
しゅこく	主穀	守国
しゅこん	主根	手根	種根
しゅご	守護	主語
しゅさ	主査	主鎖
しゅさい	主催	主宰	主菜	主祭	酒菜
しゅさいしゃ	主催者	主宰者
しゅさん	主参	酒盞	酒餐
しゅざい	取材	主剤	主材	主罪	取財	酒剤	首罪
しゅし	種子	趣旨	主旨	主枝	手指
しゅしつ	主室	酒質
しゅしゃ	取捨	手写	朱砂	趣舎
しゅしゅ	種種	守株	種々
しゅしょ	朱書	手書
しゅしょう	首相	主唱	手抄	首唱	主将	首将	修証	修證	守将	手掌	朱裳
しゅしょく	種植	主食	手燭	酒色	酒食
しゅしん	主審	主神	守心	朱唇	朱脣	酒心	酒神
しゅじ	主治	主事	主辞	種字
しゅじい	主治医	主侍医
しゅじく	主軸	朱軸	首軸
しゅじゅ	種々	種じゅ	種種	侏儒	朱儒
しゅじゅそう	種々相	種種相
しゅじゅつ	手術	主述
しゅじょう	主上	主城	主情	守城	衆生
しゅじん	主人	呪陣
しゅすう	種数	種雛	酒数
しゅせい	守成	守勢	主星	酒精
しゅせき	主席	聚石	首席	酒席	主石	手跡	手蹟	朱赤	酒石
しゅせん	主戦	朱線	主船	守戦	守戰	守銭	酒仙
しゅぜい	主税	酒税
しゅぜん	修禅	朱膳	酒膳	鬚髯	修善
しゅそ	主訴	首坐	首座	首鼠
しゅそく	守則	手足
しゅぞく	種属	種族
しゅたい	主体	主隊
しゅたく	手沢	主卓	手拓
しゅだい	主題	腫大	首題
しゅだん	手段	主談
しゅち	主知	種智	趣致	酒池
しゅちく	主畜	朱竹	種畜
しゅちゅう	手中	主柱
しゅちょう	主張	腫張	腫脹	首長	主徴	主潮	主調
しゅちょうせい	主張性	首長制
しゅちん	朱珍	繻珍
しゅっか	出火	出荷	出嫁
しゅっきょう	出京	出郷
しゅっきん	出勤	出金
しゅっけつ	出血	出欠	出缺
しゅっこう	出港	出校	出稿	出航	出講	出向	出行
しゅっこううけいれ	出向受け入れ	出向受入
しゅっこん	宿根	宿魂
しゅっさん	出産	出山
しゅっさんいわいきん	出産祝い金	出産祝金
しゅっし	出資	出仕	出糸
しゅっしゃ	出社	出舎	出車
しゅっしょ	出処	出所
しゅっすい	出穂	出水
しゅっせい	出征	出勢	出精	出生
しゅっせん	出船	出山
しゅっそう	出走	出巣
しゅったい	出退	出来
しゅっちょう	出張	出ちょう	出庁	出超
しゅってん	出店	出展	出典
しゅっぱつ	出発	出ぱつ
しゅっぱん	出版	出板	出帆
しゅっぺい	出兵	出瓶
しゅつえん	出演	出えん	出捐
しゅつが	出芽	出駕
しゅつぎょ	出漁	出御
しゅつじょう	出場	出定	出譲
しゅつどう	出動	出洞
しゅつにゅうしゃ	出入車	出入者
しゅつらい	出蕾	出来
しゅつりょう	出猟	出漁	出寮
しゅてん	酒店	主点	朱点
しゅでん	守殿	主殿
しゅと	首都	主都	衆徒	酒徒	首途
しゅとう	種痘	主塔	主島	手套	朱頭	種糖	酒盗
しゅどう	主導	主働	主動	手動	主胴	朱銅	衆道	酒道
しゅにく	朱肉	酒肉
しゅぬり	朱ぬり	朱塗	朱塗り
しゅのう	首脳	主腦	主能
しゅはい	手背	酒杯	酒盃
しゅはん	主犯	首班	主帆	主版	手板	酒販	酒飯
しゅひ	守秘	手臂	珠皮	種皮
しゅひつ	主筆	手筆	朱筆
しゅひょう	首標	主表
しゅひん	主賓	酒品
しゅび	守備	麈尾	首尾	鬚眉
しゅびき	朱引	朱引き
しゅびょう	種苗	主病
しゅふ	主婦	主夫	首府
しゅふく	修福	首服
しゅぶ	主部	首部
しゅぶん	主文	守文	朱文	衆分
しゅへい	主兵	守兵	手兵
しゅべつ	殊別	種別
しゅほ	種穂	酒保	酒舗	酒鋪
しゅほう	手法	修法	主砲	主峯	主峰	聚宝
しゅぼ	主簿	手簿	酒母
しゅぼう	首謀	主謀	手紡
しゅみ	趣味	麈尾
しゅめい	主命	酒名	種名
しゅめん	種棉	種綿
しゅもく	種目	撞木
しゅやく	主役	主薬
しゅゆ	茱萸	須臾
しゅゆう	主邑	酒友
しゅよう	取用	須要	腫よう	腫瘍	主用	首要
しゅよく	主翼	手浴
しゅらん	酒乱	朱欄	種卵
しゅり	主吏	手裏	修理
しゅりゅう	主流	手りゅう	手榴	守竜	守龍	腫瘤
しゅりゅうだん	手りゅう弾	手榴弾
しゅりょう	狩猟	酒量	首領	主領	主稜
しゅるい	種類	殊類	酒類
しゅれん	手練	酒連	首聯	首連
しゅろ	手炉	棕梠	棕櫚
しゅろう	酒楼	鐘楼
しゅろそう	棕梠草	棕櫚草
しゅわ	手話	手わ
しゅわん	手腕	朱椀
しゅん	旬	春
しゅんか	春化	春歌
しゅんかん	瞬間	春寒
しゅんが	春画	春畫
しゅんき	春季	春期
しゅんききゅう	春季休	春期休
しゅんききゅうか	春季休暇	春期休暇
しゅんけい	春慶	春景
しゅんけつ	俊傑	儁傑	雋傑
しゅんけん	峻嶮	峻険	俊犬
しゅんこう	竣功	竣工	春光	春耕
しゅんさい	俊才	儁才	駿才
しゅんしゅう	春愁	俊秀
しゅんじ	瞬時	春時
しゅんじゅん	夋巡	逡巡
しゅんせい	竣成	峻整
しゅんせつ	浚渫	春節	春雪	しゅん渫
しゅんそく	俊足	俊速	駿足	しゅん足
しゅんだん	春暖	瞬断
しゅんとう	春闘	春濤
しゅんぱつ	旬発	瞬発
しゅんべつ	峻別	しゅん別
しゅんぼう	俊髦	春望
しゆう	私有	市有	雌雄	市邑	師友	試遊	詩友
しゆうせい	私有性	私有制
しゆうち	私有地	市有地
しょ	蔗	疏	嶼	杵	署	書
しょい	所謂	諸夷	所爲	所為
しょいん	書院	所員	所引	書淫	署印	署員
しょいんづくり	書院造	書院造り
しょう	醤	章	唱	賞	商	妾	将	笙	承	厰	簫	頌	詔	抄	衝	鈔	庄	省	松	鉦	證	昭	姓	升	称	礁	性	荘	勝	小	生	正
しょうあい	鍾愛	性合	性合い
しょうあん	硝アン	硝安	省案	小庵	小案
しょうい	小異	傷痍	小医	少尉	焼夷	称謂	小委
しょういち	小1	小一
しょういちのかべ	小1の壁	小一の壁
しょういん	承引	証印	勝因	少陰	小引	掌印	松韻	省員
しょうう	少雨	請雨	生有	小雨
しょううん	勝運	商運	招運	祥雲
しょうえい	照映	昌栄	昇栄	照影
しょうえき	省益	承役	漿液
しょうえん	消炎	荘園	庄園	小円	小宴	招宴	松煙	焼煙	瘴烟	硝烟	硝煙	礁縁
しょうおん	昇温	消音
しょうか	消火	消化	昇華	生下	唱歌	商家	商科	声歌	消夏	銷夏	娼家	将家	小果	小過	松果	松火	漿果	硝化	祥歌	証果	証歌	證果	賞歌	頌歌	松花	小火
しょうかい	紹介	哨戒	照会	詳解	奨誡	小塊	小楷	小解	照海	商會	商会	松会	しょう戒
しょうかき	消火器	消化器	小火器
しょうかく	昇格	松鶴	正角	衝角
しょうかせん	消化せん	消化腺	松果腺	消火栓
しょうかん	償還	召喚	召還	招喚	商館	将官	傷寒	哨艦	娼館	小官	小寒	小閑	少閑	梢間	消閑	照鑑	簫管	荘官	証監	陞官	松幹
しょうが	生姜	生薑	声歌	小我	唱歌
しょうがい	生涯	障害	障がい	障碍	障礙	傷害	生害	渉外	勝概	瘴外
しょうがいしゃ	障害者	障がい者	障碍者
しょうがいしゃてちょう	障害者手帳	障がい者手帳	障碍者手帳
しょうがいみまいきん	障害見舞い金	障害見舞金
しょうがく	小学	商学	小學	小額	少額	奨学	正覚	小顎
しょうがくせい	小学生	奨学生
しょうがくぶ	小学部	商学部
しょうがん	賞玩	賞翫	沼岸
しょうき	抄記	焼燬	詳記	正き	勝機	匠気	商機	商規	将器	小器	小旗	正機	沼気	瘴気	笑気	鍾馗	正気
しょうきゃく	焼却	焼きゃく	償却	消却	銷却	招客	正客
しょうきゅう	昇級	昇給	小丘	小球	小給	承泣	賞球	小休
しょうきゅうし	小休止	小臼歯
しょうきょう	昇橋	勝共	商況	小驚
しょうきょく	消極	小局	小曲	摺曲	勝局	省局
しょうきん	賞金	小禽	松琴	正金	渉禽	銷金	生金	奨金	償金
しょうぎ	商議	将棋	象戯	娼妓	床几	床机	彰義	掌儀	省議	証義
しょうぎょう	商業	聖教
しょうぎょうし	商業史	商業誌
しょうく	小区	小工	承句	章句
しょうくくり	上括	上括り
しょうくつ	掌屈	笙窟
しょうくん	賞勲	賞勳
しょうぐん	将軍	勝軍
しょうけい	承継	勝計	小憩	小計	少憩	承繼	紹継	小径	小逕	憧憬	小恵	小景	憧景	捷径	章京	象形	鐘形
しょうけつ	猖獗	小穴	焼結	燒結
しょうけん	召見	商圏	証券	證券	償権	商権	小賢	正絹	正見	荘券	衝拳	証権	証験	小見
しょうげ	勝解	障碍	障礙
しょうげき	衝撃	笑劇	笑撃	衝激
しょうげん	証言	詳言	将監	象限
しょうこ	照顧	称呼	証拠	證拠	證據	商估	商賈	小鼓	尚古	掌故	鉦鼓	鐘鼓	礁湖
しょうこう	商工	少考	招降	昇降	消光	焼香	将校	商高	症候	小康	商港	小功	小孔	小溝	小稿	少校	昇汞	猩紅	相公	祥紅	青光	消耗	しょう紅
しょうこうねつ	猩紅熱	しょう紅熱
しょうこく	小国	相国	峭刻	証告
しょうこくみん	小国民	少国民
しょうこつ	掌骨	焼骨	踵骨	小骨
しょうこり	性こり	性コリ	性懲り
しょうこん	性根	松根	商魂	傷痕	招魂	昇魂	照今
しょうご	正午	醒悟	正語	聖語	証悟	證悟	小五	小5
しょうごう	照合	承合	商号	称号	匠合
しょうさ	傷嗟	照査	小差	少差	証左	証査	少佐
しょうさい	詳細	商才	将才	小才	省際
しょうさく	小策	正作
しょうさつ	消殺	焼殺	笑殺	小冊
しょうさん	消散	称讃	称讚	称賛	稱讃	稱賛	賞讃	賞讚	賞賛	頌讃	頌賛	勝算	小散	少産	松杉	硝酸	小3	小三
しょうざい	商材	漿剤
しょうし	焼死	賞賜	笑止	少子	証紙	妾子	将士	小史	小子	小祠	小紙	小誌	小趾	少師	少死	尚歯	承旨	抄紙	掌指	正師	省市	訟師	賞詞	鞘翅	頌詞	頌詩	硝子	生死
しょうしか	少子化	小子化
しょうしたい	焼死体	硝子体
しょうしつ	焼失	消失	少室
しょうしゃ	商社	照射	勝者	小社	哨舎	小舎	廠舎	抄者	焼炙	軺車	傷者
しょうしゃく	焼灼	小酌	昇爵	照尺	聖跡	聖迹	陞爵
しょうしゅ	庠主	荘主	鞘腫
しょうしゅう	召集	嘯集	招集	消臭	勝宗	少衆	承襲
しょうしゅつ	抄出	晶出	妾出
しょうしょ	証書	詔書	哨所	小暑	尚書	象胥
しょうしょう	少々	少しょう	少少	証誠	少将	商相	商頌	将相	小哨	小照	小祥	小象	少小	承詔	樟章	瀟湘	證誠
しょうしょく	粧飾	小食	少食	小職
しょうしん	小心	昇進	陞進	傷心	傷神	焦心	焼身	衝心	正真	小臣	小身	少心	少進	峭深	従親	昇神	焼心	しょう心
しょうじ	昭示	商事	障子	声字	小字	小辞	尚侍	床子	掌侍	消磁	賞辞	頌辞	正時	商時	小寺	小事	少時	生死
しょうじつ	少実	尚実	松実
しょうじゃ	小蛇	生者	精舎	聖者
しょうじゅ	松寿	摂受	聖衆	正受
しょうじゅつ	紹述	詳述	賞じゅつ	賞恤
しょうじゅん	奨順	奬順	照準	昇順
しょうじゅんき	照準機	照準器
しょうじょ	少女	昇叙	陞叙	妾女	小序
しょうじょう	症状	賞状	商状	清浄	檣上	小乗	小掾	政丞	猩々	猩猩	生々	生生	省城	章条	証上	證上	霄壌
しょうじん	消尽	焼尽	精進	傷人	小仁	省人	小人
しょうじんあげ	精進揚	精進揚げ
しょうすい	憔悴	小水	少水	傷悴	将帥	松翠	漿水
しょうすう	少数	小数
しょうすず	省すず	省錫
しょうずか	三途河	葬頭河
しょうせい	招請	焼成	称制	勝勢	商政	将星	小成	招婿	照星	省制	笑声	鐘声	小生
しょうせき	勝跡	勝蹟	勝迹	硝石	証跡
しょうせつ	詳説	小説	小節	小せつ	勝絶	商説	少雪	正説	消雪	章節	小雪
しょうせつか	小説化	小説家
しょうせん	商船	小鮮	掌線	松染	省線	勝戦	商戦
しょうぜん	小善	承前
しょうそ	勝訴	小組	生酥	訟訴
しょうそう	焦燥	焦躁	尚早	正倉	将曹	小壯	少壮	照相	章草
しょうそく	消息	掌側	踵足
しょうそつ	将卒	小卒
しょうそん	焼損	小村
しょうぞう	肖像	焼造	小像	抄造	正像
しょうぞく	装束	装束く
しょうたい	小体	正体	招待	紹待	小隊	消退	省胎	しょう待
しょうたく	小宅	妾宅	小卓	沼沢
しょうたん	慴憚	賞嘆	賞歎	小胆	嘗胆
しょうだい	唱題	商大	招提	掌大	昭代	章題
しょうだて	章立て	章立
しょうだん	商談	昇段	笑談	樵談	焼弾	章段
しょうち	承知	召致	招致	詳知	勝地	小智	小知	沼池	生知	礁池
しょうちのすけ	承知の助	承知之助
しょうちゅう	焼酎	焼ちゅう	少忠	掌中	詳注	小中
しょうちゅうがく	小・中学	小中学	小、中学
しょうちゅうこうせい	小中高生	小・中・高生
しょうちょう	省庁	象徴	象徵	消長	哨長	商調	小ちょう	小腸	省長
しょうちん	消沈	銷沈
しょうてい	商定	小弟	少帝	少弟	正丁	章程	訟廷
しょうてき	小敵	小滴	少敵
しょうてん	商店	召天	昇天	生天	焦点	焼点	燒點	章典	小典	小店	小点	小篆	掌典	消点	衝天	賞典
しょうでん	昇殿	召佃	召電	小伝	招電	祥伝	荘田	詳伝
しょうと	商都	小都	省都
しょうとう	昇騰	消灯	消燈	小党	商登	小刀	小塔	床頭	松濤	梢頭	檣頭	照灯	生塔	鐘塔
しょうとく	商特	小徳	彰徳	証得	頌徳	生得	聖徳
しょうとり	証取	商取
しょうど	焦土	小弩	焼土	照度	しょう度
しょうどう	衝動	唱導	唱道	奨導	聳動	商道	小堂	聖道	証道	鐘堂
しょうどく	消毒	消どく
しょうない	荘内	省内
しょうに	少弐	少貮	小二	小児	小2
しょうにがん	小児がん	小児ガン	小児癌
しょうにん	商人	承認	昇任	陞任	証人	上人	小人	聖人
しょうにんとりけし	承認取り消し	承認取消
しょうねん	少年	称念	正念	生年
しょうのう	笑納	小農	商農	小脳	樟脳
しょうは	小破	照破	翔破	消波	衝波
しょうはい	勝敗	章牌	賞杯	賞牌	賞盃
しょうはく	松柏	衝迫
しょうはん	小藩	掌帆	檣帆
しょうばい	商売	笑売
しょうばいがたき	商売敵	商売仇
しょうばん	小板	墻盤	床版	詔版	相伴
しょうひ	消費	小婢	小皮	少婢	踵腓
しょうひつ	省筆	少弼
しょうひょう	商標	章票	証憑	証票	賞票
しょうひん	商品	賞品	小品
しょうび	称美	賞美	床尾	焦眉	薔薇
しょうびょうみまいきん	傷病見舞い金	傷病見舞金
しょうびょうゆうきゅう	傷病有休	傷病有給
しょうふ	商埠	声符	娼ふ	娼婦	少府	樵夫	正麩	相府
しょうふう	松風	正風	蕉風
しょうふく	慴伏	懾伏	承伏	承服	摺伏	妾腹	招福	祥福
しょうぶ	勝負	菖蒲	尚武	招撫	省部
しょうぶどころ	勝負どころ	勝負所
しょうぶん	小文	省文	性分
しょうへい	招へい	招併	招聘	将兵	傷兵	哨兵	障屏
しょうへき	障壁	瘴壁	障へき	哨壁	墻壁	峭壁	照壁	牆壁
しょうへん	小片	小変	小篇	小編	掌篇	掌編	正遍	照片
しょうべつ	小別	省別
しょうほ	将補	少補	掌捕
しょうほう	詳報	商法	勝報	唱法	商報	小砲	小胞	小邦	尚方	床袍	捷報	掌法	正報	消泡
しょうほん	正本	抄本	証本	鈔本
しょうぼう	焼亡	燒亡	衝冒	消防	消ぼう	小棒	椒房	正法
しょうぼうかん	消防官	消防監
しょうぼうちょう	消防庁	消防長
しょうぼく	昭穆	焼木
しょうま	消磨	銷磨	升麻	照魔	障魔
しょうまい	正米	升米
しょうみ	賞味	正味
しょうみょう	唱名	小名	称名	声明
しょうみん	招民	荘民
しょうむ	商務	荘務	訟務
しょうめい	照明	証明	正銘	召命	招命	章名	詔命	鐘銘
しょうめつ	消滅	消めつ	生滅
しょうもん	唱門	小問	掌紋	松門	照門	蕉門	証文	声聞
しょうやく	抄訳	生薬	硝薬
しょうゆ	醤油	正油	醬油	しょう油
しょうゆう	少輔	小邑	尚友	小勇
しょうゆづけ	醤油漬	醤油漬け
しょうゆまめ	醤油豆	しょうゆ豆
しょうよ	称誉	賞誉	賞与
しょうよう	奨揚	慫慂	称揚	称用	賞揚	賞用	照葉	商用	逍遥	小用	小葉	少陽	生葉
しょうよく	小慾	小欲	少慾	少欲
しょうよん	小4	小四
しょうらい	将来	將來	招来	請来	しょう来	性来	松籟	生来
しょうらん	照覧	笑覧	正濫	小瀾
しょうり	勝利	捷利	掌理	燮理	商利	小吏	掌裏	笑裏	小利
しょうりつ	聳立	勝率
しょうりゃく	省略	商略	抄掠	詳略
しょうりゅう	昇竜	商流	小流	消流
しょうりょう	少量	商量	渉猟	将領	小稜	小量	性霊	蕭寥	小領	精霊
しょうりん	少林	小輪	照臨	笑林	翔臨
しょうるい	少類	生類	証類
しょうれい	奨励	症例	瘴癘	証例	證例	鐘鈴	省令
しょうれき	賞歴	賞暦
しょうれん	商連	青蓮
しょうろ	捷路	松露	正路
しょうろう	精霊	瘦肉	娼楼	檣楼	鐘楼
しょうろうぶね	精霊船	精霊舟
しょうろく	抄錄	抄録	詳録	小6	小勒	小六
しょうろん	詳論	摂論	小論
しょうわ	笑話	唱和	小話
しょうわん	小弯	小彎
しょえん	初演	所演	所縁	諸縁
しょか	初夏	暑夏	書架	諸家	諸課	書家
しょかい	初回	所懐	初会
しょかつ	所轄	署活
しょかん	書簡	書翰	初刊	初巻	所関	暑寒	書巻	所感	書館	諸官	所管
しょがい	所外	書外
しょがかり	諸掛かり	諸掛り
しょがく	書学	初学	諸学
しょがん	所願	諸願
しょき	庶幾	所期	書記	初期	書紀	所記	所規	暑気	諸器
しょきゅう	初級	初球	初給
しょきょう	諸教	諸経
しょぎょう	初行	諸行	所行	所業
しょく	食	職	初句	嘱	燭	蝕	諸区	植
しょくあたり	食あたり	食中り	食当たり
しょくい	職位	食医
しょくいん	職印	職員
しょくえん	食塩	職縁
しょくがい	蝕害	食害
しょくぎょうこう	職業高	職業校
しょくげん	食言	食原
しょくこう	植杭	職貢
しょくさい	植栽	植採	食彩	食菜
しょくざい	食材	殖財	贖罪
しょくし	食指	職司	食屍	食思
しょくしゅ	職種	触手	触鬚	觸鬚	しょく手
しょくしょう	食傷	職掌	飾章
しょくしん	触診	食寝
しょくじ	植字	食餌	食事	蝕時	食時
しょくじゅ	植樹	食樹
しょくじゅう	職住	食住
しょくじん	蝕甚	食人	食尽	食神
しょくせい	植生	職制	食性
しょくせん	色染	食洗
しょくぜん	食前	食膳
しょくそ	蜀素	職組
しょくそう	植相	職層	食草
しょくたく	嘱託	属託	食卓
しょくだい	燭台	食台
しょくち	初口	触知	食治
しょくちょう	職長	食鳥
しょくどう	食堂	食道
しょくどうがん	食道がん	食道ガン	食道癌
しょくにん	職人	職任	しょく人
しょくのう	職能	食農
しょくはつ	触発	職発
しょくひ	植皮	植被	食費
しょくぶん	職分	蝕分	食分
しょくほう	触法	織豊	食法	食胞
しょくぼう	嘱望	属望	職棒
しょくみん	植民	殖民
しょくみんし	植民史	殖民史
しょくみんち	植民地	殖民地
しょくもく	嘱目	属目
しょくもたれ	食もたれ	食靠れ
しょくゆう	職由	贖宥
しょくよう	食用	食葉	食養
しょくようがえる	食用ガエル	食用蛙	食用がえる
しょくよく	食欲	食よく	食慾
しょくりょう	食料	食糧	食療
しょくりょうひん	食料品	食糧品
しょぐう	処遇	諸宮
しょぐん	諸郡	諸軍
しょけ	諸戯	所化
しょけい	処刑	初形	初経	所掲	書ケイ	書啓	書型	書契	書痙	諸兄
しょけつ	処決	書訣
しょけん	書見	初見	諸件	諸県	諸賢	所見
しょげい	書芸	諸芸
しょげん	初源	初現	所言	緒言	諸元	諸彦
しょこう	初稿	初校	曙光	初交	初更	初爻	初項	所嚮	諸侯	諸公	諸港	諸講	蹠行
しょこく	諸国	諸國
しょこん	初婚	初献
しょご	諸語	初語	書語
しょごう	初号	諸豪
しょさい	書斎	所載
しょさく	諸策	書作
しょさつ	初刷	書冊	書札
しょさん	所産	初産
しょざい	所在	処罪
しょざん	初産	諸山
しょし	書士	所司	諸氏	処士	初志	庶子	所志	所思	書史	書志	書肆	書誌	諸司	諸士	諸姉	諸子	諸誌	蹠趾	書司	諸市
しょしき	諸色	諸式	書式	所職
しょしゃ	書写	書者	諸社
しょしゅう	初秋	所収	所修	所執	諸宗	諸州	諸衆
しょしゅつ	庶出	所出	初出
しょしょ	処暑	署所	諸処	諸所	諸書	諸書	処処	所々	所所
しょしょう	所掌	諸将	初晶	所証	書承	書証	諸章
しょしん	初心	初診	所信	初信	初審	書信	諸心	諸神
しょじ	所持	初地	書字	諸侍	諸字	諸寺	諸事
しょじゅう	所従	蔗汁
しょじょう	書状	書狀	諸城
しょじん	庶人	諸陣	諸人	書人
しょせい	書生	処世	初世	初生	庶政	所生	書勢	書聖	諸政	諸生	諸聖
しょせき	書籍	書跡	書蹟
しょせつ	諸説	所説	諸節
しょせん	初戦	初撰	書扇	緒戦
しょぜい	所税	諸税
しょそ	処措	初祖	諸祖
しょそう	諸相	初層	初葬	書僧	書窓	書箱
しょそん	書損	諸尊	諸村
しょぞう	所蔵	諸像
しょぞく	ショ属	所属	所屬	諸族
しょたい	所帯	書体	諸隊	世帯
しょだん	処断	初段	書壇	初弾
しょち	処置	書痴
しょちゅう	暑中	初中	書中
しょちょう	所長	処長	初潮	署長
しょっかく	触覚	触角	食客
しょっかん	食感	食鑑	食管	触感	食缶	食間
しょっき	食器	織機	蜀葵	食気
しょっきり	初っ切	初っ切り	初切	初切り
しょっけん	職権	職權	食券
しょっこう	職工	燭光	織工	職貢
しょっつるなべ	塩汁鍋	しょっつる鍋
しょっぱな	初っぱな	初っ端	初端
しょてん	書店	書展	諸点	諸天
しょでん	初伝	初電	所伝	書伝	諸殿
しょとう	ショ糖	初頭	初冬	初等	諸島	初唐	蔗糖	諸党	所当	しょ糖
しょとく	所得	書牘	諸徳
しょとくみこみ	所得見込み	所得見込
しょどう	書道	初動	諸堂	所動	書堂	諸道
しょどく	初読	諸毒
しょない	所内	署内
しょにゅう	初乳	初入
しょにん	初任	初妊
しょはん	初版	署判	諸般	諸般	初犯	諸版	諸藩
しょばつ	処罰	處罰
しょひ	所碑	諸費
しょひょう	書評	書票	諸表
しょぶつ	庶物	諸仏	諸佛	諸物
しょぶん	処分	處分	初文
しょへん	初篇	初編
しょほ	初歩	書圃	書舗
しょほう	処方	初封	書法	諸法	諸邦	所法	諸方	緒方
しょみん	庶民	諸民
しょむ	庶務	処務	所務
しょめい	署名	書名	初名
しょもん	諸紋	諸門
しょやく	初訳	所役	諸役	諸訳
しょゆう	所有	所由	諸雄
しょよ	所与	緒余	諸余
しょよう	初葉	諸用	所要	所用
しょり	処理	胥吏	黍離	しょ理
しょりゅう	初留	庶流	書流
しょりょう	諸量	所領	初療	書陵
しょれい	諸例	初令	初霊	所令
しょろう	初老	所労
しょろん	所論	書論	緒論	諸論
しょわけ	諸訳	諸分
しよう	使用	私用	施用	止揚	試傭	試用	飼養	仕様	至要	脂溶	姿容	子葉	紙葉	資養	枝葉	し要
しようしゃ	使用者	私用車
しようりょう	使用料	使用量
しよく	私欲	私慾	支翼
しよせ	仕寄	仕寄せ
しらあえ	白あえ	白和え
しらいと	白糸	しら糸
しらかし	白樫	白橿
しらかば	白かば	白樺
しらが	白髪	白毛
しらがあたま	白髪頭	しらが頭
しらがぞめ	白髪染	白髪染め
しらがねぎ	白髪ねぎ	白髪ネギ	白髪葱
しらき	素木	白木
しらぎく	白菊	白ぎく
しらくも	白癬	白くも	白雲
しらけがお	白け顔	しらけ顔
しらけわらい	シラケ笑い	白け笑い
しらげ	白らげ	精げ
しらごえ	白声	素声
しらさぎ	白鷺	白さぎ	白サギ
しらす	白す	白子	白州	白洲	白砂
しらすぼし	シラス干し	白子干し	しらす干し
しらせ	知らせ	報らせ	知ラセ	報せ
しらたき	白たき	白滝
しらたま	白玉	白珠
しらとり	白鳥	しら鳥
しらなみ	白波	白浪
しらに	白土	白煮
しらは	白刃	白歯	白羽
しらはえ	白南風	白鮠
しらはり	白張	白張り
しらひげ	白ヒゲ	白鬚
しらふ	素面	白面
しらべ	調べ	調
しらべおび	調べ帯	調帯
しらべがわ	調べ革	調革
しらべぐるま	調べ車	調車
しらべしつ	調室	調べ室
しらべしょ	調べ所	調所
しらべのお	調の緒	調べの緒
しらべもの	調べ物	調べもの
しらべやく	調べ役	調役
しらぼし	白乾し	白干し
しらまなご	白真砂	白細砂
しらみ	虱	蝨
しらみつぶし	シラミ潰し	虱つぶし	虱潰し	しらみ潰し
しらやき	白焼き	白焼
しらゆり	白ゆり	白ユリ	白百合
しらん	白及	紫蘭	芝蘭
しり	尻	臀	私利	止痢	至利	至理	支離	後
しりあい	知り合い	知りあい	知りあひ	知り合ひ	知合	知合い
しりあがり	尻上がり	尻上り	しり上がり
しりあし	尻足	後足
しりあて	尻当て	しり当て
しりあな	尻孔	尻穴
しりうま	尻馬	しり馬
しりおし	尻押し	しり押し
しりがい	尻繋	尻鞦	鞦
しりがる	尻軽	しり軽
しりきれ	尻切れ	尻きれ	しり切れ
しりくべなわ	注連縄	しりくべ縄
しりぐされ	尻腐	尻腐れ
しりごみ	尻ごみ	尻込み	後込み	しり込み
しりさがり	尻下がり	尻下り	しり下がり
しりすぼまり	尻すぼまり	尻窄まり
しりだこ	尻だこ	尻胼胝
しりつ	私立	嗣立	市立
しりつき	尻つき	しり付き
しりつこう	私立高	市立高	私立校	市立校
しりつだい	私立大	市立大
しりとり	尻とり	尻取り	しり取り
しりなめ	尻なめ	尻嘗め
しりぬぐい	尻ぬぐい	尻拭い
しりびと	知りびと	知り人
しりびれ	尻ビレ	尻鰭
しりふり	尻ふり	尻振り
しりめ	尻目	しり目	後目
しりもち	尻もち	尻餅	尻餠
しりゃく	史略	私掠
しりゅう	支流	枝流
しりょう	史料	飼料	資料	思料	思量	死霊	試料	志料	指了	私料	資糧	し料
しりょうかん	史料館	資料館
しりょく	死力	資力	志力	視力
しりん	四隣	史林	士林	屍林
しるかけ	汁かけ	汁掛け
しるけ	汁気	汁け	しる気
しるこ	汁粉	しる粉
しるし	兆	印	驗	徴	標	験
しるそば	汁そば	汁ソバ
しるべ	知るべ	知る辺	知辺	導べ	標べ	導	標
しるもの	汁物	汁もの	しる物
しるわん	汁わん	汁椀	汁碗
しれい	司令	指令	使令	砥礪	司隷	至霊	誌齢
しれごと	痴れ事	痴れ言
しれつ	シ烈	熾烈	至烈	士列	歯列	し烈
しれもの	痴れ者	しれ者
しれん	試練	試煉	試錬
しろ	白	城	代
しろあざ	白あざ	白痣
しろあと	城あと	城跡
しろあり	白あり	白アリ	白蟻
しろあん	白あん	白餡
しろいたち	白イタチ	白鼬
しろいぬ	白いぬ	白犬
しろう	屍蝋	指弄	死臘	死蠟	脂漏	四郎
しろうさぎ	白うさぎ	白ウサギ	白兎
しろうずら	白鶉	白ウズラ	白うずら
しろうど	白ウド	白独活
しろかき	代かき	代掻き
しろかび	白かび	白カビ	白黴
しろかぶ	白かぶ	白蕪
しろからし	白カラシ	白芥子
しろがすり	白がすり	白絣	白飛白
しろがね	白金	白銀	銀
しろがゆ	白がゆ	白粥
しろがわ	城側	白革
しろきくらげ	白きくらげ	白木耳	白キクラゲ
しろぎく	シロ菊	白菊
しろぎつね	白ぎつね	白狐
しろく	四緑	司禄	四六
しろくま	白くま	白クマ	白熊
しろけむり	白けむり	白煙
しろこしょう	白コショウ	白胡椒	白こしょう
しろごま	白ごま	白ゴマ	白胡麻
しろさい	白サイ	白犀
しろさび	白さび	白錆
しろざけ	白酒	白鮭
しろざめ	白ザメ	白鮫
しろしめじ	白しめじ	白占地
しろじ	白地	白字
しろそこひ	白そこひ	白底翳
しろたえ	白たえ	白妙	白栲
しろだし	白だし	白出し
しろだすき	白だすき	白ダスキ	白襷
しろちゃり	白ちゃり	白チャリ
しろづくり	城造り	城づくり	白づくり	白作り
しろてん	白点	白貂
しろとさか	白とさか	白鶏冠
しろとび	白とび	白飛び
しろな	白菜	しろ菜
しろなす	白ナス	白茄子
しろななこ	白斜子	白魚子
しろなまず	白なまず	白癜
しろなわ	白なわ	白縄
しろにきび	白ニキビ	白面皰
しろぬき	白ヌキ	白抜き
しろぬり	白塗り	白塗
しろねぎ	白ネギ	白ねぎ	白葱
しろねこ	白ネコ	白猫
しろねずみ	白ねずみ	白ネズミ	白鼠
しろねり	白練	白練り
しろばら	白バラ	白薔薇
しろひとり	白ひとり	白灯蛾
しろふくろう	白ふくろふ	白梟
しろぶた	白豚	白ブタ
しろます	白マス	白升
しろまめ	白マメ	白豆
しろまゆ	白まゆ	白繭
しろまる	白丸	白マル
しろみ	白身	白味	白み
しろみそ	白味噌	白みそ
しろめ	白目	白眼	白鑞
しろめぐり	城めぐり	城巡り
しろもち	城持ち	白餅
しろもの	代物	白物	しろ物
しろわり	城割	城割り
しろん	史論	試論	私論	至論	詩論
しわ	皴	皺	史話	指話	視話	詩話
しわかくし	シワ隠し	皺隠し
しわくちゃ	皺くちゃ	皺くちや
しわくび	皺首	しわ首
しわけ	仕訳	仕わけ	仕分	仕分け	仕訳け
しわけぎょうむ	仕訳業務	仕訳け業務
しわけくぶん	仕訳区分	仕訳け区分
しわけこうもく	仕訳項目	仕訳け項目
しわけこーど	仕分けコード	仕訳コード
しわけしゅうけい	仕訳集計	仕訳け集計
しわけちょう	仕訳帳	仕訳け帳
しわけび	仕訳け日	仕訳日
しわざ	仕業	仕わざ
しわしわ	皺々	皺皺
しわづら	皺づら	皺面
しわとり	シワ取り	皺取り	しわ取り
しわばら	皺腹	しわ腹
しわぶき	嗄咳	咳
しわほう	指話法	視話法
しわよせ	シワ寄せ	皺よせ	皺寄せ	しわ寄せ
しわんぼう	吝ん坊	悋ん坊	しわん坊
しん	臣	新	真	津	瞋	箴	蔘	讖	軫	診	紳	辛	芯	信	神	心	身
しんあい	信愛	親愛	深愛	真愛
しんあん	審案	新案
しんい	進移	真意	神威	神意	新異	深意	瞋恚	神位	神異	神衣	讖緯	心意
しんいき	神域	震域
しんいと	新糸	芯糸
しんいん	信印	唇印	心因	新院	真印	真因	神韻
しんうち	真打ち	真打
しんうん	晨雲	進運
しんえい	新鋭	新営	真営	真影	親英	親衛
しんえき	新駅	津液
しんえん	深遠	神苑	伸冤	伸延	心猿	心縁	新円	深淵	真円	神縁	親縁	真猿
しんおう	深奥	心奥	心黄	晋王	真奥	秦王	震央	新王
しんおん	唇音	新恩	深温	震音	心音
しんか	進化	深化	神化	侵華	心下	心火	新貨	神歌	神火	臣下	薪火	心窩	真価
しんかい	浸潰	深海	新貝	神界	伸開	心海	新改	新開	神階	心会
しんかいちく	新・改築	新改築
しんかき	真書	真書き
しんかく	伸拡	神格	心核	真核	進角
しんかけい	進化系	進化形
しんかな	新カナ	新仮名
しんかん	新刊	震かん	震憾	震撼	新缶	新館	新歓	神観	信管	宸翰	心肝	心間	神官	神感	神竿	神鑑	神鑒	親翰	親韓	身幹	辛鹹	鍼管	新患
しんが	真我	真画
しんがい	侵害	震駭	辛亥	身外
しんがく	進学	神学	心学	唇顎	新学
しんがくせい	進学生	神学生
しんがくふりわけ	進学振りわけ	進学振り分け	進学振分け
しんがた	新型	新形
しんがたうつびょう	新型鬱病	新型うつ病
しんがっ	神学	心学
しんがん	心願	心眼	真がん	真贋
しんき	振起	辛気	新奇	辛き	心機	宸記	心悸	心気	慎機	新期	新禧	真気	神姫	神機	神気	神起	蜃気
しんきゅう	新旧	進級	鍼灸	針灸	寝宮	審究	審級	新球	しん灸	真球
しんきょ	新居	信拠	信據
しんきょう	心境	信教	振恐	新響	神鏡	進境	神橋	新教	新京
しんきょく	新曲	神曲	新局
しんきり	心切り	芯切り
しんきん	信金	心筋	伸筋	宸襟	真菌	辛勤	親近
しんきんしょう	心筋症	真菌症
しんぎ	審議	真偽	心木	芯木	心技	信偽	信僞	信義	信誼	新義	深義	清規	神技	神義	真義
しんぎょう	心経	心行	信行
しんく	辛苦	真紅	深紅
しんくい	心食	心食い
しんぐ	寝具	臣愚
しんぐう	新寓	新宮
しんぐん	進軍	神軍	新軍	親軍
しんけい	神経	神經	唇形	慎刑	振計	晨鶏	眞景	真景
しんけいか	神経科	唇形科
しんけいしょう	神経症	神経鞘
しんけつ	審決	心血
しんけん	進献	真剣	真けん	真券	新券	神剣	神権	神硯	親権	親眷	進見
しんげき	進撃	新劇
しんげつ	心月	新月
しんげん	進言	森厳	新現	信言	心原	神言	箴言	震源
しんこ	新子	新粉	新故	新香	真個	神狐	糝粉	新古
しんこう	新興	振興	進行	進攻	信仰	侵冦	侵寇	侵攻	信こう	深考	深耕	進向	進航	進講	進貢	深厚	針広	親交	新口	新港	新稿	新鉱	新香	深交	深更	深高	神効	神幸	神行	親好	身光	進寇
しんこく	申告	親告	神国	新穀	新国
しんこくてつづき	申告手続	申告手続き
しんこん	新婚	心魂	神婚	神魂	身根	身魂	心根
しんご	新語	神語	身後
しんごう	信号	神号	賑給	身業	しん号
しんごうき	信号機	信号器	信号旗
しんごん	眞言	真言
しんさ	審査	診査
しんさい	震災	親祭	親裁	新採	神妻	神祭
しんさく	振作	真作	神鑿	新作
しんさつ	診察	新札	審察	神札	しん察
しんさん	心算	神算	辛酸	新産
しんざい	心材	浸剤	深在	芯材
しんざん	新山	新参	晋山	深山
しんし	新市	慎思	浸漬	神誌	唇歯	心思	振子	新詩	晋祠	神使	神祠	臣子	親試	進士	進止	伸子	紳士	新紙	親子	新史
しんしき	新式	心識	神式	身識
しんしつ	寝室	心室	身質
しんしゃ	深謝	親炙	新車	辰砂	新社
しんしゃく	斟酌	新釈	しん酌
しんしゅ	新酒	眞趣	真趣	進取	新主	新種	神酒
しんしゅう	神習	新修	新収	新脩	侵襲	慎終	新宗	新秋	新集	深秋	深讐	神州	進襲
しんしゅく	伸縮	振粛	参宿	辰宿
しんしゅつ	進出	侵出	浸出	滲出	新出	神出
しんしゅつえき	浸出液	滲出液
しんしょ	新書	親書	信書	心緒	探処	深所	清初	神書	臣庶	親署
しんしょう	辛勝	震慴	心象	新唱	信証	神将	心証	信賞	心傷	心障	新梢	新省	真症	真象	紳商	親称	身傷	身障	針小	身上	新章
しんしょく	侵蝕	侵食	浸蝕	浸食	新植	寝食	新色	神職	神色
しんしん	心身	身心	身神	新進	心神	伸身	心々	心心	深身	真信	真真	真神	神身	臣心	親親
しんじ	臣事	神事	心字	心耳	真事	真字	神璽	神示	芯地	信士	新字	心磁	心事	心地
しんじつ	「真」実	真実	親昵	信実
しんじゃ	信者	神蛇
しんじゃが	新ジャガ	新じゃが
しんじゅ	信受	親授	心受	新樹	神儒	神呪	神授	身受	新受	真珠
しんじゅう	臣従	心中	神獣	深重
しんじゅつ	申述	心術	賑恤	針術	鍼術
しんじゅん	侵潤	信順	浸潤
しんじょ	寝所	心所	新序	真薯	神助	神女	しん薯
しんじょう	新嘗	進上	身上	心情	信条	信條	眞情	真情	針状
しんじん	新人	信心	審尋	審訊	深甚	心腎	真身	神人	臣人	真人
しんすい	心酔	浸水	進水	親水	心水	深邃	薪水
しんずい	真髄	神髄	心遂	心髄
しんせい	新生	申請	新星	神聖	神聖	真誠	心性	新声	新聲	深成	真性	神政	神精	親征	親政	身世	神性	真正	新制	新政	新姓	新製
しんせいじ	新生児	申請時
しんせいとりけし	申請取り消し	申請取消
しんせき	浸せき	親せき	親戚	真跡	真蹟	神跡	臣籍
しんせつ	新設	親切	深切	新説	新雪	真説	臣節	深雪
しんせん	伸線	新線	新撰	新選	新船	心尖	振せん	振戦	振顫	新銭	深浅	真撰	神仙	神賤	神遷	神饌	芯線	鍼尖	震顫	心線	神戦
しんぜん	浸染	浸漸	親善	進前	神前
しんそ	親疎	親ソ	信組	心礎	新訴	神祖
しんそう	深層	真相	新装	眞相	寝装	心喪	新相	新粧	深窓	真槍	真草	神想	神草	神葬	身装	進相
しんそこ	心底	真ん底	真底
しんそば	新そば	新蕎麦
しんそん	神孫	新村
しんぞう	新造	心臓	神像	心ぞう	心像	新像	新増	真像
しんぞうかいちく	新・増改築	新増改築
しんぞうせつ	新・増設	新増設
しんぞく	親族	親属	真俗	神族
しんたい	進退	身体	心体	真諦	神体	新体
しんたいうかがい	進退伺	進退伺い
しんたいしょうがいしゃ	身体障害者	身体障がい者
しんたいしょうがいしゃてちょう	身体障害者手帳	身体障がい者手帳	身体障碍者手帳
しんたいせい	新体制	身体性	新態勢
しんたく	信託	信托	新宅	森沢	神託
しんたつ	深達	申達	進達
しんたん	浸炭	滲炭	心胆	深潭	薪炭
しんだい	寝台	清代	秦代	新台	身代
しんだん	診断	神壇
しんち	信知	真値	神地	神智	神治	神知	新地
しんちゅう	心中	進駐	真ちゅう	真鍮	新注	新鋳	親中	身中	辛丑	新中
しんちょ	新著	心緒
しんちょう	伸長	伸暢	伸張	振張	新調	身長	慎重	新潮	申牒	しん長
しんちょく	進ちょく	進捗
しんてい	進呈	新帝	新艇	新訂	新邸	真諦	神梯	進程	心底
しんてん	進展	伸展	神典	親展	震天
しんでん	神殿	寝殿	心電	櫬殿	親電	震電	新田	神田
しんでんづくり	寝殿造	寝殿造り
しんと	新都	親睹	親覩	信徒	新渡	神徒	神都
しんとう	新党	振とう	振盪	振蕩	浸透	滲透	震とう	震盪	震蘯	神道	心頭	神灯	唇頭	新刀	真刀	神統	親統	神燈	親等
しんとく	振徳	神徳
しんど	深度	進度	震度	伸度	心土	身土	針度
しんどう	振動	進動	神童	伸銅	臣道	新道	震動	しん動
しんどく	身読	慎独	新読	真読	親独
しんない	新内	心内	身内
しんなん	浸軟	信南
しんにち	親日	新日
しんにゅう	新入	進入	侵入	浸入	之繞
しんにゅうがく	進・入学	進入学	新入学
しんにゅうとう	進入灯	侵入盗
しんにょ	信女	真如
しんにょう	之繞	辶
しんにん	信任	新任	信認	親任
しんねん	新年	信念
しんのう	進納	親王	心嚢	心囊	心王	新皇	神王	神能
しんば	新葉	新馬
しんばしら	心柱	真柱
しんばつ	侵伐	神罰
しんばん	新晩	新盤	新版
しんぱ	侵破	新派
しんぱい	心配	心ぱい	親拝	進拝	心肺	神牌	神拝
しんぱく	心拍	秦伯
しんぱつ	進発	深発
しんぱん	侵犯	親藩	新板	信販	神判	審判	新版	しん判
しんぴ	神秘	真皮	真否
しんぴつ	真筆	侵逼	宸筆	親筆
しんぴょう	信ぴょう	信憑
しんぴょうせい	信ぴょう性	信憑性
しんぴん	新品	神品
しんぶき	新吹	新吹き
しんぶつ	神仏	心仏	新物	眞物	真物	神物
しんぶんや	新分野	新聞屋
しんぷ	新譜	神父	新婦	新付	新府	新附	針布	親父
しんぷう	真風	新風
しんぷく	信伏	信服	心服	臣服	振幅	心腹	真福	震幅
しんぺい	神兵	新兵	親兵
しんぺん	身辺	神変	新編
しんぼう	辛抱	辛棒	信望	唇亡	心房	深謀	真棒	神謀	芯棒	心棒
しんぼく	親睦	親ぼく	神木
しんぽ	進歩	進步	新補
しんぽう	新法	信奉	新報	心法	申報	神宝	神法
しんまい	新米	神米
しんまつ	清末	秦末
しんみ	新味	真味
しんみん	新民	臣民	親明
しんめ	新芽	芯芽	神馬
しんめい	神明	晨明	申命	神名	神命	身命
しんもう	新網	針毛
しんもん	審問	神問	神文	神紋	神門
しんや	深夜	新家
しんやきんむわりまし	深夜勤務割り増し	深夜勤務割増
しんやく	新約	新薬	新訳	神役	神薬	新役
しんやわりまし	深夜割り増し	深夜割増
しんゆ	神諭	親油
しんゆう	親友	心友	新友	深憂	申酉	真勇	神佑	神祐	神遊	辛酉
しんよう	信用	針葉	新陽	神謡	親用
しんらい	信頼	新来
しんらつ	辛らつ	辛辣
しんらん	親覧	進覧
しんり	審理	心理	神理	心裏	心裡	真理
しんりつ	新律	秦律
しんりゃく	侵略	侵掠
しんりゅう	新柳	浸硫	深流	神竜
しんりょ	審慮	心慮	深慮	神慮
しんりょう	診療	心療	新涼	新領	津梁	神領	鍼療
しんりょく	深緑	身力	心力	新緑
しんりん	森林	親臨
しんるい	進塁	親類	神類
しんるいがき	親類書	親類書き
しんるいづきあい	親類付き合い	親類付きあい	親類付合い	親類づきあい
しんれい	振励	振勵	神霊	心霊	神靈	振鈴	新令	新例	浸礼	真霊	神鈴	臣礼
しんろ	進路	清露	親盧	親露	針路
しんろう	滲漏	辛労	新郎	心労	身廊
しんろん	新論	神論
しんわ	親和	神話	心話	新話
しんわら	新わら	新藁
じ	字	時	辞	自	辭	璽	慈	痔	地	耳	柱	持	乳	子
じあい	試合	自愛	仕合	地合い	地合	慈愛	自哀
じあじ	地あじ	地鯵
じあん	事案	思案
じい	爺	自慰	爺い	爺ィ	爺イ	侍医	辞意	事彙	字彙	次位	示威	自衣	辞彙	祖父	強い
じいき	寺域	磁域
じいそ	地いそ	地磯
じいん	寺院	字韻	璽印	自院
じう	慈烏	慈雨
じうた	地唄	地歌
じうたい	地謡	地謡い
じうん	寺運	時運
じえ	智慧	知え	知慧	智恵
じえい	自衛	自営	自詠	侍衛
じえいかん	自衛官	自衛艦
じえき	時疫	自益
じお	塩	汐	潮
じおし	地押	地押し
じおり	地織	地織り
じおん	字音	慈恩	紫苑
じか	耳下	磁化	自家	直	時価	自歌	自火	時下	鹿
じかい	次回	自壊	自戒	字解	持戒	示怪	示恠	耳介	自界	磁界	次会
じかく	自覚	自覺	字画	地格	寺格	時角	痔核	耳殻	近く
じかけ	仕掛	仕かけ	仕懸	仕掛け
じかたび	地下たび	地下タビ	地下足袋
じかに	直煮	じか煮
じかばき	直ばき	直履き	直穿き
じかび	直火	じか火
じかまき	直播	直まき	直播き
じかん	時間	次官	自艦	字間	寺官	寺観	時艱	次巻	耳管	自汗	自館	辞官
じかんきゅう	時間給	時間休
じかんたんいゆうきゅう	時間単位有休	時間単位有給
じかんつぶし	時間潰し	時間つぶし
じかんどおり	時間通り	時間どおり
じかんゆうきゅう	時間有休	時間有給
じかんわり	時間割	時間割り
じが	自画	自畫	自我	似我
じがい	自害	地貝
じがく	自学	寺額
じがみ	地紙	地髪
じき	時期	時季	自記	次期	時機	自棄	磁器	恃気	瓷器	磁気	自機	直	敷き	敷
じきしてい	時期指定	時季指定
じきじき	直々	直き直き	直直
じきとつ	直綴	直裰
じきまき	直まき	直播き
じきゅう	自給	持久	地給	自救	時給
じきょう	自供	持経	自強	自彊
じきょく	時局	磁極	自局
じきり	仕切り	仕切
じきりょう	直領	磁気量
じきろう	喰籠	食籠
じぎ	辞儀	辞宜	字義	児戯	兒戯	時宜
じぎょう	事業	次行	字行	地形
じぎょうか	事業化	事業課	事業家
じく	軸	字句	磁区
じくあし	軸足	軸脚
じくうけ	軸受	軸受け	軸承	軸承け
じくしん	軸芯	軸針
じぐも	地ぐも	地蜘蛛
じぐろ	地黒	自黒
じけい	自警	慈恵	次兄	字径	持敬	自剄	自形	自敬	字形
じけつ	自決	次頁
じけん	事件	自県	自験
じげ	地毛	自毛	地下
じげつしめび	次月締め日	次月締日
じげん	次元	示現	字源	慈眼	時言	時限
じこ	事故	自己	自こ	似虎
じこう	事項	次項	時効	自工	侍講	字高	慈光	慈孝	時候	時好	耳喉	耳孔	耳腔	自校	自航	自行	自公
じこく	自国	時刻	時こく	自國	二黒	自刻
じこけっさい	自己決済	自己決裁
じこみ	仕込み	仕こみ
じこん	耳根	自今	自根
じご	耳語	事後	地居	持碁	爾後
じごう	自業	次号	寺号
じごく	地獄	地ごく
じごしらえ	地ごしらえ	地拵え
じさ	時差	萵苣
じさい	自裁	侍祭	次妻
じさく	次作	自作
じさげ	字下げ	地下げ
じさん	持参	自讃	自讚	自賛
じざ	侍坐	侍座
じし	自死	獅子	自脂	次姉	侍史	地子	寺使	寺址	次子	次指	自恣	師子
じしつ	自失	自室	次室	痔疾	耳疾	地質
じしゃ	寺社	侍者	寺舎	自車	轜車	児者	自社
じしゃく	磁石	字釈	自釈
じしゅ	自守	自首	自主	寺主	字種	事主	地種
じしゅう	自修	自習	次週	時習	自宗	時衆
じしょ	自書	自署	辞書	地所	次書	自所	字書
じしょう	自称	自傷	自稱	自証	次章	事象	慈笑	時称	時鐘	自消	自照	自笑	自性
じしょく	辞職	自殖	自食	辞色
じしん	地震	自身	自信	自しん	地しん	侍臣	持針	時針	磁針	自唇	自心
じじ	時時	爺	自恃	時事	事々	次時	自自	事事	時々	祖父
じじい	爺い	爺
じじすぎ	爺スギ	爺杉	翁スギ
じじつ	事実	事實	時日
じじゅう	侍従	慈充	自重
じじゅん	滋潤	耳順
じじょ	二女	自叙	次女	自助	侍女	児女	次序	爾汝	自序
じじょう	事情	治定	自乗	自浄	次条	自縄	自醸	磁場	二乗
じじん	自刃	自尽	自陣	時人
じすい	自炊	慈水
じすう	次数	時数	字数
じすべり	地すべり	地滑り
じせい	自生	自制	自省	自製	時世	時勢	磁性	時政	辞世	辭世	治世	時制
じせき	自責	次席	自席	事績	事跡	事蹟	字跡	耳石	寺跡
じせつ	次節	時節	自説	持節	持説	自設
じせつがら	時節柄	時節がら
じせん	自撰	自薦	自選	次戦	磁選	自専	自船
じぜん	事前	次善	慈善
じそ	自訴	志そ	紫蘇
じそう	自走	寺僧	事相	侍僧	侍曹	自創	自操	自相	自装	時相	児相	次走
じそく	自足	時速	時そく	磁束
じそん	自存	自尊	児孫	自損
じぞう	自蔵	地蔵	似像
じた	自他	舌
じたい	辞退	字体	自体	事態	事体	自隊
じたく	自宅	仕度	支度
じたて	仕立て	仕立
じたん	時短	事端
じだい	時代	地代	次代	自大	事大
じだいもの	時代物	時代もの
じだん	示談	寺檀	次弾
じだんだ	地団太	地団駄
じち	質	自治	乳
じちゅう	侍中	字中	寺中	次注	自注	自註
じちょう	次長	持重	自嘲	自重	仕丁
じちん	自沈	地鎮
じっか	実家	実科
じっかん	十干	實感	実艦	実館	実感
じっき	実機	実記
じっきょう	実況	実境	実教	實境
じっけい	実刑	実兄	実景
じっけん	実験	実検	実見	実権
じっこう	実効	実行	實効
じっこん	入魂	昵懇	実根
じっさい	実際	実さい
じっし	実施	実子	実姉	実視
じっしゃ	実写	実射	実車	実者
じっしゅう	実習	実修	実収
じっしょう	実証	實證	実正
じっせき	実績	実積	実蹟	実跡
じっせつ	十刹	実説
じっせん	実践	実せん	實践	実線	実戦	実船
じっせんがた	実践型	実戦型
じっそう	実装	実相
じったい	実体	實體	実態	集諦
じっちゃく	實着	実着
じってい	実定	実弟
じっとく	十徳	実徳	實徳
じっぴ	実費	実否
じっぷ	実否	実父
じっぽう	十方	実包	実砲
じついん	実印	実員
じつがく	実学	実額
じつき	地付	地付き	地つき	地搗き	地突き
じつぎ	実技	実義
じつぎょうか	実業家	実業科
じつげん	実現	実げん
じつご	実語	實語
じつじ	実事	実字	実辞
じつじつ	実々	実実
じつじょう	実情	実状	実成
じつづき	地続き	地つづき	地續
じつどう	実働	実動
じつねん	実年	実念
じつぼ	地坪	実母
じつり	実利	実理
じつろく	実録	實錄
じづめ	地爪	自爪	字詰め
じづら	字面	字づら
じてい	次弟	自邸
じてん	自転	自てん	時点	事典	次点	辞典	辭典	字典	治天	自店
じでん	自伝	寺伝
じとう	時祷	時禱	自答	児頭	字統	寺塔	寺搭	地頭	自党
じとく	自得	自涜	自瀆
じとっこ	地頭鳥	地頭鶏
じどう	自動	児童	自どう	自働	兒童	侍童	寺堂	示導	耳道
じどうか	自動化	自働化
じどうき	自動機	児童期
じどうしわけ	自動仕訳け	自動仕訳
じどうひきおとし	自動引き落とし	自動引落	自動引落し	自動引落とし
じどく	侍読	自独	自読
じどり	地鳥	地鶏	地どり	地取り	自撮り
じない	寺内	地内
じならし	地ならし	地均し
じなん	二男	次男
じに	死	死に
じにん	辞任	自任	自認
じぬし	地主	痔主
じねずみ	地ねずみ	地鼠
じのし	地のし	地伸し
じは	自派	磁波
じはい	字牌	自排
じはだ	地肌	地膚
じはん	事犯	自判	自藩	自販
じば	地場	磁場	地刃
じばく	自爆	地縛	自縛
じばち	地バチ	地蜂
じばれ	地ばれ	地腫れ
じばん	地盤	襦袢
じひ	自費	慈悲	侍妃
じひびき	地ひびき	地響き
じひょう	辞表	時評	次表	耳標	自評
じびき	字引	字引き	地びき	地引き	地曳	地曳き	地引
じびきあみ	地引き網	地引網
じふ	自負	慈父
じふく	時服	自服	字幅
じふん	自刎	自噴	自憤
じぶつ	事物	持仏
じぶん	自分	時分	時文	次文
じへい	自閉	持平	時弊	辞柄
じへん	事変	事變	時変	次編	磁変
じほう	時報	寺宝	次ほう	次鋒
じぼ	字母	慈母
じぼう	自暴	寺房	自坊	自房
じま	島	嶋	縞
じまい	地舞	地米	仕舞い	仕舞	終い
じまき	地巻	地巻き	地蒔	地蒔き
じまゆ	地眉	自眉
じまわり	地まわり	地回り	地廻り
じまん	自慢	自満
じみ	滋味	染み
じむ	事務	寺務	時務
じむてつづき	事務手続	事務手続き
じめ	締	締め
じめん	地面	字面
じもく	耳目	除目
じもと	地元	地もと	地許
じもん	自問	地紋	次問	自門
じゃ	邪	蛇
じゃあく	邪悪	じゃ悪
じゃいん	邪婬	邪淫
じゃかご	蛇かご	蛇籠
じゃがいも	ジャガ芋	ジヤガ芋	じゃが芋
じゃき	邪鬼	邪気
じゃく	寂	弱	尺
じゃくし	弱視	弱志	杓子
じゃくしょう	弱小	弱将
じゃくちゅうこうねん	若・中高年	若中高年
じゃくちゅうねん	若・中年	若中年
じゃくねん	若年	弱年
じゃくはい	弱輩	若輩
じゃくれい	弱冷	弱齢	若齢
じゃぐち	蛇口	じゃ口
じゃこ	雑魚	硨磲
じゃこごはん	ジャコご飯	じゃこご飯	じゃこ御飯
じゃしん	蛇身	邪心	邪神	写真	寫眞
じゃじゃうま	ジャジャ馬	じゃじゃ馬
じゃち	邪智	邪知
じゃっかん	若干	弱かん	弱冠
じゃっき	惹起	弱起
じゃっこう	寂光	弱行
じゃまもの	邪魔もの	邪魔物
じゃり	砂利	闍梨	闍黎
じゃりみち	砂利道	じゃり道
じゃわん	茶わん	茶椀
じやく	字訳	持薬
じゅ	頌	綬	儒	需	呪	受	授	寿	珠
じゅい	儒医	受遺	呪医	樹医
じゅいん	儒員	樹陰
じゅう	重	住	銃	従
じゅうい	戎衣	重位	重囲	獣医
じゅういん	充員	十因	拾因
じゅうえき	汁液	獣疫
じゅうえん	獣苑	重縁
じゅうおう	獣王	縦横
じゅうか	柔化	銃火	住家	従価	重科
じゅうかき	銃火器	重火器
じゅうかく	獣角	縦隔	重廓	銃格
じゅうかん	縦貫	重刊	住管	獣姦	縦管	縦観	重患	重感	重環
じゅうがん	銃丸	銃眼
じゅうき	重機	銃器	什器	住基	汁器	じゅう器
じゅうきょ	住居	縦距
じゅうきん	重筋	重金
じゅうぎょういんもちかぶかい	従業員持ち株会	従業員持株会
じゅうぎょういんもちかぶせいど	従業員持ち株制度	従業員持株制度
じゅうく	住区	重苦
じゅうけい	従兄	縦径	重刑	銃刑	重軽
じゅうけつ	充血	住血
じゅうけん	重圏	銃剣
じゅうげき	銃撃	重激
じゅうこう	重厚	銃口	住工	獣行	重工	重光
じゅうこん	重婚	重根
じゅうご	銃後	獣語	獸語
じゅうさつ	重刷	銃殺	重殺
じゅうし	重視	従士	従姉	獣脂	銃士
じゅうしゅ	獣首	重種	銃手
じゅうしょう	重傷	重症	住商	重商	重賞	銃傷	銃床	重唱
じゅうしょく	住職	重職
じゅうしん	重心	充進	重臣	住心	従心	従臣	獣心	獣神	獣身	縦深	重申	重身	銃身	じゅう身
じゅうじ	十字	従事	從事	住寺	住持
じゅうじゅん	従順	從順	柔順	重巡
じゅうじん	従陣	獣人	縦陣	銃陣
じゅうすい	重水	重錘
じゅうせい	銃声	獣性	重星	鞣製	柔整
じゅうせき	重積	重責
じゅうせん	柔専	縱線	縦線
じゅうぜん	十全	十善	充全	従前
じゅうそう	縦走	戎装	重装	重層	住僧	従僧	銃創	重曹	重奏	重そう
じゅうそく	充塞	充足	縦束
じゅうたい	渋滞	重体	重態	縦隊	重袋	銃隊	獣帯
じゅうたく	住宅	住たく
じゅうたん	絨たん	絨毯	絨緞
じゅうたんさんそーだ	重炭酸ソーダ	重炭酸曹達
じゅうだん	縦断	銃弾
じゅうち	従地	住地
じゅうづめ	重詰	重詰め
じゅうてい	重訂	従弟
じゅうてき	獣的	戎翟
じゅうてん	重点	充てん	充塡	充填	充添
じゅうてんざい	充填材	充てん剤	充填剤
じゅうでん	充電	重電
じゅうでんき	充電機	充電器	重電機
じゅうとう	充当	銃刀	住棟	充棟	獣頭	銃塔	重盗
じゅうど	重度	重土
じゅうにく	柔肉	獣肉
じゅうにん	重任	住人
じゅうのう	十能	重農
じゅうはん	重版	住販	従犯	縦帆	重判	重犯
じゅうはんざい	重犯罪	銃犯罪
じゅうひ	獣皮	獸皮
じゅうび	柔媚	銃尾
じゅうへい	従兵	銃兵
じゅうべん	重弁	十便
じゅうほう	銃砲	什宝	重砲	重宝
じゅうめん	渋面	獣綿	獣面
じゅうもう	柔毛	獣毛	絨毛
じゅうもうがん	絨毛がん	絨毛ガン	絨毛癌
じゅうやく	重訳	十薬	重役
じゅうよう	充用	重用	蓯蓉
じゅうよく	獣慾	獣欲	縦翼
じゅうらい	従来	重来
じゅうらん	縦覧	縦欄
じゅうりょう	重量	従量	汁量	銃猟	十両
じゅうりょうせい	重量制	従量制
じゅうりょく	重力	獣力
じゅうりん	蹂躙	蹂躪
じゅうれつ	縦列	縦裂	重列
じゅうれん	重斂	重連
じゅえき	受益	受液	樹液
じゅえきけん	受益圏	受益権
じゅえん	樹園	受援	寿延
じゅか	樹下	儒家	珠華
じゅかい	受戒	授戒	樹海
じゅかん	儒官	受感	呪環	樹冠	樹幹	樹間
じゅがく	儒学	受学
じゅき	受寄	授記
じゅきゅう	受給	需給
じゅきょう	儒教	儒経	呪経	誦経
じゅぎょう	授業	受業	儒業	じゅ業
じゅく	塾	受苦	孰	熟	宿
じゅくし	熟思	熟視	熟柿
じゅくせい	熟成	塾生
じゅくせん	塾先	熟饌
じゅくち	熟知	熟地
じゅけい	受刑	受継	樹型	樹形	綬鶏
じゅけん	受験	受検	授権
じゅけんしゃ	受験者	受検者
じゅこう	受講	受行	儒行	受光	受甲	寿紅	樹高
じゅごん	儒艮	呪禁
じゅし	樹脂	樹姿	儒子	呪師	呪詞	孺子	樹枝	豎子
じゅしゃ	儒者	呪者
じゅしょう	受賞	授賞	樹梢	受章	綬章	受傷	受照	受障	授章	樹檣	綬衝
じゅしょく	受職	樹色
じゅしん	受信	受診	受審	儒臣	受神
じゅしんき	受信機	受信器
じゅしんしゃ	受信者	受診者
じゅしんりょう	受信料	受診料
じゅじゅ	受授	授受
じゅじゅつ	呪術	授術
じゅじょう	呪杖	樹上	樹状
じゅすい	入水	受水
じゅず	数珠	珠数
じゅずだま	数珠玉	数珠球
じゅずつなぎ	数珠つなぎ	数珠繋ぎ
じゅせい	受精	授姓	授精	樹勢	儒生
じゅそ	受訴	呪咀	呪詛
じゅそう	樹叢	樹想
じゅぞう	受像	受贈	寿像	寿蔵
じゅたい	受胎	樹体
じゅちゅう	受注	受註
じゅっさく	述作	術策
じゅつご	術後	術語	述語	じゅつ語
じゅつし	洫志	術師	術士
じゅつそう	術層	術創
じゅつぶ	朮附	述部	術部
じゅでん	受電	受田
じゅどう	儒道	受働	受動
じゅにん	受任	受忍	受認
じゅばく	呪縛	樹爆	じゅ縛
じゅひょう	呪標	樹氷
じゅふ	呪布	呪符
じゅぶつ	儒仏	呪物
じゅほう	受法	呪法	授法
じゅみょう	寿命	じゅ命
じゅめい	受命	樹名
じゅもく	樹木	じゅ木
じゅもん	呪文	誦文
じゅよ	授与	授與
じゅよう	受容	受用	需要	樹葉	樹容	需用
じゅらい	受雷	入来
じゅらく	聚落	入洛	聚楽
じゅりゅう	儒流	受隆
じゅりょう	受領	受療	寿量
じゅりん	儒林	壽林	寿林	樹林
じゅれい	樹れい	樹齢	儒礼	受令	受礼	樹霊
じゅん	順	旬
じゅんあい	純愛	殉愛
じゅんい	順位	准尉	準位	順夷	鶉衣
じゅんえき	純益	潤液
じゅんえん	巡演	順延	順縁
じゅんか	醇化	順化	馴化	純化
じゅんかい	巡回	巡廻	順快
じゅんかつ	潤滑	潤渇
じゅんかん	循環	旬間	准看	旬刊
じゅんかんごし	准看護士	准看護師
じゅんきょう	殉教	順境	順況
じゅんぐり	順ぐり	順繰り
じゅんけい	巡啓	純系	純計	鶉鶏
じゅんけっしょう	準結晶	準決勝
じゅんけつ	純潔	純血
じゅんけん	巡検	巡見	純絹
じゅんげつ	旬月	閏月
じゅんこう	巡行	巡幸	巡航	循行	準行	遵行	順向	順行	徇行	準高	順光
じゅんこく	殉国	準刻
じゅんさい	蓴菜	じゅん菜
じゅんし	巡視	殉死
じゅんしゅ	巡狩	循守	遵守	順守
じゅんしょう	准将	順承	順正
じゅんしょく	殉職	潤色	純色
じゅんしん	純真	純信	純心	淳心
じゅんじょ	順序	順じょ
じゅんじょう	純情	殉情	準縄
じゅんせい	純正	醇正	準星	準正
じゅんせつ	順接	殉節
じゅんせん	巡潜	準線
じゅんたく	潤沢	潤澤
じゅんちょう	潤腸	順潮
じゅんてん	順天	順転
じゅんぬき	順抜	順抜き
じゅんばん	順番	じゅん番
じゅんび	準備	純美	醇美	洵美
じゅんぶ	巡撫	順峯	順峰
じゅんぶん	潤文	純分
じゅんぷう	順風	淳風	醇風
じゅんぼく	純朴	淳朴	醇朴
じゅんぽう	遵奉	順法	遵法	旬報
じゅんまき	順巻	順巻き
じゅんゆう	巡遊	遵由
じゅんよう	準用	隼鷹	巡洋
じゅんり	純利	純理
じゅんりょう	淳良	純良	順良	純量
じゅんれい	巡礼	巡禮	順礼
じゆう	自由	事由	自遊	じ由
じゆうか	自由化	自由科
じょ	序	敍	恕	叙
じょい	女医	叙位
じょいん	女陰	女淫	助員
じょう	嫋	粥	情	嬢	允	尉	錠	上	掾	乗	畳	疊	帖	判官	常	成	定	条	丈
じょうあい	情合	情合い	情愛
じょうい	上位	譲位	情意	攘夷	常委	上意
じょういき	城域	浄域
じょういん	常飲	上院	乗員	冗員	剰員	畳韻
じょういんとうがん	上咽頭がん	上咽頭ガン	上咽頭癌
じょううち	常打	常打ち
じょうえん	上演	上縁	城垣	場堰	情炎	情縁
じょうおう	上甕	譲王	女王
じょうおん	常温	畳音
じょうか	城下	上下	浄化	上窩	常火	情歌	情火	浄火	じょう化
じょうかい	常会	常會	情懐	情懷	条解	浄戒	蒸解	上回	上界	情開	上階
じょうかく	城郭	城廓	娘核	嬢核	成覚
じょうかりゅう	上下流	上・下流
じょうかん	乗艦	上官	上巻	情感	上浣	上澣	上燗	冗官	城関	城館	常乾	常関	条管
じょうがい	城外	攘外	場外
じょうがく	帖学	上顎	定額	上学
じょうがくどうがん	上顎洞がん	上顎洞ガン	上顎洞癌
じょうき	上記	上気	蒸気	蒸汽	乗機	常軌	情鬼	承気	条規	条鰭	條規	浄几	浄机	じょう気
じょうきゃく	乗客	上客	常客
じょうきゅうしゃ	上級車	上級者
じょうきょ	城居	譲許
じょうきょう	状況	情況	状况	上京	場況	常況	戎羌
じょうぎ	定規	情偽	情宜	情義	情誼
じょうぎざ	定規座	じょうぎ座
じょうく	冗句	盛苦
じょうけい	情景	上卿	上掲	上揭	上計	場景	情形	杖刑	状景	常経
じょうけん	条件	條件
じょうけんつき	条件附	条件附き	条件付	条件付き
じょうけんつきさいよう	条件付き採用	条件付採用	条件附採用	条件附き採用
じょうげ	上下	上・下
じょうげん	上限	上弦	状元
じょうこ	上古	城狐
じょうこう	乗降	上向	条項	條項	条鋼	上厚	上皇	上行	城隍	常項	情交	条溝	畳工	醸酵
じょうこうすい	上、工水	上工水
じょうこく	上告	上刻
じょうこん	条痕	上根
じょうご	冗語	剰語	常語	畳語	上戸	漏斗
じょうごう	常恒	城濠	定業	浄業
じょうさい	城西	城さい	城塞	城砦	定斎	攘災	茸彩	蒸菜
じょうさく	上策	城柵	常策	上作
じょうさし	状差	状差し
じょうさつ	上冊	蒸殺
じょうざ	定座	上座
じょうざい	錠剤	常在	浄罪	浄財
じょうし	上司	上梓	情死	上巳	上使	上士	上師	上死	上肢	城址	城趾	娘子	情思	城市	上市
じょうしき	常識	上式	常式	定式
じょうしつ	上質	上室
じょうしゃ	乗車	浄写	上斜	盛者
じょうしゅ	上首	城主	定衆	情趣	醸酒
じょうしゅう	常襲	常習	場周
じょうしょ	浄書	上書	情処	情緒
じょうしょう	上昇	常勝	上声	上将	上焦	上生	丞相	城将	定姓	条章	條章
じょうしょく	常食	常職	常色
じょうしん	上申	成身	浄信	浄身	淨信
じょうじ	情事	常侍	畳字	常事	常時
じょうじつ	情実	成実
じょうじゅ	成就	定聚
じょうじゅう	常住	常什
じょうじゅつ	上述	杖術
じょうじょう	上場	上乗	嫋嫋	情状	条々	条条
じょうじん	常人	情人
じょうすい	浄水	上水	常水	じょう水
じょうすいき	浄水機	浄水器
じょうすいじょう	浄水場	浄水錠
じょうすう	乗数	条数	畳数	常数
じょうず	上図	上圖
じょうせい	情勢	醸成	醸生	状勢	上声	上星	上製	情性	城西	上世
じょうせき	上席	定石	定跡	定席	城跡
じょうせつ	上接	常設	蒸泄
じょうせん	乗船	上船	上煎	条線
じょうぜつ	饒舌	冗舌	じょう舌
じょうぜん	上善	定善
じょうそ	上疏	上訴
じょうそう	上奏	上層	情操	上槽	常装	条桑
じょうぞく	上蔟	常続
じょうたい	状態	狀態	上体	常態	上腿	常体	情態
じょうだい	城代	上代
じょうだん	上段	常談	冗談	戯談	饒談	じょう談
じょうち	常置	上智	上地	上知	城池	壌地	壤地	情痴	情知	城地
じょうちゅう	常駐	常昼	城中	常忠	条虫	絛虫	上中	静注	場中	焼酎	焼ちゅう
じょうちょ	情緒	情緖
じょうちょう	上長	情調
じょうづめ	常詰	常詰め
じょうてい	上程	上帝	上底	常棣
じょうてもの	上手もの	上手物
じょうてん	常典	上天
じょうでき	上出来	上でき
じょうと	譲渡	上途	城都
じょうとう	常とう	常套	上棟	城頭	杖刀	上等
じょうとうく	常とう句	常套句
じょうとくい	常得意	上得意
じょうとろ	上とろ	上トロ
じょうど	浄土	壌土
じょうどう	成道	常道	情動	上洞	常同	杖道
じょうない	城内	場内
じょうなん	城南	拯難
じょうにん	常任	上忍	情人
じょうねつ	情熱	蒸熱
じょうねん	常念	情念
じょうはい	常敗	上輩
じょうはく	上膊	上白
じょうはつ	蒸発	じょう発
じょうば	乗馬	上馬
じょうばらい	条払	条払い
じょうばん	上番	城番	蒸板
じょうひ	上皮	上碑	冗費
じょうひょう	上表	縄鏢
じょうび	常備	上靡
じょうふ	上府	定府	上布	情婦	城府	情夫	丈夫
じょうふく	条幅	浄福
じょうぶ	上部	丈夫
じょうぶん	条文	上聞	冗文	上文	上分
じょうへい	上兵	城兵	情弊
じょうへん	上辺	上編
じょうほ	譲歩	常歩	上歩
じょうほう	情報	上方	常法	定法	乗法
じょうほうか	情報化	情報科
じょうほうろうえい	情報漏洩	情報漏えい
じょうぼう	条坊	状貌
じょうぼく	上木	縄墨
じょうぼん	上品	常盆
じょうまわり	定廻り	定回り	定廻
じょうみ	情味	上巳
じょうみせ	定店	常店
じょうみゃく	静脈	靜脉
じょうみょう	定命	常命	浄妙
じょうむ	乗務	常務
じょうめい	城名	条名
じょうめん	正面	常免	定免	上面
じょうもん	縄文	城門	縄紋	繩文	冗文	定紋	条紋
じょうや	常夜	長夜
じょうやく	条約	條約	定約
じょうやとい	常雇	常傭	常傭い	常雇い
じょうやとう	常夜灯	常夜燈
じょうやど	定宿	常宿	上宿
じょうゆ	醤油	正油	醬油	じょう油
じょうよ	譲与	剰余	丈余
じょうよう	乗用	常傭	上用	上葉	畳用	常用
じょうよく	情慾	情欲
じょうらく	上洛	常楽	浄楽
じょうらん	上覧	擾乱	上欄	じょう乱
じょうり	条理	場裏	場裡	塲裏	定離	常理	情理	条里	譲利
じょうりゅう	上流	蒸りゆう	蒸溜	蒸留
じょうりゅうしゅ	蒸溜酒	蒸留酒
じょうるり	浄瑠璃	浄るり
じょうれい	浄霊	条例	常例	条令
じょうれん	常連	上聯	情恋
じょうろ	如雨露	女郎
じょうろう	上臈	上﨟	城楼	情郎	畳浪
じょうろく	丈六	常祿	常禄	畳六
じょうわ	蒸和	情話
じょか	女花	如果	序歌	除架
じょかい	叙階	女怪
じょかん	女官	女監	序刊	助監
じょきん	除菌	助勤
じょく	蓐	濁
じょくそう	蓐瘡	褥そう	褥創	褥瘡	じょく創
じょけい	女系	叙景
じょげん	助言	序言
じょこう	徐航	徐行	女高	女皇	除光	女工
じょさい	除災	助祭	如在	如才	定斎
じょさんし	助産士	助産師
じょざい	助剤	助材
じょし	女子	助詞	女史	助士	助師	如始	序詞	序詩
じょしこう	女子高	女子校
じょしつき	除湿機	除湿器
じょしゃく	叙爵	女爵
じょしゅう	女囚	除臭
じょしょう	序章	叙唱	除障	女将
じょしん	女唇	女神
じょじ	女児	助字	助辞	叙事	序次
じょじゅつ	叙述	抒述
じょじょ	徐々	徐徐
じょじょう	叙上	叙情	如上	抒情
じょじょうか	叙情歌	抒情歌
じょじょうし	叙情詩	抒情詩
じょじん	除じん	除塵	除燼
じょじんき	除塵機	除燼器
じょすう	序数	除数
じょすうし	助数詞	序数詞
じょせい	女性	助成	助勢	女声	女婿	徐生
じょせいし	女性史	女性誌
じょせき	除籍	除斥	除石
じょせつ	叙説	絮説	除雪	序説
じょせん	除染	女仙	女専	徐箋
じょそう	女装	助奏	助走	除草	序奏	除霜	じょ草
じょそん	女孫	女尊
じょたい	除隊	女体	所帯	世帯
じょたん	助炭	女短
じょだん	女男	序段
じょちゅう	女中	女ちゅう	除虫
じょてい	女帝	女弟
じょのくち	序ノ口	序の口
じょひ	女卑	除皮
じょふ	女婦	女巫
じょほう	叙法	徐放	除法
じょまく	序幕	除幕
じょめい	除名	助命
じょゆう	女優	女友
じょれい	除霊	徐冷
じょれん	如簾	鋤簾
じょろう	女郎	女臈
じょろん	序論	叙論
じよ	時余	爾余	自余
じよう	慈養	滋養	時様	次葉	自用
じら	自邏	自ら
じらい	地雷	自来
じらたい	自ら隊	自邏隊
じらみ	虱	蝨
じり	事理	自利	尻	臀	時利
じりき	地力	自力
じりつ	自立	侍立	自律	而立
じりつてき	自立的	自律的
じりひん	ジリ貧	じり貧
じりゅう	時流	地竜	字粒	持留	自流	自留
じりょう	寺領	示量	自領	餌料	じ料
じりん	辞林	地輪
じるこ	汁粉	じる粉
じるし	兆	印	驗	徴	標
じれい	事例	辞令	字例	持鈴	次例	自冷	自励
じろ	白	城
じろう	二郎	自労	自勞	侍郎	侍郞	痔ろう	痔瘻	耳漏
じろん	持論	時論	自論
じわ	皴	皺
じわり	地割	地割り
じん	陣	腎	尽	仞	仭	仁	神
じんあい	塵埃	仁愛
じんい	人為	人爲
じんいん	人員	壬寅
じんう	腎う	腎宇	腎盂
じんうがん	腎うがん	腎盂がん	腎うガン	腎盂ガン	腎う癌	腎盂癌
じんえん	人烟	人煙	人猿	腎炎
じんか	人荷	人家
じんかい	人傀	人界	塵灰	塵界	塵芥	人海	じん芥
じんかく	人確	人格
じんかん	人勧	人寰	人感	腎管	腎肝	人間
じんがい	陣貝	塵外	人外
じんがえ	陣替	陣替え
じんがさ	陣笠	陣がさ
じんがね	陣鉦	陣鐘
じんき	刃器	壬癸	腎気	人規	人気
じんぎ	仁義	神器	神祇	神祗
じんく	甚句	神供
じんくん	仁君	人君
じんけい	陣形	腎経	仁恵
じんけつ	人傑	人血
じんけん	人権	人件	人絹	人肩
じんこう	人口	人工	塵劫	塵却	塵垢	沈香
じんご	人後	人語	壬午
じんさい	人災	人才
じんさいぼうがん	腎細胞がん	腎細胞ガン	腎細胞癌
じんざい	人材	人財
じんし	人士	人尸	人屎	人脂
じんしょう	人証	腎症
じんしん	人心	人身	仁心	人神	人臣	壬申	壬辰	深信	深心
じんじ	人事	仁慈
じんじつ	尽日	人日
じんじゅつ	仁術	壬戌
じんじょ	仁恕	陣乗
じんじょう	陣定	晨朝
じんせい	人生	人世	仁政	塵世	腎性	腎精	靭性	靱性	人性
じんせん	人繊	仁宣	人選
じんぞう	人造	腎ぞう	腎臓	人像	じん臓
じんぞうえん	腎臓炎	じん臓炎
じんぞうがん	腎臓がん	腎臓ガン	腎臓癌
じんたい	ジン帯	人体	靭帯	靱帯	じん帯	人対
じんだ	糂汰	糂粏	糝粏
じんだい	尽大	神代	人台
じんだて	陣立	陣立て
じんち	陣地	人治	尽地	人地	人智	人知
じんちゅう	陣中	尽忠	人中
じんちょう	沈丁	人鳥
じんつう	陣痛	神通
じんてい	人定	人体
じんてん	塵添	人天
じんとう	陣頭	人痘	人頭
じんとく	人徳	仁篤	仁徳
じんとり	陣取	陣取り
じんどう	人道	仁道
じんのう	人皇	神皇
じんぱい	塵肺	じん肺
じんぴ	靭皮	靱皮
じんぶ	刃部	人部
じんぶれ	陣ぶれ	陣触	陣触れ
じんべい	甚平	壬兵衛
じんぼつ	陣歿	陣没
じんま	人魔	蕁麻
じんましん	蕁麻疹	じんま疹
じんみゃく	人・脈	人脈
じんめい	人命	人名
じんもん	尋問	訊問	人文	じん問	陣門
じんよく	人慾	人欲
じんりゅう	人流	人竜	人龍
じんりょく	尽力	盡力	人力
じんろう	人狼	塵労
す	巣	醋	酢	洲	巢	鬆	馬尾	簾	素	簀	州
すあし	素足	す足
すあな	巣あな	巣穴
すい	綏	錐	水	膵	翠	粋
すいあげ	吸い上げ	吸上げ
すいい	推移	水位
すいうん	水運	衰運
すいえき	水液	膵液	すい液
すいえん	垂涎	水焔	水焰	水煙	水鉛	炊煙	膵炎
すいか	垂下	水瓜	西瓜	誰何	垂加	水火	水禍	燧火
すいかい	推開	水塊	水怪	水界
すいかく	推拡	酔客
すいかけ	吸いかけ	吸い掛け	喫いかけ
すいかずらか	忍冬科	スイカズラ科
すいかわり	スイカ割り	西瓜割り
すいかん	膵管	吹管	水乾	水干	水旱	水鑑	酔漢	水管
すいが	酔臥	水河
すいがい	水涯	水害
すいがら	吸いがら	吸い殻	吸いガラ	吸殻
すいがん	酔眼	膵がん	膵癌	酔顔
すいき	睡気	水気
すいきゅう	水球	水宮
すいきょ	吹挙	推挙
すいきょう	粋狂	酔狂	酔興	垂拱	水協	水郷
すいきん	水琴	水禽
すいぎょう	水行	翠翹
すいぎんとう	水銀灯	水銀燈
すいくち	吸い口	吸口
すいけい	水系	推計	水景
すいけん	水研	水圏
すいげん	水源	水げん	衰減
すいこ	出挙	水虎	酔虎
すいこう	遂行	推こう	推敲	推考	水光	水孔	水工	水耕	水衡	水閘	粋紅	衰耗	水溝	水行	水硬	水攻
すいこうせい	遂行性	水硬性
すいこうほう	水耕法	水攻法
すいこみ	吸込	吸い込み
すいごう	水濠	水郷
すいさい	水彩	水塞	水災	水砕
すいさん	水産	推参	推算	炊さん	炊爨	水酸
すいし	垂示	水死	出師	垂死	水屍	水師	水試
すいしつ	水質	水しつ
すいしゃ	水車	水瀉
すいしゅ	酔酒	水手	水腫
すいしょう	水晶	推奨	推称	推賞	水衝	水象	翠松
すいしょく	水蝕	水食	翠色	水色
すいしん	推進	水深	垂心	垂真	水浸
すいじ	垂示	推辞	炊事	吸い地	吸地	水字	すい事
すいじゃく	衰弱	垂跡	垂迹
すいじょう	水上	捶杖	推条	推譲	穂状	錘状	錐状
すいじょうき	水上機	水蒸気
すいじん	水神	水人	水腎	粋人	酔人
すいせい	水生	彗星	水棲	水制	水勢	水声	水成	水政	衰勢	酔声	酔生	酔醒	水性	すい星
すいせき	水石	膵石
すいせん	水仙	推薦	推せん	推選	水洗	水栓	垂線	水戦	水煎	水線	水繊	水蟾
すいせんちょう	垂線長	水線長
すいぜん	垂涎	萃然
すいそう	吹奏	水葬	水層	水藻	水そう	水槽	水草	水相
すいそく	推測	水速
すいそん	衰損	水村
すいぞう	膵臓	すい臓	すい臟
すいぞうがん	膵臓がん	膵臓ガン	膵臓癌	すい臓がん	すい臓ガン	すい臓癌
すいぞく	水族	水ぞく
すいたい	推戴	衰退	衰頽	翆黛	翠黛	膵体	酔態	錐体
すいたく	推度	水沢
すいだし	吸い出し	吸出	吸出し
すいだま	吸い玉	吸玉
すいち	推知	水智	水治
すいちゅう	水中	水柱
すいちょう	推重	垂髫	翠帳	酔蝶	水鳥
すいてい	推定	水偵	水底
すいてき	水滴	水てき	吹笛
すいてん	水天	水添
すいとう	出納	膵頭	水稲	水筒	水とう	垂刀	水痘	水頭	膵島
すいとうちょう	出納帳	出納長
すいとく	水徳	水特
すいとり	吸い取り	吸取
すいとん	水とん	水団	水遁
すいどう	隧道	水道
すいにん	推任	推認
すいのう	水嚢	水囊
すいのみ	吸い呑み	吸い飲み	吸呑	吸飲み
すいはん	垂範	炊飯	水飯	炊はん	すい飯
すいば	水馬	酸模	酸葉
すいばく	水ばく	水爆
すいばち	水鉢	垂撥
すいばん	推挽	推輓	水盤
すいひ	水樋	水肥
すいひつ	水筆	粋筆
すいび	衰微	垂尾	翠微
すいふ	水夫	帥府	炊夫	炊婦
すいふく	推服	綏服
すいぶ	綏撫	吹部
すいへい	水平	水兵
すいほう	水泡	水疱	水皰	炊烹
すいぼう	衰亡	水防
すいま	睡魔	水魔
すいまく	水幕	水膜
すいみつ	水密	水みつ	水蜜
すいめい	吹鳴	推命	水明
すいめん	水面	水めん	錐面
すいもの	吸いもの	吸い物	吸もの	吸物
すいもん	水門	水文	水紋
すいゆうえい	水\u0028遊\u0029泳	水遊泳
すいよ	睡余	酔余
すいよう	水曜	水よう	水溶	垂蛹	水妖	水用	衰容	水様
すいようえき	水溶液	水様液
すいり	推理	水狸	水理	酢入り	水利
すいりゅう	垂柳	水龍	翠柳	水流
すいりょう	推諒	推量	水龍	水量
すいりょく	水力	推力	水緑	翠緑
すいれい	水霊	水冷
すいれん	水練	垂簾	水簾	水蓮	睡蓮
すいろ	水炉	水路
すいろう	衰老	水楼
すいろん	推論	水論
すう	数	數
すういん	数引	數引
すうかげつ	数カ月	数ヶ月	数ヵ月	数箇月	数か月	数個月
すうかこく	数カ国	数ヶ国	数ヵ国	数箇国	数か国	数個国
すうかしょ	数カ所	数ヶ所	数ヵ所	数個所	数箇所	数か所
すうがく	数学	数額
すうき	枢機	趨帰	趨歸
すうけい	崇敬	雛鶏
すうこう	崇高	崇仰	数行	趨向
すうしょう	崇尚	数唱
すうじ	数字	数次	雛児
すうせい	趨勢	すう勢
すうちょう	数町	數町
すうふ	数符	枢府	樞府
すうみつ	枢密	樞密
すうりょう	数量	芻料
すえ	裔	末
すえおき	据え置き	据置	据え置	据置き	すえ置	すえ置き
すえおききかん	据え置き期間	据置期間
すえごろ	末頃	末ごろ
すえずえ	末々	末末
すえぜん	据え膳	据膳
すえつき	末つき	末付き
すえつくり	陶作	陶作り
すえつけ	据え付け	据付	据え付	据付け
すえひろ	末廣	末広
すえひろがり	末広がり	末広り
すえふろ	据えふろ	据え風呂	据風呂
すえもの	据え物	据物	陶物
すおう	蘇方	蘇枋	蘇芳	素袍	素襖
すおどり	素踊	素踊り
すかしおり	透かし織	透かし織り
すかしっぺ	透かしっぺ	透かしっ屁
すかしばこ	透かし箱	すかし箱
すかしぼり	透かし彫	透かし彫り	透し彫	透し彫り	透彫
すかぶ	酢かぶ	酢蕪	酢カブ
すががき	清掻	清掻き	清搔	菅垣
すがき	素描	簀掻き	簀搔	酢がき	酢牡蠣
すがごも	菅菰	菅薦
すがた	姿	容	相
すがたかたち	姿かたち	姿形
すがたずし	姿寿司	姿鮨
すがめ	眇	眇眼	酢瓶	酢甕
すがりつな	縋り綱	すがり綱
すがる	蜜蜂	蜾蠃
すがれおい	スガレ追ひ	すがれ追い
すき	隙	透き	主基	数寄	数奇	棃	犂	鋤
すきあぶら	梳き油	梳油
すきいれ	漉き入れ	すき入れ	すき入
すきおり	透き織	透き織り
すきかえし	漉き返し	漉返し
すきがみ	漉き紙	漉紙
すききらい	好き嫌い	好ききらい
すきぎ	透き木	透木
すきぐし	梳き櫛	梳櫛
すきげ	梳き毛	すき毛
すきこみ	漉き込み	すき込み
すきごころ	好き心	すき心
すきしゃ	好き者	数奇者	数寄者
すきずき	好き好き	好きずき
すきっぱら	空きっ腹	空っ腹	すきっ腹
すきばさみ	梳きバサミ	梳き鋏
すきま	空き間	隙間	透き間	隙き間	すき間
すきまかぜ	隙間風	すき間風	すきま風
すきまじかん	スキマ時間	隙間時間	すき間時間
すきみ	透き見	透見	隙見	剥身	すき身	すき見
すきむら	漉きむら	漉き斑
すきもの	好きモノ	好き者	好者	すき者
すきや	透綾	数奇屋	数寄屋
すきやき	すき焼き	すき焼
すきろう	透き廊	透廊
すきわた	透き渡	透渡
すぎいた	スギ板	杉板
すぎこし	過ぎ越し	過越
すぎごけ	杉ごけ	杉苔	杉蘚
すぎっぱ	スギっ葉	杉っ葉
すぎば	スギ葉	杉葉
すぎばし	杉ばし	杉箸
すぎむら	杉むら	杉叢
すぎもの	過ぎ物	過ぎ者
すぎもり	杉もり	杉盛	杉盛り
すくい	掬い	救い
すくいあみ	掬い網	すくい網
すくいうち	掬い打ち	すくい打ち
すくいかん	掬い管	すくい管
すくいつり	掬い釣り	すくい釣り
すくいなげ	掬い投げ	すくい投げ
すくいりょう	掬い漁	すくい漁
すくいわざ	掬い技	すくい技
すくみあし	竦み足	すくみ足
すくら	簀倉	簀蔵
すぐりわら	選り藁	すぐり藁
すぐれもの	優れもの	優れモノ	優れ物	優れ者	すぐれ物
すけ	佐	介	助	亮
すけっと	助っ人	助ッ人
すけばん	スケ番	すけ番
すけべえ	助べい	助兵衛	助平
すけべえこんじょう	助兵衛根性	助平根性
すげかえ	挿げ替え	すげ替え
すげがさ	菅笠	すげ笠
すこぶるつき	頗る付き	すこぶる付き
すごうで	スゴ腕	凄腕	すご腕
すごみ	凄み	凄味
すごもり	巣ごもり	巣篭もり	巣籠	巣籠もり	巣籠り
すごろく	双六	寿語呂久	寿語蘆久	寿語路久	寿語露久	寿護録	数娯録	数語呂久	すご六
すごわざ	スゴ技	凄技
すし	寿司	寿し	鮓	鮨
すしうり	寿司売り	すし売り
すしおけ	スシ桶	寿司桶	鮓桶	すし桶
すしず	寿司酢	すし酢
すしだい	寿司台	すし台
すしだね	寿司ダネ	寿司種	すし種
すしつう	寿司通	すし通
すしづめ	鮨詰	鮨詰め	すし詰め
すしてん	寿司店	すし店
すしねた	寿司ねた	寿司ネタ
すしべや	寿司部屋	すし部屋
すしまい	鮨米	すし米
すしめし	寿司飯	鮓飯	鮨飯	すし飯
すしもり	寿司盛り	すし盛り
すしや	寿司屋	鮨屋	すし屋
すじあい	筋合い	筋合
すじかい	筋かい	筋交	筋交い
すじかぶと	筋兜	筋冑
すじがき	筋書き	筋がき	筋書
すじだて	筋立	筋立て
すじちがい	筋違い	筋ちがい	筋違ひ
すじにく	すじ肉	筋肉
すじぼり	スジ彫り	筋ぼり	筋彫り
すじみち	筋道	筋みち	すじ道
すじむかい	筋向い	筋向かい	筋向かひ
すじむこう	筋向こう	筋向う
すじめ	筋目	酢じめ	酢締め	すじ目
すじょう	素姓	種姓	素生	素性
すすき	芒	薄
すすきがはら	薄が原	薄ヶ原
すすぎあらい	濯ぎ洗い	すすぎ洗い
すすぎのこし	濯ぎ残し	すすぎ残し
すすぎのこり	濯ぎ残り	すすぎ残り
すすぎみず	濯ぎ水	すすぎ水
すすぎゆ	濯ぎ湯	すすぎ湯
すすたけ	煤竹	すす竹
すすはき	煤掃き	すす掃き
すすはらい	煤払い	煤掃	すす払い
すすめ	奨め	勧め	薦め
すすめしょく	ススメ色	勧め色
すすりなき	啜り泣き	啜泣	すすり泣き	すすり哭き
すず	鈴	錫
すずいろ	錫色	すず色
すずかけ	篠懸	鈴懸	鈴掛
すずかけのき	篠懸の木	鈴掛の木
すずき	錫器	錫基	鱸
すずくれ	涼暮	涼暮れ
すずしろ	清白	蘿蔔
すずたけ	篠竹	すず竹
すずなり	鈴なり	鈴生	鈴生り
すずみ	凉み	涼み
すずみどころ	涼み所	涼所
すずむし	スズ虫	鈴虫	すず虫
すずめおどし	雀威	すずめ威し
すずめおどり	雀踊	雀踊り
すずめが	雀蛾	すずめ蛾
すずめばち	雀蜂	すずめ蜂
すずめやき	雀焼	雀焼き
すずりいわ	スズリ岩	硯岩
すずりばこ	硯箱	すずり箱
すそ	巣礎	裾
すそあげ	裾上げ	すそ上げ
すそかぜ	裾風	すそ風
すそからげ	裾からげ	裾絡げ
すそがり	裾刈	裾刈り
すそぐち	裾口	すそ口
すそしぼり	裾しぼり	裾絞り
すそせん	裾線	すそ線
すそつき	裾つき	裾付き
すその	裾野	すそ野
すそはば	裾幅	すそ幅
すそば	スソ葉	裾葉	すそ葉
すそひろがり	裾広がり	すそ広がり
すそまわし	裾まわし	裾回し	裾廻し	すそ回し
すそやま	裾山	すそ山
すそわけ	裾分け	裾分	すそ分け
すそわた	裾綿	すそ綿
すだこ	酢だこ	酢蛸	酢ダコ
すだち	酢橘	巣立ち
すだちがま	酢橘釜	すだち釜
すだちす	酢橘酢	すだち酢
すっぱ	素っ破	素破	透破
すっぱだか	スッ裸	素裸	素っ裸	素ッ裸	すっ裸
すっぱぬき	素っぱ抜き	素っ破抜き	すっぱ抜き
すっぱみ	酸っぱみ	酸っぱ味
すっぽん	鱉	鼈
すっぽんじたて	スッポン仕立て	すっぽん仕立て
すっぽんたけ	すっぽん茸	鼈茸
すっぽんなべ	スッポン鍋	すっぽん鍋
すづくり	巣づくり	巣作り	巣造り
すづけ	酢づけ	酢漬	酢漬け
すていし	捨て石	捨石
すていぬ	捨て犬	すて犬
すていん	捨て印	捨印
すてうり	捨て売	捨て売り	捨売	捨売り
すてがな	捨てがな	捨て仮名
すてがね	捨て金	捨て鐘	捨金	捨鐘
すてご	捨て児	捨て子	捨子	棄て児	棄て子	棄児	棄子
すてぜりふ	捨てぜりふ	捨てゼリフ	捨て台詞	捨て科白	捨台詞	棄てぜりふ	棄て台詞
すてだし	捨てだし	捨て出し
すててこすがた	ステテコ姿	すててこ姿
すてどころ	捨て所	捨所
すてね	捨て値	捨値
すてばち	捨てばち	捨て鉢	捨鉢	棄てバチ	すて鉢
すてふだ	捨て札	捨札
すてみ	捨身	捨て身
すどまり	素泊まり	素泊り
すな	砂	沙
すなあそび	砂遊び	砂あそび
すなあらし	砂あらし	砂嵐
すなおとし	砂落し	砂落とし
すなおろし	砂おろし	砂下ろし
すなけむり	砂けむり	砂煙
すなつぶ	砂つぶ	砂粒
すなはま	砂浜	砂はま	すな浜
すなぶね	砂舟	砂船
すなぶろ	砂ぶろ	砂風呂
すなぼこり	砂ぼこり	砂ボコリ	砂埃	砂埃り
すなまき	砂まき	砂撒き
すなみがき	砂磨	砂磨き
すなむし	砂虫	砂蟲
すなもり	砂盛	砂盛り
すね	脛	臑
すねあて	脛当て	臑当	臑当て	すね当て
すねかじり	脛齧り	臑齧り
すねがお	スネ顔	拗ね顔
すねぎり	脛切り	脛斬り
すねげ	スネ毛	脛毛	すね毛
すねにく	スネ肉	臑肉	すね肉	脛肉
すのこ	簀	簀の子	簀子
すのもの	酢のもの	酢の物	酢物
すはだ	素ハダ	素肌	素膚
すはだし	素はだし	素跣
すはま	州浜	洲浜
すはまそう	州浜草	須浜草
すはまだい	州浜台	洲浜台
すびき	巣引	巣引き	素引	素引き
すぶた	酢ブタ	酢豚
すべて	全て	総て	凡て	凡テ	渾て	総べて	總て	都テ
すべや	巣べや	巣部屋
すべりかわ	滑り革	すべり革
すべりだい	スベリ台	滑り台	すべり台
すべりだし	滑り出し	すべり出し
すべりど	滑り戸	すべり戸
すべりどめ	滑り止め	滑止め	すべり止め
すべりば	滑り場	すべり場
すべりひゆ	滑り莧	滑莧
すべりぼう	滑り棒	すべり棒
すべりめん	滑り面	すべり面
すべりりょう	滑り量	すべり量
すぼし	素乾	素乾し	素干	素干し
すぼみくち	窄み口	すぼみ口
すまい	住居	居住ひ	相撲	住い	住まい
すまいづくり	住まい造り	住まいづくり
すまき	簀巻	簀巻き
すまし	清まし	澄し	澄まし
すましがお	済まし顔	澄まし顔	すまし顔
すましじる	清し汁	清汁	澄し汁	澄まし汁	すまし汁
すましや	清まし屋	澄し屋	澄まし屋
すみ	墨	隅	炭	酸み	済み	済	酸味	角
すみいろ	墨色	炭色
すみうち	澄み打ち	澄打ち
すみえ	墨絵	すみ絵
すみか	住みか	住処	住み処	住み家	棲み家	棲処	棲家	栖	すみ家
すみかえ	住替え	住み替え
すみかご	炭かご	炭籠
すみがき	墨書	墨書き
すみがね	墨曲尺	墨金
すみがま	炭窯	炭竈
すみきり	澄切り	炭切り
すみぎ	角木	すみ木
すみこみ	住み込み	住みこみ	住込	住込み
すみごこち	住みごこち	住み心地
すみすり	墨すり	墨磨	墨磨り
すみずみ	隅々	隅ずみ	隅隅
すみずり	墨刷り	墨摺
すみそ	酢味噌	酢みそ
すみぞめ	墨染	墨染め
すみだわら	炭俵	すみ俵
すみつき	墨つき	墨付	墨付き
すみつぎ	墨継	墨継ぎ
すみつぼ	墨つぼ	墨壺	炭壺
すみとり	炭取	炭取り	炭斗	角取り
すみながし	墨流し	墨流蝶
すみにく	隅肉	すみ肉
すみぬり	墨ぬり	墨塗り
すみはだ	墨肌	澄肌
すみばしら	隅柱	すみ柱
すみぶくろ	墨袋	炭袋	すみ袋
すみやき	炭焼	炭焼き
すみやぐら	角櫓	隅櫓
すみれいろ	スミレ色	菫いろ	菫色	すみれ色
すみれぐさ	菫草	すみれ草
すみわけ	住み分け	住分け	棲みわけ	棲み分け	棲分け	すみ分け
すめし	素飯	酢めし	酢メシ	酢飯
すもう	相撲	角力
すもうえ	相撲絵	すもう絵
すもうとり	相撲取り	相撲とり	相撲取	角力取	角力取り
すもぐり	素もぐり	素潜り
すもと	州元	洲元
すもも	李	酸桃
すももいろ	李色	すもも色
すやき	素焼き	素焼
すり	刷り	摺	刷	擂り	掏り	掏児	掏摸
すりあがり	刷り上がり	すり上がり
すりあし	摺り足	摺足	すり足
すりあわせ	擦り合わせ	すり合わせ
すりいし	擂り石	磨石	すり石
すりいも	擂り芋	擂芋
すりうす	摺臼	磨り臼	磨臼
すりえ	摺餌	擂り餌	擂餌	すり餌
すりおろし	摩り下ろし	摺り下ろし	すり下ろし
すりかえ	掏り替え	すり替え
すりきず	スリ傷	擦り傷	擦り疵	擦傷	擦疵	すり傷
すりきり	摺り切り	摺切り	擦り切り	すり切り
すりけし	磨り消し	磨消し
すりこ	摺子	擂り粉	擂粉	擦粉	すり粉
すりこみ	刷り込み	刷込み
すりごく	粢	擦り穀
すりごま	擂りゴマ	擂り胡麻	すり胡麻	擂りごま
すりごろも	摺り衣	摺衣
すりだし	刷りだし	刷り出し
すりながし	摺り流し	すり流し
すりはく	摺り箔	摺箔
すりばち	摺り鉢	摺鉢	擂り鉢	擂鉢	すり鉢
すりばん	擦り半	擦半	すり半
すりひざ	磨り膝	磨膝
すりほん	刷り本	刷本	摺り本	摺本
すりみ	擂り身	擂身	すり身
すりむけ	擦りむけ	擦り剥け
すりもの	刷り物	摺り物	摺物	刷物
するすみ	磨る墨	磨墨
するめがため	スルメ固め	鯣固め
すれちがい	擦れ違い	擦れちがい	すれ違い
すわり	坐り	据わり	座り
すわりうんこ	坐りウンコ	座りうんこ
すわりこみ	座込み	坐り込み	座り込み
すわりごこち	坐りごこち	坐り心地	座りごこち	座り心地	すわり心地
すわりだこ	座りだこ	座りダコ	座り胼胝
すわりづくえ	坐り机	坐机	座り机	すわり机
すん	寸	駿
すんえんさん	駿遠三	駿遠参
すんかん	寸感	寸簡
すんげき	寸劇	寸隙
すんしゃく	寸借	寸尺
すんずん	寸々	寸寸
すんぜん	寸前	寸善
すんづまり	寸づまり	寸詰まり	寸詰り
すんびょう	寸描	寸秒
ず	図	圖	醋	酢	頭
ずい	図彙	蕊	膸	髄	瑞	水
ずいかく	髄核	髄角
ずいがえり	ズイ帰り	ずい帰り
ずいき	随喜	瑞気	芋苗	芋茎
ずいぐ	随求	隨求
ずいこう	随行	瑞光
ずいしょ	隋書	随処	随所	随處	ずい所
ずいしょう	瑞祥	瑞象	髄鞘	水晶
ずいしん	随身	随心	随臣
ずいじ	随時	随侍
ずいじしはらい	随時支払い	随時支払
ずいじばらい	随時払	随時払い
ずいせつ	瑞雪	髄節
ずいそう	瑞相	随想	随葬
ずいちょう	瑞兆	瑞鳥
ずいどう	隧道	ずい道
ずいのう	髄脳	髓腦
ずいひつ	随筆	隨筆
ずいほう	瑞宝	瑞寶
ずいむし	螟虫	ずい虫
ずいりょう	推諒	推量
ずうち	頭打	頭打ち
ずえ	図会	圖會	図絵
ずおう	蘇方	蘇枋	蘇芳
ずか	図化	冢	柄
ずかい	図解	圖解
ずかん	図鑑	図かん	図巻	頭寒
ずがい	頭蓋	頭がい
ずがいこつ	頭蓋骨	頭がい骨
ずき	圖記	突き	図記	搗	搗き
ずきあい	附合い	際き合い
ずく	木菟	銑
ずけい	図形	図型
ずこう	塗香	頭光	図工
ずし	寿司	図示	厨子	図誌	廚子	辻子	龕	寿し	鮓	鮨
ずじょう	頭上	図上
ずだ	頭陀	喘息
ずだぶくろ	ずだ袋	頭陀袋
ずっぱり	突っぱり	突っ張り	突張り
ずつき	頭つき	頭突き
ずつみ	包み	包
ずな	砂	沙
ずのう	頭脳	頭腦	図嚢
ずひき	図引	図引き
ずぶぬれ	ズブ濡れ	ずぶ濡れ
ずべこう	ズベ公	ずべ公
ずほう	図法	修法
ずぼつり	ズボ釣り	ずぼ釣り
ずまい	住居	居住ひ	住い	住まい
ずみ	墨	炭
ずもう	相撲	角力
ずよう	逗葉	図様
ずり	刷り	図利	摺	刷	砰
ずりやま	ズリ山	ずり山
ずるだま	ズル玉	ずる玉
ずるやすみ	ズル休み	ずる休み
ずれあがり	ズレ上がり	ずれ上がり
ずれはば	ズレ幅	ずれ幅
ずろう	杜漏	ず漏
ずわいがに	ズワイ蟹	ずわい蟹
ずわり	悪阻	坐り	据わり	座り
ずんどう	ズン胴	寸胴	ずん胴
せ	畝	瀬	背	施	脊
せあて	背あて	背当て
せい	姓	所為	星	政	性	擠	正	盛	精	成	生	整	静	製	青	清	勢	背	西
せいあい	正藍	清愛	性愛
せいあつ	制圧	征圧	正圧
せいあん	成案	製あん	製餡	静安
せいい	誠意	制夷	勢威	征夷	征衣	星位	正位	正意	聖衣	青衣
せいいき	聖域	声域	西域
せいいく	生育	成育
せいいっぱい	精一杯	精いっぱい
せいいん	成因	正員	正院	聖印	成員
せいう	晴雨	星雨	精于
せいうん	青雲	星雲	盛運	聖運
せいえい	精鋭	清栄	精英	盛栄	西英
せいえん	声援	製塩	凄艶	凄艷	清婉	清艶	清艷	正円	勢炎	正塩	清宴	盛宴	西縁
せいおう	斉王	聖王
せいおん	清音	静穏	静音	正音	聖恩	聖音	声音
せいか	生家	成果	聖歌	聖火	製菓	正価	青果	世家	井花	井華	声価	斉家	正果	正課	正貨	生果	盛夏	精果	聖化	聲價	臍下	製靴	請下	請暇	青花	生花	精華	盛果	精化
せいかい	正解	政界	清快	盛会	制海	盛開	精解	聖会
せいかぎょう	製菓業	青果業	製靴業	生花業
せいかく	製革	醒覚	正確	性格	正かく	精確	政客	正格	清客	精核	誠愨
せいかっこう	背恰好	背格好
せいかつ	生活	生かつ	性活	正割
せいかつひ	政活費	生活費
せいかぶつ	成果物	青果物
せいかん	生還	静観	政官	青函	制汗	征韓	性感	擠陥	擠陷	政管	星間	棲管	正看	清鑑	清閑	盛観	精管	聖鑑	製函	製竿	西還	製罐	製缶
せいが	清雅	青瓦	聖画	青娥	青蛾	清華
せいがく	静学	西学	声楽	正学	聖学	星學	星学
せいがくか	声楽家	声楽科
せいがっ	静学	西学
せいがん	青眼	西岸	請願	誓願	制がん	制ガン	制癌	晴眼	正眼	青巌
せいがんざい	制がん剤	制ガン剤	制癌剤
せいがんしゃ	請願者	晴眼者
せいき	世紀	生起	清記	正気	正規	西紀	精機	生気	精気	性器	成規	整肌	旌旗	清暉	清気	清規	聖櫃	西気	請期	政機	盛期	精器
せいきく	製麴	製麹
せいきゅう	請求	正球	制球
せいきょ	逝去	栖居	棲居	正距	盛挙
せいきょう	聖教	精強	正教	生協	政教	政協	盛況	世教	政況	清興
せいきょく	世局	正極	政局
せいきん	精勤	成均	生擒	生禽	生菌
せいぎ	請議	声義	性戯	盛儀	聲義	性技	正義
せいぎょ	制御	制禦	制馭	成魚	生魚
せいぎょう	成業	生業	正業	盛業	聖業
せいく	声句	成句	清苦	聖句	聲句	声区
せいくらべ	背くらべ	背比べ
せいくん	請訓	正訓	聖訓
せいぐん	征軍	政軍	西軍	星群
せいけい	政経	整形	成形	成型	世系	成蹊	成鶏	整経	正形	正系	清渓	清谿	生経	西経	青谿	静渓	正経	星系	生計
せいけいがた	成形型	生計型
せいけつ	清潔	聖潔	井穴
せいけん	政権	政權	制憲	成犬	政見	勢剣	勢劔	勢権	施券	生検	生繭	精検	聖賢	生研
せいげん	制限	正言	誓言	声言	正弦	世諺	西諺
せいこう	製鋼	精好	成功	盛行	成稿	性交	精巧	精工	井溝	性効	成工	政綱	晴耕	正向	正孔	正攻	正鉤	正鵠	生香	精講	精鉱	精鋼	製綱	製鉱	西航	西郊	青黄	生硬	性向	性行	製衡	西高
せいこく	聖刻	正鵠	精刻	精穀	青黒
せいこん	成婚	精魂	精根	精魄	聖痕
せいご	生後	政語	正誤	西語	成語
せいごう	整合	斉合	正号	精好
せいごうせい	整合性	生合成
せいさ	精査	青沙	性差
せいさい	制裁	精細	正妻	政災	政祭	生彩	精彩	聖祭
せいさいぼう	精細胞	性細胞
せいさく	製作	制作	政策	精索
せいさくしゃ	製作者	制作者
せいさくじょ	製作所	制作所
せいさくひ	製作費	制作費
せいさつ	省察	精察	制札	生殺
せいさん	生産	清算	精算	製産	凄惨	悽惨	青酸	制酸	成算	正餐	盛餐	聖餐	青衫	せい惨
せいさんきかん	生産期間	清算期間	精算期間
せいさんざい	生産財	制酸剤
せいさんしょ	清算所	精算書
せいさんてつづき	精算手続	精算手続き
せいさんほうほう	清算方法	精算方法
せいざ	正ざ	正坐	正座	静坐	静座	星座	星ざ
せいざい	製材	製剤
せいざん	生残	成山	青山
せいし	生死	製紙	静止	制止	整枝	正視	生指	静思	正士	精子	世子	姓氏	政史	政思	正思	生祠	聖師	聖旨	製糸	製絲	誓紙	誓詞	青史	青糸	正使	正史
せいしき	清拭	制式	整式	西式
せいしきみつもり	正式見積もり	正式見積り	正式見積
せいしぎょう	製紙業	製糸業
せいしつ	性質	声質	星室	正室	静室
せいしゃ	斉射	静者
せいしゅ	星主	清酒	聖主
せいしゅう	制臭	生聚	静修
せいしゅく	整粛	静しゅく	静粛	星宿
せいしゅつ	製出	世出	正出
せいしゅん	青春	性春
せいしょ	清書	聖書	成書	正書	盛暑	誓書	青書
せいしょう	斉唱	精昇	清松	青松	星章	正賞	政商	制勝	旌章	正称	清勝	清祥	盛昌	聖娼	聖将
せいしょく	生殖	生食	製織	聖職	世職	星食	正食	生植	生色	聖燭	声色
せいしん	精神	正心	精神	政審	西進	井神	制振	制震	征清	成心	星辰	正寝	正神	正診	清真	生津	生辰	聖心	製針	誠身	誠心	清心
せいしんしょうがいしゃ	精神障害者	精神障がい者	精神障碍者
せいしんしょうがいしゃほけんふくしてちょう	精神障がい者保健福祉手帳	精神障害者保健福祉手帳	精神障碍者保健福祉手帳
せいじ	政治	正字	青瓷	青磁	姓字	政事	盛事	静辞	生時	盛時	生児
せいじつ	誠実	聖日
せいじゃ	聖者	正邪	生者
せいじゃく	静寂	静じゃく	清寂	青雀
せいじゅ	聖寿	聖樹	青綬
せいじゅう	成獣	征戎	精汁	製絨	西戎
せいじゅく	精熟	成熟	青熟
せいじゅん	清純	清醇	正閏
せいじょ	整序	整除	成女	精女	聖女	青女
せいじょう	星状	正常	清浄	清淨	星条	正条	性状	清上	聖上	製縄	西上	政情	性情
せいじょううえ	正条植	正条植え
せいじょうき	清浄機	清浄器	星条旗
せいじん	成人	聖人	西人
せいすい	盛衰	井水	制水	整水	精粋	聖水	製水	西陲	青翠	静水	清水
せいすう	整数	井数	正数
せいず	製図	星図
せいずき	製図機	製図器
せいせい	世々	世世	整斉	斉整	齊整	生成	精製	惺々	整正	正々	正正	征西	政制	正西	済々	済済	生棲	盛世	精誠	聖世	聖性	製成	西征	青成	静勢	静清
せいせき	成績	声績	声跡	成跡	聖石	聖跡	聖蹟	青石
せいせつ	正切	正接	清泄	精説	西説
せいせん	精撰	精選	生せん	生鮮	聖戦	井泉	征戦	性腺	政戦	正戦	清泉	聖仙	聖遷	製銑	西遷	青染	精線
せいぜつ	凄絶	せい絶
せいぜん	性善	生前	西漸	悽然
せいそ	世祖	成祖	精粗
せいそう	正装	清掃	清そう	盛装	凄愴	悽愴	星霜	成層	西走	政争	精巣	清僧	清爽	盛粧	西廂	性相
せいそうがん	精巣がん	精巣ガン	精巣癌	成層岩
せいそく	生息	栖息	棲息	正則	声息	悽惻	盛足
せいそん	生・損	生損
せいそんぽ	生・損保	生損保
せいぞう	製造	星像	聖像
せいぞく	正俗	正続	盛族	聖俗	聖族
せいぞろい	勢ぞろい	勢揃い
せいぞん	生存	成存
せいぞんけん	生存圏	生存権
せいた	背板	脊板
せいたい	正対	生態	声帯	生体	整体	成体	制退	征台	政體	聖体	製袋	青黛	静態	政体	臍帯	正体
せいたいけい	生態型	生態系
せいたん	成端	生誕	西端	聖誕	聖譚
せいたんさい	生誕祭	聖誕祭
せいだい	盛代	聖代
せいだん	政談	星団	清談	聖断
せいち	整地	静置	靜置	精ち	精緻	聖地	正値	清緻	西馳	生地
せいちゃく	正着	正嫡	生着
せいちゅう	掣肘	静中	誠忠	成虫	正中	精忠	精虫	声中	せい虫
せいちょう	成長	生長	整調	清聴	静聴	政調	成鳥	整腸	声調	征長	性徴	正庁	正調	聖寵	政庁	清澄	清朝
せいてい	成丁	正丁	正定	正帝	聖帝	聖梯	西低	青帝	制定	静定
せいてき	政敵	征狄	清適
せいてつ	製鉄	製鐡	製鐵	聖哲	西哲	甥姪
せいてん	政転	正転	晴天	聖典	性典	正典	盛典	聖天	青天	星天
せいでん	正殿	正伝	世伝	制電	聖殿	西電	静電
せいでんき	静電気	正電気
せいと	生徒	制吐	征途	政都	星斗	正都	聖徒	聖都
せいとう	政党	正答	征討	正当	正當	正統	青鞜	征東	正党	正東	盛唐	精糖	聖塔	聖統	製糖	製陶	青灯	政投
せいとうか	政党化	正当化	正統化
せいとうせい	正当性	正統性	政党制
せいとく	生得	盛徳	聖徳
せいとん	整とん	整頓	成豚
せいど	制度	精度	西土
せいどう	青銅	制動	生動	聖堂	声道	正堂	政道	斉同	正動	精銅	聖道	製銅	正道
せいどうき	青銅器	制動機
せいどく	精読	斉読
せいなん	西南	靖難
せいにく	精肉	生肉	正肉
せいにゅう	生乳	成乳
せいねん	成年	青年	盛年	生年
せいねんし	成年誌	青年誌
せいのう	性能	精のう	精嚢	精囊	精農
せいは	制覇	征覇	政派	正派	青波
せいはい	儕輩	征旆	聖杯	成敗
せいはく	精白	清白	精薄	青白
せいはつ	整髪	青髪
せいはん	青斑	製版	正犯	整版	生販	製販	西半
せいばく	精麦	製麦
せいばん	正番	生蕃	製番
せいひ	成否	性比	政費	正否	正妃	済否	聖妃
せいひつ	静ひつ	静謐	聖櫃	省筆
せいひょう	製氷	製表	旌表	星表	青氷	青票
せいひょうき	製氷機	製氷器
せいひん	清貧	正賓	製品	せい品
せいび	整備	整び	西靡	整美	精微	精美	齊備	成美
せいびょう	性病	成猫	成苗	聖廟
せいふ	政府	世父	成巫	正負	聖父	西府	青鳧
せいふう	清風	声風	政風	青風	西風
せいふく	征服	整復	正副	制服	清福	聖服
せいふん	製粉	精粉
せいぶ	声部	西部
せいぶつ	生物	静物	斉物
せいぶん	成分	聖文	成文	正文
せいへい	精兵	成兵	政柄	正兵	西兵
せいへき	性癖	西壁	青壁	青碧
せいへん	西辺	政変	世変	正篇	正編
せいべつ	生別	聖別	性別
せいほ	生保	政保
せいほう	西方	製法	斉放	精包	西峰	制法	正方
せいほん	製本	正本
せいぼ	歳暮	声母	生母	精母	聖母
せいぼう	西望	制帽	勢望	声望	星芒	正房	清眸	精紡	青蜂
せいぼく	清穆	青墨
せいま	性魔	製麻
せいまいき	精米機	精米器
せいみ	舎密	性味
せいむ	政務	世務	性夢	成務	聖務
せいめい	生命	声明	精明	姓名	声名	清明	盛名	聖名	睛明	晴明
せいめん	製麺	製めん	製麵	生面	製綿	青面	正面
せいもう	生毛	性毛	晴盲	製網
せいもく	井目	聖目
せいもん	正門	声紋	声門	誓文
せいや	征野	聖夜
せいやく	製薬	制約	誓約	成約
せいゆ	精油	製油	声喩	聖油
せいゆう	清游	清遊	西遊	声優	政友
せいよ	世誉	声誉
せいよう	静養	正用	声容	政要	整容	正葉	正要	正陽	精要	西用	青窯	省要	西洋
せいようなし	西洋梨	西洋ナシ	西洋なし
せいようひいらぎ	西洋柊	西洋ヒイラギ
せいようわさび	西洋ワサビ	西洋山葵	西洋わさび
せいよく	制慾	制欲	性欲	性慾	西翼
せいらい	生来	西来
せいらん	晴嵐	清覧	精覧	青嵐	青藍	青鸞
せいり	生理	整理	生利
せいりだんす	整理箪笥	整理だんす
せいりつ	成立	声律	正立
せいりゃく	征略	政略
せいりゅう	生立	整流	清流	征琉	整粒	精溜	精留	西流	青竜	青龍	せい流
せいりょ	征旅	西旅
せいりょう	清涼	清凉	精良	声量	西寮
せいりょく	勢力	精力
せいりん	西鄰	西隣	成林	星林	青林
せいるい	声涙	生類
せいれい	精励	精霊	聖霊	制令	政冷	正霊	正靈	生霊	生靈	政令
せいれき	西暦	西れき
せいれつ	整列	清冽	清洌	星列
せいれん	精煉	精練	精錬	製錬	清廉	製簾	青蓮
せいろ	正路	蒸篭	蒸籠	精路	青蘆
せいろう	晴ろう	晴朗	井楼	青楼	青樓	精蝋	精蠟	政労
せいろん	正論	政論	世論
せいわ	晴和	清話	清和
せおい	脊負	背負	背負い
せおいなげ	背負投げ	背負い投げ	背負投
せおよぎ	背泳ぎ	背泳
せかい	世界	世かい
せがえ	瀬替	瀬替え
せがれ	伜	倅	忰	悴
せがわ	背皮	背革	背側
せき	籍	咳	席	咳き	寂	堰	責	積	関
せきあく	瘠悪	積悪
せきいた	関板	せき板
せきいり	席入	席入り
せきうん	席運	積雲	赤雲
せきえい	石英	隻影
せきかい	赤海	石開
せきかく	石核	赤核
せきが	席画	石画
せきがえ	席がえ	席替え
せきがき	席書	席書き
せきがし	席貸	席貸し
せきがん	赤眼	石龕	隻眼
せきげん	斥言	析玄
せきさい	積載	積債
せきざい	石材	責罪
せきし	尺紙	赤子
せきしつ	石室	石質	赤漆
せきしゅ	席主	赤手	隻手
せきしゅう	積習	積聚	赤鷲
せきしょ	関所	積書
せきしょう	夕照	石匠	積小	石勝	石菖
せきしん	赤心	積薪	赤唇
せきじ	席次	昔時
せきじゅん	席順	石筍
せきじょう	席上	斥攘	責譲	赤壌
せきじん	石人	石刃	籍甚
せきすい	積水	石錘	積翠
せきすう	積数	隻数	席数
せきずい	脊髄	せき髄
せきせい	石製	背黄青	赤誠
せきせん	関銭	石泉
せきぜん	積善	責善
せきそう	積層	積送
せきぞう	石造	石像
せきたい	積滞	石苔
せきたん	石炭	赤胆
せきだい	席題	席代
せきち	蹐地	尺地	石地
せきちゅう	石柱	石中	磧中	脊柱	せき柱
せきつい	背椎	脊椎
せきてい	石庭	席亭	石堤	赤帝
せきてん	赤点	釈奠	釋奠
せきとう	石塔	石刀	石磴	赤灯	赤燈
せきとく	尺牘	碩徳	積徳
せきど	関渡	尺土	積土
せきどう	石幢	石洞	赤道	石道
せきどめ	咳き止め	咳止め	堰どめ	堰止め	せき止め
せきどめやく	咳止め薬	せき止め薬
せきねん	積年	昔年
せきのう	石脳	石腦
せきはい	惜敗	石盃
せきはん	赤飯	石販
せきばく	寂寞	寂莫
せきばらい	セキ払い	咳きばらい	咳ばらい	咳払い	せき払い
せきばん	石ばん	石板	石版	石盤	席番
せきひ	石碑	石匙	石ひ
せきふ	石敷	石斧	責付	跡府
せきふう	石風	射覆
せきふだ	席札	関札
せきぶつ	石ぶつ	石佛	石仏
せきぶん	積分	石文
せきへい	石屏	石屛	積弊
せきへん	石片	赤変
せきめい	関名	關名
せきめん	赤面	石面	石綿
せきもん	責問	石門
せきゆう	赤釉	錫釉
せきらん	積乱	赤瀾
せきりょう	寂寥	席料	石梁	積量	背梁	脊梁	責了	関料
せきりょく	斥力	赤緑
せきりん	石淋	赤燐
せきるい	石るい	石塁
せきろ	斥鹵	赤盧
せぎょう	施業	施行
せぎれ	瀬切	瀬切れ
せこ	世故	勢子	背子	兄子
せこう	施行	施工
せごし	背越し	背ごし
せじ	世辞	世事
せじょう	施錠	世上	世情
せじり	瀬じり	瀬尻
せじん	世塵	世人
せすじ	背筋	背すじ	背スジ	脊筋
せぜ	世々	世世
せたい	世帯	世態
せたけ	背丈	背たけ	背丈け	脊丈
せち	施治	世智	世知
せちえ	節会	節會
せっか	赤化	石化	石火	赤禍	雪花
せっかい	石灰	切開	節介	摂海	石階	説戒
せっかいか	石灰化	石灰華
せっかいそう	石灰層	石灰藻
せっかく	尺蠖	石槨	刺客
せっかん	切諌	切諫	折檻	石棺	摂関	積寒	雪寒	節間
せっき	折毀	節気	石器	炻器	石基	節季	赤気	雪肌
せっきゃく	接客	隻脚
せっきょう	説教	説経	接境
せっきん	接近	石琴	赤筋
せっく	隻句	節供	節句
せっけ	摂家	設卦
せっけい	設計	楔形	石径	石経	石經	節敬	赤経	雪景	雪渓	雪蹊
せっけん	席けん	席巻	席捲	接見	設遣	節倹	石けん	石ケン	石鹸	石鹼	石剣
せっこう	拙攻	拙稿	斥候	石こう	石工	石膏	石鉱	籍口
せっこく	石刻	石斛	赤黒
せっさ	切瑳	切磋
せっさく	切削	拙作	拙策	浙醋
せっし	摂氏	切歯	窃視	節士	設施	鑷子
せっしゃ	接写	摂社	節車
せっしゅ	接種	截取	摂取	窃取	節酒	拙守
せっしゅりょう	接種料	摂取量
せっしょ	切所	節所
せっしょう	殺生	折衝	接渉	接衝	摂政	攝政	説唱	雪松
せっしょく	接触	節食	摂食	設色	雪蝕	雪食
せっしん	切診	接心	接神	摂心
せっせい	摂生	節制
せっせん	接戦	切線	折線	拙戦	接線	雪線
せっそう	説相	節操	切創	節奏	設想
せっそく	拙速	節足
せった	雪駄	雪踏
せったい	接待	摂待
せっち	設置	接地	接置
せっちゃく	接着	せっ着
せっちゅう	折衷	折中	接中	雪中	雪柱
せってん	接点	切点	節点
せっとう	窃盗	竊盗	接到	接頭	截頭	節刀
せっとく	説得	褻瀆	接得
せっぱ	説破	切羽
せっぱく	切迫	雪白
せっぱん	折半	接伴	窃犯
せっぴつ	拙筆	節筆
せっぷ	節婦	雪譜
せっぷく	切腹	説伏	説服
せっぺん	切片	雪片
せっぽう	説法	切峰	接峰	雪峰
せつ	説	刹	泄	設	節	雪
せついん	切韻	啜陰	啜飲
せつえい	設営	拙詠
せつえん	節煙	雪冤	設宴
せつがい	雪害	殺害
せつがん	切願	接岸	接眼	雪眼
せつぎ	拙技	節義
せつげん	接舷	節減	切言	雪原
せつご	接語	摂護
せつじ	説示	接辞	摂餌
せつぞく	接続	せつ続
せつだん	切断	切だん	切斷	截断	截斷
せつどう	摂動	雪道	接道
せつび	設備	接尾
せつぶん	拙文	節分
せつめい	説明	節名
せつもん	設問	説文
せつやく	節約	拙訳
せつよう	摂養	節用	切要	摂陽
せつよく	摂欲	節欲
せつり	切離	刹利	摂理	泄利	節理	雪里
せつりょう	雪稜	雪量
せつれい	雪冷	設例	説例	雪嶺
せつろく	節録	摂禄	摂籙
せつろん	切論	拙論	説論
せつわ	接話	説話
せともの	瀬戸もの	瀬戸物
せどう	世道	旋頭
せなか	背中	背なか	脊中	せ中
せのきみ	兄の君	背の君
せのび	背のび	背伸び
せびくじら	背乾鯨	脊乾鯨
せびれ	背びれ	背ビレ	背鰭
せぶみ	瀬ぶみ	瀬踏み
せぼね	背骨	脊骨
せみ	蝉	蟬	背身
せみくじら	セミ鯨	背美鯨	脊美鯨	せみ鯨
せみしぐれ	セミ時雨	蝉しぐれ	蝉時雨	蟬しぐれ	蟬時雨	せみ時雨
せみつか	蝉塚	蟬塚
せみとり	セミ捕り	セミ採り	蝉捕り	蟬とり	蟬取り
せめ	責	責め	攻め
せめあい	攻めあい	攻め合い
せめうま	責め馬	責馬
せめぎあい	鬩ぎ合い	鬩合ひ	せめぎ合い
せめく	責め苦	責苦
せめて	攻め手	攻手
せめどうぐ	攻道具	攻め道具	責道具	責め道具
せもたれ	背もたれ	背凭れ
せり	糶糴	糶	糶り	競り	競	芹
せりあい	競り合い	競合い	糶合	迫り合い	迫合い	せり合い
せりあげ	競り上げ	せり上げ
せりあな	セリ穴	迫り穴
せりいち	セリ市	競り市	競市	糶市	せり市
せりうり	世利売	競り売	競り売り	競売り	糶り売	糶り売り	糶売	糶売り	競売	せり売
せりがい	競り買	競り買い	競買	競買い
せりこみ	迫り込み	迫込
せりだし	迫り出し	迫出し	せり出し
せりつみ	セリ摘み	芹摘み
せりにん	競り人	せり人
せりふ	台詞	科白	臺白
せりふおぼえ	セリフ覚え	台詞覚え
せりふまわし	台詞回し	科白回し	せりふ回し
せりもち	迫持	せり持ち
せろん	世論	施論
せわた	背わた	背ワタ	背腸
せわもの	世話物	世話もの
せん	腺	線	牋	箋	銭	専	僊	塼	殱	殲	氈	磚	筌	詮	賤	繊	撰	甎	仙	栓	選	先
せんい	遷移	戦意	繊維	専意	線維	船位	船医	譔異
せんうん	戦雲	船暈	船運
せんえい	先鋭	尖鋭	染影	船影	鮮映
せんえいか	先鋭化	尖鋭化
せんえき	戦役	染液	洗液
せんえつ	僭越	せん越
せんえん	遷延	洗煙
せんおう	専横	先王	扇央	鮮黄
せんおん	泉温	顫音
せんか	選歌	専科	戦火	戦禍	仙花	戦果	戦渦	泉下	泉貨	船価	選果	選科	銭貨
せんかい	旋回	千界	仙界	先回	浅海	遷界
せんかく	仙客	先覚	船殻
せんかし	仙花紙	泉貨紙
せんかた	爲方	詮方	せん方
せんかん	専管	洗管	潺湲	選管	戦艦	戦間	洗函	潜函	穿貫	腺管	船艦	遷緩
せんがい	船外	染褂	線外	船骸	選外
せんがき	線描き	線書き
せんがく	先学	浅学	船額
せんがん	洗顔	洗眼	船眼	先願	専願	腺ガン	腺癌	腺がん
せんき	戦記	先規	戦旗	戦気	疝気	船旗	戦機
せんきゃく	千客	先客	船客
せんきゅう	選球	闡究	仙宮	川芎	船級
せんきょ	選挙	選擧	占居	占拠	船渠
せんきょう	宣教	仙境	仙郷	戦況	戦競	潜橋	遷喬	船橋
せんきょうし	宣教師	宣教使
せんきょく	選曲	戦局	選局	選挙区
せんきん	先勤	千金	千鈞
せんぎ	先議	詮義	詮議	僉議	戦技
せんぎょう	瞻仰	専業	賤業
せんぎり	千切り	繊切	線切り	せん切り
せんく	先駆	線区	戦区	選句
せんくつ	仙窟	洗掘
せんくん	先君	宣訓	戦勲	戦訓
せんぐ	前駆	船具
せんぐん	千軍	先軍	船軍
せんけい	扇形	線形	線型	戦型	尖圭	尖形	線径	船型
せんけつ	先決	専決	鮮血	潜血	選穴
せんけん	先見	先遣	嬋妍	専権	先賢	先験	占験	専検	擅権	浅見
せんげ	宣下	遷化
せんげつ	先月	繊月
せんげん	宣言	選言	せん言	線源
せんこ	千古	先コ	戦鼓	染戸	箭壷	箭壺
せんこう	先行	選考	選好	詮考	詮衡	銓衡	専攻	先攻	専行	專攻	洗口	潜幸	潜航	潜行	穿孔	遷幸	遷行	選鉱	千紅	繊巧	線香	先公	線こう	閃光	先幸	先考	先閤	戦功	旋光	洗垢	浅紅	穿壙
せんこく	宣告	線刻	選穀	先刻	銭穀
せんこつ	仙骨	占骨	洗骨	薦骨
せんご	先後	戦後
せんごう	煎熬	先号
せんごく	千石	戦国	仙石
せんさ	千差	川砂	選砂
せんさい	繊細	先妻	戦災	仙斎	戦債	浅才
せんさく	穿さく	穿削	穿鑿	詮索	詮鑿	専作	戦策	旋削
せんざい	潜在	千載	洗ざい	洗剤	前栽	浅在	煎剤	線材	船材	千歳
せんし	戦死	倩視	染糸	染絲	遷祀	千姿	千思	千紫	戦士	先史	先師	剪紙	専恣	專恣	戦史	擅恣	染肆	瞻視	穿刺	賤士	賤視
せんしつ	船室	泉質	線質	船質
せんしゃ	戦車	洗車	占者	船社
せんしゅ	選手	先取	船主	船首	僭主	先主	専守	線種	繊手	腺腫	船手	船種
せんしゅう	先週	専修	撰修	選集	撰集	船舟	千秋
せんしゅつ	選出	先出
せんしょ	千緒	選書	先書	簽書
せんしょう	戦勝	戦捷	先勝	僭称	選奨	尖峭	尠少	鮮少	戦傷	先蹤	専掌	専焼	専称	戦将	扇章	潜晶	船匠	船檣	賤妾
せんしょく	染色	染織
せんしん	専心	洗身	潜心	千辛	先進	先秦	撰進	洗心	浅深	線心	賤臣	選進	鮮新	線審
せんじ	宣旨	宣示	潜時	戦事	戰事	詹事	戰時	戦時	戦自
せんじぐすり	煎じ薬	せんじ薬
せんじゃ	千社	撰者	選者
せんじゅ	千手	千寿
せんじゅう	先住	専従	撰集	繊獣
せんじゅく	先熟	川塾
せんじゅつ	先述	撰述	選述	戦術	仙術	占術
せんじょ	剪除	仙女	賤女	選叙
せんじょう	戦場	扇情	撰上	洗じょう	洗浄	洗滌	煽情	千乗	千乘	僭上	船上	占杖	専条	専條	扇状	旋条	旋條	綫條	線条	繊条	戦状	線状	せん上	線上
せんじょうき	洗浄機	洗滌器
せんじょうざい	洗浄剤	洗滌剤
せんじょうてき	扇情的	煽情的
せんじん	千仞	先人	先陣	戦塵	戦陣	浅深	賤人	鮮人	千尋
せんすい	潜水	泉水
せんすいき	潜水機	潜水器
せんすう	船数	線数
せんせい	先生	先制	宣誓	専制	占星	先聖	戦勢	戦声	穿井	箋正	専政
せんせき	船籍	戦跡	仙籍	占席	戦績	泉石	船積	船隻	鮮赤
せんせん	戦線	先占	宣戦	戦々	戦戦
せんぜい	占筮	蝉蛻
せんぜん	戦前	遷善
せんそ	践祚	蟾酥
せんそう	戦争	戰争	戰爭	剪装	占相	浅層	船倉	船窓	船艙	せん争
せんそく	尖足	戦則	栓塞	船速	賤息	跣足	船側	洗足
せんぞう	潜像	旋造
せんぞく	専属	洗足
せんたい	戦隊	選対	船体	先体	洗体	浅堆	船隊	蘚苔
せんたく	選択	撰択	洗たく	洗濯
せんたくばさみ	洗濯バサミ	洗濯挟み	洗濯ばさみ
せんたん	先端	選炭	千鍛	先たん	仙丹	専担	尖端	戦端	扇端	泉端	線端
せんだい	闡提	先代	船台	千代
せんだって	先達て	先だって
せんだつ	先達	潜脱	蝉脱	蟬蛻
せんだん	専断	專斷	擅断	擅斷	仙壇	剪断	栴檀	船団	せん断
せんち	先知	専治	專治	遷置	選地	戦地
せんちめーとるまいびょう	センチメートル毎秒	cm\u002F秒
せんちゃ	煎茶	磚茶
せんちゃく	先着	先著
せんちゅう	専注	船中	線虫	戦中	泉中
せんちょう	洗腸	船長	仙腸	尖頂	扇頂
せんつい	仙椎	戦槌	戦鎚
せんつう	仙痛	疝痛	穿通
せんてい	選定	前定	剪定	選帝	船艇	先帝	尖底	潜堤	筌蹄	せん定
せんてつ	先哲	銑鉄
せんてん	旋転	染点	先天	選点
せんと	遷都	仙都
せんとう	戦闘	戦鬪	先頭	銭湯	洗湯	錢湯	仙洞	先登	剪刀	剪灯	剪燈	専当	尖塔	尖頭	船凍
せんとうき	戦闘機	戦闘旗
せんとうそう	仙洞草	剪刀草	洗湯草
せんとく	潜匿	先徳	船特
せんど	鮮度	先途	染土	繊度	先度
せんどう	先導	扇動	煽動	顫動	船頭	仙洞	羨道
せんどうか	扇動家	煽動家
せんどうざい	扇動罪	煽動罪
せんどうしゃ	先導者	扇動者	煽動者
せんどうてき	扇動的	煽動的
せんない	船内	線内
せんにちこう	千日向	千日紅
せんにゅう	潜入	先入
せんにん	千人	専任	選任	仙人	先任	遷任
せんぬき	栓ぬき	栓抜	栓抜き	せん抜き
せんねん	先年	専念
せんのう	洗脳	仙翁	先王	先皇	腺嚢	銭納
せんば	千羽	千歯	泉場
せんばん	千万	先番	先晩	旋盤
せんぱい	先輩	先ぱい	戦敗
せんぱく	浅ぱく	浅薄	船舶	阡陌
せんぱつ	先発	染髪	洗髪	闡発	浅発
せんぱん	戦犯	先般	仙販
せんび	戦備	船尾	釧美
せんびき	線引き	線引
せんびょう	瞻病	線描	腺病	銭病
せんびん	先便	洗びん	洗壜	洗瓶	船便
せんぴ	先妣	先非	戦費
せんぴょう	選評	線表
せんぶ	宣撫	先負	宣憮	尖部
せんぶつ	遷仏	選仏	銭物
せんぶん	千分	撰文	選文	塼文	線分
せんぷ	宣布	先夫	先婦	先富	船夫
せんぷう	旋風	扇風	煽風	せん風
せんぷく	潜伏	船腹	尖腹	煎服	船幅
せんべい	煎餅	煎餠	胡餅
せんべいぶとん	せんべい布団	せんべい蒲団	煎餅布団	煎餅蒲団
せんべつ	選別	餞別	せん別
せんべん	先べん	先鞭
せんぺい	先兵	尖兵
せんぼう	羨望	潜望	先坊	懺法	占傍	せん望
せんぼく	選木	占卜
せんぼつ	戦没	戦歿	戰歿	潜歿	潜没
せんぼり	線ぼり	線彫り
せんぼん	1000本	千本
せんぼんのっく	1000本ノック	千本ノック
せんぽう	先方	先報	戦法	先ぽう	先鋒	占法	尖峰	戦報	戦袍	戰報	旋法
せんまい	千枚	洗米	饌米
せんまいづけ	千枚漬け	千枚漬
せんまん	鮮満	千万
せんみょうがき	宣命書	宣命書き
せんみん	賤民	賎民	選民
せんむ	専務	先務	戦務	戦無
せんめい	宣明	闡明	船名	線名
せんめつ	殱滅	殲滅	せん滅
せんめん	洗面	扇面
せんもう	洗毛	剪毛	旋毛	染毛	線毛	繊毛	譫妄	釧網	せん妄
せんもん	専門	專門	せん門
せんもんか	専門家	専門科
せんもんし	専門紙	専門士
せんや	先夜	戦野
せんやく	仙薬	先約	煎薬	選薬
せんゆう	占有	専有	先憂	戦友
せんゆうけん	占有権	専有権
せんよう	専用	宣揚	撰用	占用	宣耀	撰要	潜葉	戦用	腺様
せんらん	洗卵	戦乱	僣乱	僭乱
せんり	千里	戦利	戦理	賤吏	銭利
せんりつ	戦慄	戦栗	戰慄	戰栗	占率	旋律
せんりょ	千慮	浅慮
せんりょう	千両	占領	染料	潜竜	潜龍	選良	銭粮	銭糧	線量
せんりょうか	センリョウ科	占領下
せんりょく	戦力	選力	閃緑	鮮緑
せんれい	洗礼	先例	船令	船齢
せんれつ	戦列	船列
せんれん	洗煉	洗練	洗錬
ぜ	是	瀬
ぜい	税	贅
ぜいか	脆化	筮卦
ぜいきん	税金	ぜい金
ぜいげん	贅言	税源
ぜいこみ	税込み	税込
ぜいこみかかく	税込み価格	税込価格
ぜいこみがく	税込み額	税込額
ぜいこみきんがく	税込み金額	税込金額
ぜいじゃく	脆弱	ぜい弱
ぜいせい	税制	噬臍	税政
ぜいたく	贅沢	贅澤	ぜい沢
ぜいちょう	税調	税徴
ぜいにく	ゼイ肉	贅肉	ぜい肉
ぜいぬき	税抜	税抜き
ぜいぬきがく	税抜額	税抜き額
ぜいぬききんがく	税抜金額	税抜き金額
ぜいひょう	税表	贅評
ぜいびき	税引	税引き
ぜいびきご	税引後	税引き後
ぜいびきまえ	税引前	税引き前
ぜいり	税理	税吏
ぜき	咳	咳き	堰
ぜぜ	是々	是是
ぜぜひひ	是々非々	是是非非
ぜっか	絶佳	舌下	舌禍
ぜっきょう	絶叫	絶境
ぜっく	絶句	節供	節句
ぜっこう	絶交	舌候	舌耕	絶好
ぜっさん	絶讃	絶讚	絶賛
ぜっしょう	絶唱	絶勝
ぜっせん	絶線	舌尖	舌戦
ぜっそく	絶息	舌側
ぜったい	絶対	絶体	舌苔
ぜったいち	絶対知	絶対値
ぜっちょう	絶頂	舌頂
ぜっとう	絶倒	絶島	絶東	舌頭
ぜつえん	絶縁	絶遠	舌炎	舌縁
ぜつがん	舌がん	舌癌
ぜつだい	絶待	舌代
ぜつめつ	絶滅	絶めつ
ぜにあおい	銭あおい	銭葵
ぜにかね	銭かね	銭金
ぜにがし	銭貸	銭貸し
ぜにがめ	銭がめ	銭亀
ぜにごけ	銭ごけ	銭苔
ぜにさし	銭差	銭差し
ぜみ	蝉	蟬
ぜめ	責	責め	攻め
ぜりあい	競り合い	競合い	糶合	迫り合い	迫合い	ぜり合い
ぜりふ	台詞	科白	臺白
ぜん	前	善	膳	禅
ぜんい	善意	全胃	前医	漸移	禅意
ぜんいん	全員	前院	善因	禅院
ぜんえい	全英	前衛
ぜんえき	全駅	前駅
ぜんえん	全円	前縁	善縁	禅苑
ぜんおう	前王	全欧
ぜんか	前科	善果	漸化	禅家	全科	前課
ぜんかい	前回	全開	全壊	全快	全潰	全会	全階	全回
ぜんかく	全角	前核	前角
ぜんかん	善感	全巻	全艦	全館	全乾	全冠	全幹	全鑑	前官	前巻	善管	禅観
ぜんがく	全額	禅学	全顎	前額	全学
ぜんがめん	全画面	前画面
ぜんがん	全がん	全癌	全顔	前がん	前癌	前眼
ぜんき	前期	前記	全季	前季	前徽	前旗	前鬼	禅機	禅気	全機	全期
ぜんきゅう	全休	全球	全級	前急
ぜんきょう	全協	前胸	漸教	禅教
ぜんきょく	全曲	前局	全局
ぜんきん	漸近	前筋	前金
ぜんぎ	前戯	前議
ぜんぎょう	禅行	全業
ぜんく	前駆	前躯	全区
ぜんけい	前傾	全形	前掲	全掲	全景	前刑	前景
ぜんけつ	全血	全欠
ぜんけん	全県	全権	前件	全件	全犬	前賢
ぜんげん	漸減	前言	善言
ぜんこ	全戸	前古	前弧	前胡
ぜんこう	善行	前項	全校	全功	全甲	禅閤	禪閤	前向	全高	前行
ぜんこうき	前後期	前・後期	前、後期
ぜんこうはん	前、後半	前後半
ぜんこく	全国	全國
ぜんこん	善根	全魂	前婚
ぜんご	前後	善護	善後	漸悟	禅語
ぜんごう	全豪	前号	全号	善業
ぜんさい	前妻	前菜	前鰓
ぜんさつ	全冊	禅刹
ぜんし	全史	全姿	全歯	全紙	全誌	前史	前翅	前肢	前詞	禅史	膳司	全市
ぜんしつ	全室	前室	禅室
ぜんしゃ	前者	全射	前車	禅者	全車	全社
ぜんしゃく	前借	全釈
ぜんしゅ	善趣	全種
ぜんしゅう	前週	全集	全周	全州	全習
ぜんしょ	善処	全書	前書	善所	善書	禅書
ぜんしょう	全勝	全焼	前哨	全称	前将	前生	前称	前章	前蹤	善祥	禅匠	禅床	全消	全省	全生	前照
ぜんしょく	前職	前食	全食
ぜんしん	前進	漸進	全身	前身	全心	前唇	前審	前震	善心	善神	漸新	漸深
ぜんじ	禅師	前司	前時	善事
ぜんじつ	前日	全日
ぜんじゅう	前住	善柔
ぜんじょう	全条	前条	禅定	禅杖	禅譲	禅頂
ぜんじん	前人	前陣	善神	全人
ぜんじんみとう	前人未到	前人未踏
ぜんず	全図	前図
ぜんせ	善施	前世
ぜんせい	全盛	前世	前成	善政	善性	全生
ぜんせき	全席	前席	禅籍
ぜんせつ	前節	前説	善説
ぜんせん	前線	全線	善戦	前戦	全繊	全船	全戦
ぜんぜんかい	前々回	前前回
ぜんぜんげつ	前々月	前前月
ぜんそ	全ソ	前訴
ぜんそう	前奏	全総	全層	全相	全草	全装	前走	漸層	禅僧
ぜんそく	喘息	全速	ぜん息
ぜんそん	全損	全村
ぜんたい	全体	全體	全隊	前隊
ぜんたく	全托	全託	全拓
ぜんだて	膳立て	膳立	ぜん立て
ぜんだん	全弾	前談	全段	前段
ぜんち	全治	全智	全知	前置	善知	全地
ぜんちゅう	全中	前注	前註	蠕虫
ぜんちょう	前兆	全長	全庁	全町	全鳥	前頂
ぜんてい	前提	前庭	全訂	前帝	前綴	禅庭	前程
ぜんてき	全摘	禅的
ぜんてん	全天	前転	禅天	全店
ぜんでん	全伝	前殿
ぜんと	前途	全都	全都
ぜんとう	漸騰	前頭	全頭	禅刀	全搨	全透	全闘	全党	全島
ぜんどう	善導	蠕動	全道	禅堂	前同	ぜん動
ぜんな	染汙	染汚
ぜんにゅう	全乳	全入
ぜんにん	前任	善人
ぜんねん	前年	禅苑	全年
ぜんのう	全納	前納	全能	全脳	前脳
ぜんはん	前半	全藩
ぜんはんかい	全\u0028半\u0029壊	全半壊
ぜんば	前場	全馬	善馬
ぜんばん	全判	膳番
ぜんぱ	全波	前派
ぜんぱい	全廃	全敗
ぜんぱく	前泊	全泊	前膊
ぜんぱん	前半	全般
ぜんび	善美	全備
ぜんびけ	前引け	前引
ぜんぴょう	全豹	前表
ぜんぶ	全部	膳部	前部
ぜんぶん	前文	全文
ぜんぷく	善福	全幅
ぜんぺん	全編	前編	前篇
ぜんぼう	全貌	全ぼう	前ぼう	禅房	前房
ぜんぽう	前方	前鋒	善法	禅法
ぜんま	染汚	善魔
ぜんまい	発条	撥條	薇
ぜんまいじかけ	ゼンマイ仕掛	ゼンマイ仕掛け	発条仕掛け
ぜんまいじるし	ゼンマイ印	薇印
ぜんめい	喘鳴	前名
ぜんめん	全面	前面
ぜんもん	全問	前問	前門	禅門	禪門
ぜんや	前夜	全野
ぜんやく	全訳	前約
ぜんよう	善用	全容	前葉	前蛹
ぜんらん	全卵	全覧	前欄
ぜんりつ	前立	全率
ぜんりつせんがん	前立腺がん	前立腺ガン	前立腺癌
ぜんりょう	全量	善良	全寮	ぜん良
ぜんりん	全リン	前輪	禅林	全りん	全燐	善隣	全輪
ぜんれい	全霊	全例	前例
ぜんわ	全羽	前話	禅話	全話
ぜんわん	前腕	前弯
そ	祖	疎	麤	疽	祚	酥	租	鼠
そい	初位	甦位	疎意	粗衣	素意
そいあい	添いあい	添い合い
そいなべ	ソイ鍋	そい鍋
そいね	添い寝	添寝
そいぶし	添い臥し	添臥
そいん	素因	疎音	訴因
そう	藻	層	葬	奏	叟	筝	箏	躁	惣	曹	走	想	僧	桑	相	創	草
そうあたり	総当たり	総当り
そうあん	創案	草案	僧庵	草庵	装鞍
そうい	相違	相異	創意	総意	僧位	僧衣	層位	爪囲	痩意	相位	相依	創痍	瘡痍
そういん	僧院	掃引	総員	總員
そううつ	躁うつ	躁鬱	そう鬱
そううつびょう	そううつ病	躁うつ病	躁鬱病
そううん	早雲	漕運	層雲
そうえん	創縁	操演	桑園	蒼鉛
そうおう	相応	双黄	挿秧	插秧
そうおん	騒音	噪音	宋音	相恩	そう音
そうか	創化	僧家	喪家	孀嫁	瘡痂	相加	窓下	葱花	装架	装花	装荷	走化	走舸	走過	層化
そうかい	総会	創開	掃海	爽快	壮快	僧階	滄海	蒼海	そう快
そうかく	双鶴	巣鶴	爪郭	総画	雙鶴	騒客	双殻
そうかつ	総括	総轄	總轄	双括
そうかん	相関	創刊	相姦	送還	僧官	双鐗	双鬟	層間	挿管	操艦	相観	総監	総管	総観	総鑑
そうが	僧伽	宋画	挿画	插畫	爪牙	草画	装画
そうがい	創外	窓外	霜害
そうがかり	総がかり	総懸かり	総懸り	総掛かり	総掛り
そうがく	総額	宋学	奏楽	曹学
そうがな	総仮名	草仮名
そうがまえ	惣構え	総構え
そうがん	双眼	蒼顔	そう眼
そうき	想起	送気	早期	壮気	掃気	掻器	搔器	操機	総記	装軌
そうきゃく	送客	騒客
そうきゅう	想及	捜求	送球	躁急	双丘	双球	槍弓	蒼穹	草丘
そうきょ	壮挙	壯擧
そうきょう	創共	剿共	双頬	早強	早蛩	葱姜	躁狂
そうきょく	双極	総局	双曲	箏曲
そうきわりびき	早期割引	早期割引き
そうきん	送金	痩金	箏琴	走禽	鬆筋	藻菌
そうきんるい	走禽類	藻菌類
そうぎ	僧祇	争議	奏議	葬儀	喪儀
そうぎゃ	僧伽	僧迦
そうぎょ	草魚	双魚
そうぎょう	創業	操業	総業	早暁	僧形
そうく	痩躯	痩軀	瘦軀	走句	走狗
そうぐ	喪具	葬具	装具
そうぐん	層群	総軍
そうけ	僧家	宗家	総毛	總毛
そうけい	聡慧	早慶	早計	草型	総計
そうけいむ	総\u0028警\u0029務	総警務
そうけつ	歃血	総結	葬穴
そうけん	創建	創見	想見	総見	送検	壮健	創憲	双肩	総研
そうげき	争鬩	怱劇	槍戟	鎗戟
そうげん	草原	宋元	想源
そうこ	倉庫	操觚	蒼古	蒼枯
そうこう	走行	奏功	奏効	走航	送稿	騒慌	装甲	倉口	倉皇	創口	双光	双鉤	壮行	掻攪	操向	操行	爪甲	糟糠	綜絖	艙口	草冠	草稿	草高	蒼惶	走向	霜降	走光
そうこうせい	走行性	走光性
そうこく	相克	相剋	惣国
そうこん	早婚	創痕	瘡痕	草根	爪痕
そうご	相互	壮語	総互
そうごう	総合	綜合	僧綱	惣郷	相合	相好	そう合
そうさ	走査	捜査	操作	搜査
そうさい	相殺	総裁	装載	創菜	喪妻	壮歳	総鰓	葬祭
そうさかん	捜査官	操作感
そうさく	創作	捜索	搜索	痩削
そうざい	惣菜	総菜	早材	そう菜
そうざらい	総ざらい	総浚い
そうざらえ	総ざらえ	総浚え
そうざん	早産	艸山
そうし	創氏	双子	創始	繰糸	創祀	双翅	叢祠	叢誌	喪志	壮士	壮志	嫂子	宗祀	曹士	相使	相思	草姿	装姿	走資	草子	双紙	草紙	冊子
そうしき	葬式	相識	総指揮
そうしつ	喪失	宗室	燥湿	そう失
そうしゃ	掃射	操車	走者	奏者	宗社	壮者	桑柘	相者
そうしゅ	宗主	双手	操守	操手	漕手	草種
そうしゅう	総収	総集	僧衆	早秋	爽秋
そうしゅつ	創出	想出	早出	送出
そうしょ	叢書	双書	総処	草書
そうしょう	相性	総称	創唱	蒼松	総省	宗匠	相承	争訟	創傷	叢篠	奏章	惣荘	爪床	痩小	相称	相生
そうしょく	草食	装飾	僧職	創職	走触
そうしょくせい	草食性	装飾性	走触性
そうしん	送信	喪心	喪神	送進	痩身	瘦身	創新	双身	槍身	総身	装身	そう身
そうじ	総持	掃じ	掃除	相似	僧寺	双耳	奏事	惣寺	曹時	草字	走時	送辞
そうじつ	壮実	桑実
そうじまい	総じまい	総仕舞	総仕舞い
そうじゅ	送受	双樹	桑樹	蒼樹
そうじゅしん	送・受信	送受信
そうじょ	宋書	宗女	層序	総叙	総序
そうじょう	奏上	掃攘	相乗	相剰	騒じょう	騒擾	僧正	喪杖	宋襄	層状	巣上	総状	葬場	奏状	巣状
そうじん	桑椹	騒人
そうすい	送水	総帥	葱翠	走水
そうすう	総数	双数	層数
そうず	僧都	挿図	添水
そうせい	創生	創成	創製	叢生	奏請	早世	簇生	双生	創世	双性	早成	早逝	草生	草聖	葬制	蒼生	走性	早生
そうせいじ	早生児	双生児
そうせき	送籍	層積	僧籍	掃斥	踪跡
そうせつ	創設	綜説	総説	霜雪
そうせん	奏薦	爭戰	宋銭	操船	漕船	争戦
そうぜつ	剿絶	壮絶
そうそう	早早	送葬	早々	草々	草創	創草	匆々	匆匆	喪葬	槍創	滄桑	草草	葬送
そうそく	相則	相即	総則
そうそつ	倉卒	怱卒	草卒
そうそふ	曾祖父	曽祖父
そうそぼ	曾祖母	曽祖母
そうそん	惣村	曾孫
そうぞう	創造	送像	想ぞう	想豫	想像
そうぞうりょく	創造力	想像力
そうぞく	装束	相続	僧俗	僧賊	宗族
そうたい	相対	早退	相對	相待	総体	僧体	創隊	双体	双胎	操体	総隊	草体
そうたいてき	相対的	総体的
そうたつ	送達	聡達
そうたん	操短	草炭
そうだ	操舵	操だ	双蛇	宗太	惣太
そうだい	総代	宋代	惣代
そうだつ	争奪	聡達
そうだん	相談	装弾	送弾	僧団
そうち	送致	装置	葬地	そう置
そうちゃく	装着	早着
そうちゅう	双柱	叢中	桑中
そうちょう	早朝	荘重	総長	曹長	双鳥	そう重	走鳥
そうてい	想定	装丁	装幀	装蹄	装釘	裝幀	裝釘	送呈	創底	双蹄	壮丁	想提	漕艇	爪蹄
そうてん	装てん	装塡	装填	操典	早天	蒼天	躁転	霜天	争点	総点
そうでん	走電	相伝	送電	僧伝	双臀	桑田
そうと	争斗	僧徒	壮図	壮途
そうとう	争闘	想到	掃蕩	掃討	相當	総統	創党	創沓	双塔	双頭	層塔	掻頭	草頭	送湯	相等	相当
そうど	燥土	相土
そうどう	騒動	双胴	僧堂	槍道	相動	草堂	相同
そうない	創内	層内
そうなめ	総ナメ	総なめ	総嘗め
そうにゅう	挿入	插入	揷入	双乳
そうにん	奏任	棗仁	相人
そうねん	壮年	想念	早年	相念	葬年	送念
そうは	争覇	掻爬	掻破	搔把	搔爬	走破	送波
そうはい	送配	操配
そうはく	蒼白	痩薄	瘦薄	糟粕	総白	そう白
そうはつ	創発	双発	早発	総髪
そうはん	操帆	宋版	相反
そうばがき	相場書	相場書き
そうばん	双盤	宋版	層板	巣板
そうひ	剿匪	巣脾	槍匪
そうひょう	総評	叢氷	総表
そうび	装備	壮美	薔薇	総尾
そうびょう	走錨	宗廟	桑苗	躁病
そうびん	聡敏	装罎
そうふ	相扶	送付	送附	孀婦	宗譜	想夫	掃夫	総譜
そうふう	送風	爽風	霜風	そう風
そうふく	僧服	双幅
そうぶ	創部	総武	壮武	総部
そうぶん	僧分	双分	奏文	相分
そうへい	僧兵	総兵
そうへき	双へき	双璧	双辟
そうべつ	送別	層別
そうほう	遭逢	双方	奏法	双峰	双鳳	操法	早報	相法	総包	総苞	葬法	走法
そうほん	送本	宋本	草本
そうほんてん	總本店	総本店
そうぼ	惣墓	爪母
そうぼう	想望	草房	僧坊	僧房	僧帽	双眸	忽忙	怱忙	槍棒	相貌	総坊	艙房	草茅	蒼氓	鎗棒
そうぼり	惣堀	総堀
そうまくり	総まくり	総捲り
そうまとう	走馬灯	走馬燈
そうまとめ	総まとめ	総纏め
そうむ	総務	創夢	双務
そうむしょう	総務省	総務相
そうめい	聡明	聰明	争名	争鳴	奏鳴	層名	早明	滄溟	騒鳴	そう明
そうめつ	剿滅	掃滅
そうめん	素麺	素麵	索麪	索麺	創面	双面
そうもん	奏聞	惣門	総門	僧門	桑門	相聞	草紋
そうやく	挿訳	遭厄	創薬	装薬
そうゆ	総湯	送油
そうゆう	争友	惣有	曾遊	総有
そうよう	装用	掻痒	搔痒	桑葉	瘙痒	瘡瘍
そうらい	候礼	草莱
そうらん	奏覧	綜覧	総攬	総覧	總攬	騒乱	争乱	喪乱
そうり	総理	總理	争利	層理	爭利	爽利	草廬	草裏
そうりゅう	創流	双龍	層流	漱流
そうりょ	僧りょ	僧侶
そうりょう	総量	総領	惣領	爽涼	蒼竜	蒼龍	送料
そうりょく	総力	走力	争力
そうりん	倉廩	僧林	双輪	叢林	桑林	相輪	相隣	装輪
そうるい	走塁	槽類	藻類
そうれい	壮麗	壯麗	葬礼	喪礼	壮齢
そうれん	操練	総連
そうろう	早漏	層楼	層樓	早老	滄浪	走廊
そうろく	僧録	装勒
そうろん	争論	総論	相論
そうわ	総和	送話	挿話
そえがき	添え書	添え書き	添書	添書き
そえぎ	副え木	添え木	添木	そえ木
そえじ	添え字	添字	添え乳
そえじょう	副状	添え状	添状
そえもの	添えもの	添え物	添物
そえん	蘇演	粗宴	粗縁
そか	楚歌	粗菓	遡河
そかい	疎開	租界	素懐
そかく	疎隔	組閣	阻隔
そかつ	蘇活	粗滑
そかん	麁翰	素環
そが	疎画	粗画
そがい	阻害	疎外	疏外	阻碍	阻礙	訴外	そ害
そがく	租額	訴額
そきゅう	遡及	溯及	訴求	遡求
そぎぎり	削ぎ切り	そぎ切り
そぎづくり	削ぎ造り	そぎ造り
そく	速	仄	息	足
そくい	即位	続飯	測位	側囲	足囲
そくえん	側縁	測鉛
そくおん	足温	促音	側音	測温
そくが	側臥	側芽	足芽
そくさん	測算	速算
そくざ	側坐	即座
そくし	即死	束糸	側枝	足趾
そくしつ	側室	側膝
そくしゃ	速写	速射	側車	測斜
そくしゅう	束脩	速修
そくしょく	測色	足食
そくしん	促進	即身	測深	足心	足芯
そくじ	即時	側侍	即事	即自
そくじつ	即日	即実
そくじょう	側条	速醸
そくせい	促成	即製	速成	仄声
そくせき	側石	即席	足蹠	足跡
そくせきづけ	即席漬け	即席漬
そくせん	塞栓	側線	測線	足釧	速戦	即戦
そくだん	即断	速断
そくてい	測定	速定	側堤	足底	測程
そくていき	測定機	測定器	測程器
そくてん	側転	則天	測点	測天
そくとう	即答	速答	側頭	足刀
そくど	測度	速度
そくどう	側胴	側道
そくはい	側背	足背
そくはつ	即発	側髪	束髪
そくばく	束縛	束ばく
そくひつ	側筆	速筆
そくび	測微	素首
そくぶ	足部	側部
そくぶん	仄聞	側聞
そくほ	足歩	速歩	測歩
そくほう	速報	側方	即報	速崩
そくろう	仄陋	側廊	足労
そくわん	側わん	側弯	側湾
そけい	塑形	祖型	粗景	素馨	鼠径	鼠蹊
そけいぶ	鼠径部	鼠蹊部
そけん	素絹	訴件	訴権
そげん	溯原	溯源	遡源	祖現	素元	素原
そこい	底意	底方
そこいれ	底入れ	底入
そこう	溯江	溯行	遡江	遡行	素行	粗鋼	租鉱	粗剛	粗硬	粗肴	蘇合	遡航	鼠咬
そこがわ	底側	底革
そこく	祖国	祖國
そこつ	粗こつ	粗忽
そことり	底取	底取り
そこない	損い	損ない
そこなし	底なし	底無し
そこぬけ	底ぬけ	底抜け
そこね	底値	底根
そこばい	底ばい	底這い
そこひ	底翳	内障
そこびえ	底びえ	底冷え
そこびかり	底びかり	底光	底光り
そこびき	底びき	底引	底引き	底曳	底曳き
そこびきあみ	底引き網	底引網	底曳き網	底曳網
そこもの	底もの	底物
そご	齟齬	祖語
そさい	疎菜	疏菜	粗砕	粗細	蔬菜	麤細	そ菜
そさん	疏散	粗餐	素餐
そざい	素材	礎材
そし	阻止	沮止	素子	素紙	祖師	疏食	粗紙	素志	蘇子
そしきかいへん	組織改変	組織改編
そしな	粗品	麁品
そしゃく	咀しゃく	咀嚼	租借
そしょう	訴訟	粗しょう	粗鬆	蘇蕉
そしょく	粗食	麁食	疎植	素食	蔬食
そしり	誹り	謗り	譏	譏り
そしん	粗診	祖神
そじ	素地	措辞	遡時
そじょう	泝上	溯上	遡上	訴状	俎上	沮上	爼上	阻上	そ上
そすい	疏水	疎水	そ水
そすいせい	疏水性	疎水性
そせい	甦生	組成	蘇生	素性	塑性	粗製	そ生
そせき	礎石	祖籍	組積
そそう	沮喪	粗相	阻喪	祖宗
そぞう	塑像	塑造
そぞく	鼠族	鼠賊
そぞろあるき	漫ろ歩き	そぞろ歩き
そぞろがみ	漫ろ神	そぞろ神
そだい	粗大	措大	そ大
そだいごみ	粗大ゴミ	粗大塵	粗大ごみ
そだちざかり	育ちざかり	育ち盛り
そち	措置	素地
そちらがわ	其方側	そちら側
そっかん	速乾	側管
そっき	測器	速記	捉鬼	測気
そっきょ	卒去	測距
そっきん	側近	側筋	即金	速筋
そっくび	素っ首	そっ首
そっけ	素気	素っ気
そっけつ	即決	速決	則闕	速結
そっこう	即行	速攻	側溝	測光	即効	測候	側行	速効
そっこうせい	即効性	速効性
そっこく	即刻	卒哭
そっこん	側根	即今	足根
そっせん	率先	帥先
そっぱ	反っ歯	そッ歯
そつ	帥	卆	卒
そつい	訴追	卒意	率意
そつう	疎通	疏通	措通
そつぎょう	卒業	そつ業
そつぎょうみこみ	卒業見込み	卒業見込
そつけん	卒検	卒研
そつじ	卒爾	率爾
そてい	措定	祖庭
そてつ	粗鉄	蘇鉄
そであて	袖当	袖当て
そでうら	袖裏	そで裏
そでおとし	袖落とし	袖落し
そでかくし	袖隠	袖隠し
そでがき	袖垣	そで垣
そでがわ	袖側	そで側
そでぐくり	袖括	袖括り
そでぐち	ソデ口	袖口	そで口
そでぐり	袖ぐり	袖刳り
そでした	袖下	そで下
そでしょう	袖章	そで章
そでじるし	袖印	袖標
そでたけ	袖丈	そで丈
そでつき	袖つき	袖付き
そでつけ	袖付	袖付け	袖附	そで付け
そでなし	袖なし	袖無し
そでのした	袖の下	そでの下
そでひき	袖ひき	袖引き
そでやま	袖山	そで山
そでやり	袖ヤリ	袖遣り
そとあし	外脚	外足
そとあそび	外遊び	外あそび
そとあつかい	ソト扱い	外扱い
そとう	素陶	俎豆	粗糖	訴答
そとかべ	外かべ	外壁
そとがき	外書	外書き
そとがま	外がま	外釜
そとがわ	外側	外がわ	外革
そとく	祖徳	租特
そとそで	外そで	外袖
そとだき	外だき	外焚き
そとづら	外ヅラ	外面
そとなべ	外なべ	外鍋
そとのし	外のし	外熨斗
そとのり	外のり	外法
そとはね	外ハネ	外跳ね
そとば	卒塔婆	卒堵婆	卒都婆
そとびらき	外開	外開き
そとぶた	外ぶた	外ブタ	外蓋
そとぼうき	外ぼうき	外箒
そとぼり	外濠	外堀
そとまき	外まき	外巻き
そとまた	外また	外股
そとまわり	外回り	外まわり	外周り	外回	外圍	外廻り
そとむき	外むき	外向き
そとわく	外わく	外枠
そどう	粗動	粗銅
そどく	素読	鼠毒
そなえ	備へ	備え	供え
そなえおき	備え置き	備置き
そなえつけ	備付け	備え付け	備付	備附け
そなえもち	供え餅	供餅
そなえもの	供えもの	供え物	供物	そなえ物
その	苑	園
そば	側	蕎麦	傍	稜	岨
そばうち	ソバ打ち	蕎麦打ち	そば打ち
そばかす	蕎麦滓	雀斑
そばがき	蕎麦がき	蕎麦掻き
そばがら	ソバ殻	蕎麦殻	そば殻
そばきり	蕎麦切	蕎麦切り	そば切	そば切り
そばこ	ソバ粉	蕎麦粉	そば粉
そばごめ	蕎麦米	そば米
そばちゃ	蕎麦茶	そば茶
そばつゆ	蕎麦つゆ	蕎麦ツユ	蕎麦汁
そばづえ	側杖	傍杖	そば杖
そばづくり	蕎麦づくり	蕎麦作り	そば作り
そばてん	蕎麦店	ソバ店	そば店
そばどころ	蕎麦処	そば処
そばばたけ	ソバ畑	蕎麦畑	蕎麦畠
そばまくら	ソバ枕	蕎麦枕
そばめ	妾	側目	側女	側妻	側妾
そばめし	蕎麦飯	そば飯
そばもち	蕎麦餅	そば餅
そばや	ソバ屋	蕎麦屋	そば屋
そばゆ	蕎麦湯	そば湯
そびょう	素描	粗描	祖廟
そふ	祖父	祖父	粗布
そふく	粗服	素服
そぶり	素ぶり	素振り
そほう	疎放	粗放	素封	祖法	租法	措法
そほん	粗ほん	粗笨	祖本
そぼく	素朴	素樸	蘇木
そま	蘇麻	杣
そまかく	杣角	そま角
そまびと	杣人	そま人
そまみち	杣径	杣道
そまやま	杣山	そま山
そまん	ソ満	疎慢	粗慢
そみつ	疎密	粗密
そめ	染	染め
そめあがり	染め上がり	染め上り	染上がり	染上り
そめい	疎明	疏明
そめいと	染め糸	染糸
そめかえ	染め更え	染め替え	染更え
そめがすり	染め絣	染め飛白
そめじ	染め地	染地
そめつけ	染めつけ	染め付け	染付	染付け
そめぬき	染抜	染抜き
そめぬの	染め布	染布
そめむら	染めむら	染めムラ	染め斑
そめもの	染め物	染物	そめ物
そめもよう	染め模様	染模様
そめわけ	染め分け	染分	染分け
そもそも	抑も	抑
そもそもろん	抑論	そもそも論
そや	征矢	粗野	そ野
そゆ	祖油	粗油
そよう	素養	疎用	粗葉	蘇葉
そよかぜ	微風	そよ風
そら	空	昊	宙
そらあい	空合	空合い
そらい	徂来	祖来
そらいろ	空色	そら色
そらごと	空ごと	空事	空言	嘘言
そらだき	空薫	空薫き
そらなき	空泣き	そら泣き
そらに	空似	そら似
そらね	空寝	空音	そら寝	そら音
そらまめ	ソラ豆	天豆	空豆	蚕豆	蠶豆	そら豆
そらみみ	空耳	そら耳
そらわらい	空笑	空笑い
そり	橇	剃	剃り	反り
そりあじ	剃り味	そり味
そりあそび	ソリ遊び	そり遊び
そりあと	剃りあと	剃り跡	そり跡
そりいぬ	ソリ犬	橇犬	そり犬
そりじた	反り舌	そり舌
そりはし	反り橋	反橋	そり橋
そりば	剃り刃	そり刃
そりみ	反り身	反身	そり身
そりゃく	疎略	粗略	麁略
それい	措令	祖霊
それぞれ	其々	其其	夫夫
それだま	外彈	逸れ弾	それ弾
そろい	揃	揃い
そろいうち	揃い打ち	揃打
そろいぶみ	揃い踏み	そろい踏み
そろいもの	揃い物	揃物
そろう	疎漏	粗漏
そろばん	十露盤	珠盤	算盤	そろ盤
そん	村	損	邨	樽
そんい	村医	遜位
そんえい	村営	尊影
そんかい	損壊	村会
そんかん	存款	尊簡	尊翰
そんがい	村外	損害
そんき	尊貴	損気
そんきょ	蹲居	蹲踞
そんぎ	存疑	村議
そんぎり	損切	損切り
そんけい	尊敬	尊兄
そんこう	損耗	尊公
そんし	尊師	村史
そんしょ	尊書	損所
そんしょう	損傷	尊称	尊稱	尊勝	村庠
そんしょく	孫色	遜色
そんしん	尊信	尊神
そんじょう	存城	尊攘	遜譲
そんすう	尊崇	村数
そんせい	村政	村勢
そんそ	尊俎	樽俎	樽爼
そんそん	孫々	孫孫
そんぞく	存続	尊属
そんたく	忖度	尊宅
そんだい	尊大	尊台	尊臺
そんちょう	尊重	村長
そんどう	尊堂	村堂	村童	村道
そんのう	尊王	尊皇
そんのうじょうい	尊王攘夷	尊皇攘夷
そんのうろん	尊王論	尊皇論
そんぴ	存否	尊卑	村費
そんめい	尊名	尊命	村名
そんもう	損耗	損亡
そんゆう	村有	村邑
そんりつ	存立	村立
そーだすい	ソーダ水	曹達水
ぞう	増	像	憎	臓	象	僧	雑	造
ぞうあく	増悪	造悪
ぞうあし	ゾウ脚	象足
ぞうい	贈位	贈遺
ぞうえい	造営	造影	像影
ぞうえき	増益	雑役
ぞうえん	増援	造園	憎怨	造塩
ぞうえんか	造園科	造園家
ぞうか	増加	増価	造花	雑歌	贈歌	造貨	造化
ぞうかん	増刊	増患	贈官	造艦	増感	臓寒	造管	雑かん	雑柑
ぞうがめ	象がめ	象亀
ぞうがん	象嵌	象眼	造岩	造顔
ぞうき	雑木	臓器	造機	ぞう木
ぞうきょう	増強	蔵経
ぞうきん	雑巾	雑布	増菌
ぞうきんがけ	雑巾掛け	雑巾掛	ぞうきん掛け	ぞうきん掛	雑巾がけ
ぞうけい	造形	造型	造けい	造詣	ぞう形
ぞうけつ	増結	造血	増血
ぞうけつざい	造血剤	増血剤
ぞうげん	増減	雑言	造言
ぞうこう	像高	増光	増高	造構	増嵩
ぞうさ	造作	雑作	増差
ぞうさく	増作	造作
ぞうし	増資	贈謚	雑仕	造士	造紙	曹子	曹司	草子	双紙	草紙	冊子
ぞうしゃ	増車	象舎
ぞうしゅ	像主	造酒	造主
ぞうしゅう	増収	造修
ぞうしゅうわい	贈収賄	贈・収賄
ぞうしょう	増床	蔵相	蔵象	藏象	造礁
ぞうしょく	増殖	増植	增殖
ぞうしん	増進	蔵身	贈進	造進	増深	象神
ぞうじ	造寺	象耳	造字	造次	雑事
ぞうじょう	増醸	増上	造醸	造釀	雑上
ぞうすい	増水	雑炊
ぞうすう	増嵩	増こう
ぞうせい	造成	増勢	増生	臓性	造精
ぞうせつ	造設	増設
ぞうせん	造船	ぞう船
ぞうそう	造巣	増巣	増槽
ぞうたい	増体	造替	造袋
ぞうたん	雑談	増反	増炭
ぞうだい	増大	増台
ぞうち	増置	蔵置	増値
ぞうちく	増築	造築
ぞうちょう	増長	増徴	造塚
ぞうつかい	ゾウ使い	象使い
ぞうてい	贈呈	増訂
ぞうとう	増投	増頭	贈答	増灯	蔵刀	象頭
ぞうとく	蔵匿	藏匿
ぞうは	増波	増派	増破	造波
ぞうはん	造反	増販	増版	蔵版
ぞうひん	贓品	ぞう品
ぞうふく	増幅	増福	蔵幅
ぞうふくき	増幅機	増幅器
ぞうぶつ	賍物	贓物	造仏	造物
ぞうへい	増兵	造幣	象兵	造兵
ぞうほう	増俸	蔵鋒
ぞうほん	蔵本	造本
ぞうむし	象虫	象鼻虫
ぞうもつ	臓物	雑物
ぞうよう	像容	雑徭	雑用
ぞうりゅう	造立	造粒
ぞく	賊	粟	簇	俗	族	足
ぞくえん	続演	俗縁	族縁
ぞくがく	俗学	俗楽
ぞくげん	俗言	俗諺
ぞくさい	続載	俗才
ぞくし	属司	賊子
ぞくしゅう	俗習	俗臭	俗衆	属州	続輯
ぞくしょう	俗称	族称	賊将
ぞくしん	続伸	俗信	賊臣
ぞくじ	俗字	俗耳	俗事
ぞくじん	俗人	俗塵	属人
ぞくせい	簇生	続生	属性	俗姓	族制	続成
ぞくそう	俗僧	俗箏
ぞくたい	俗体	俗諦
ぞくち	俗知	属地	賊地	俗智
ぞくちょう	族長	続貂
ぞくとう	続騰	続投	属島	賊党
ぞくへん	続編	続篇
ぞくほう	続報	属邦
ぞくみょう	俗名	続命
ぞくめい	俗名	属名	族名	賊名
ぞくよう	俗様	俗用	俗謡	族葉
ぞくり	俗吏	属吏
ぞくりゅう	俗流	粟粒
ぞくりょう	俗了	属僚	属領
ぞくろく	続録	續録
ぞこない	損い	損ない
ぞっか	俗化	俗歌
ぞっかい	続開	俗界	俗解	賊魁
ぞっかく	俗客	属格
ぞっかん	続刊	俗間	属官
ぞっこう	続行	続航	続稿
ぞなえ	備へ	備え
ぞめ	染	染め
ぞら	空	昊	宙
ぞり	橇	剃り	剃	反り
ぞろめ	ゾロ目	ぞろ目
ぞんじ	存知	存じ
た	他	田	多
たあそび	田遊び	田遊
たい	対	對	態	体	他意	堆	鯛	隊	台
たいあたり	体あたり	体当たり	体当り
たいあつ	耐圧	体圧
たいあん	大安	対案
たいい	退位	体位	態位	大尉	大意	大異	太乙	太尉	対位
たいいき	大域	帯域
たいいつ	大一	太一
たいいん	退院	退隠	太陰	対印	隊員
たいうん	大運	頽運
たいえい	退営	対英	退えい	退嬰
たいえき	退役	体液	怠役
たいえん	太淵	退園
たいおう	対応	太王	滞欧	対欧
たいおとし	体落とし	体落	体落し
たいか	大家	退化	大火	対加	対価	耐火	大厦	大廈	大過	対華	滞貨	隊歌	体化
たいかい	大会	大海	退会	大界	抬魁	擡魁	耐灰
たいかく	体格	対角	躰格	體格	台閣	対格
たいかん	大観	対捍	退官	退艦	対韓	戴冠	耐寒	大官	大患	大旱	大鑑	対艦	対鑑	退館	体幹	体感	大汗
たいが	大河	大我	胎芽
たいがい	対外	大概	体外	大害	大街
たいがく	退学	怠学
たいがん	対顔	対岸	大願	対がん	対癌	体がん	体ガン	体癌
たいき	大気	待機	他域	大器	大旗	対気	対氣	待期	隊旗	隊規
たいきゅうひ	堆きゅう肥	堆厩肥
たいきょ	退去	大挙	退居	太虚
たいきょう	体協	滞京	退京	胎教	大教
たいきょく	対局	太極	大極	大局	対極	大曲	退局
たいきょくけん	大極拳	太極拳
たいきん	退勤	大金	腿筋
たいぎ	大義	大儀	大議	対義	耐蟻	体技
たいぎょう	怠業	大業
たいく	体躯	体軀	體軀
たいくう	滞空	耐空	対空
たいくつ	退屈	怠屈	退窟
たいくつしのぎ	退屈凌ぎ	退屈しのぎ
たいくん	帯勲	帶勲	大君
たいぐう	待遇	対偶
たいぐん	大軍	大群	大郡
たいけい	体系	體系	体型	大径	体刑	大慶	大計	太谿	対景	袋形	隊形	大兄	体形	大系	大経
たいけん	体験	帯剣	大権	大權	大剣	大圏	大憲	大謙	大賢
たいげ	帯下	退下
たいげい	態芸	態藝
たいげん	大言	体現	体言
たいこ	太古	大呼	太鼓
たいこう	大綱	対抗	對抗	対交	対向	対校	退校	退行	体高	太閤	耐候	体腔	大効	大閤	対光	泰皇	褪紅	退紅	大行	体構	大荒	大公	大光	大功
たいこん	大婚	待婚
たいご	大悟	対晤	隊伍	対語
たいごう	大剛	太后	対合	対告	対豪
たいごく	大獄	退獄
たいごはん	鯛ごはん	鯛御飯
たいさ	大差	大佐	堆砂	対査
たいさい	大才	体菜	大腮	太歳	太細	耐災	大祭
たいさく	対策	大作
たいさつ	体察	大冊
たいさばき	体さばき	体捌き
たいさん	退散	耐酸	泰山	大山
たいさんぼく	大山木	泰山木
たいざ	対坐	対座	退座
たいざい	滞在	大罪
たいざん	泰山	太山	大山
たいし	大使	大史	大志	大死	大祀	大肆	太史	対支	對支	耐脂	胎脂	隊士	太子
たいしつ	対質	退失	退室	体質	耐湿
たいしゃ	退社	代謝	大赦	大社	代赭	隊舎	大舎	大斜
たいしゅ	大守	大珠	太守	対手	退守
たいしゅう	大衆	体臭	待衆
たいしゅうし	大衆誌	大衆紙
たいしゅく	滞宿	退縮
たいしゅつ	帯出	退出
たいしょ	対処	大書	大暑	太初	対蹠	耐暑	退所	大所
たいしょう	対象	大将	対照	退廠	大笑	大賞	對象	大捷	対称	隊商	大詔	対償	対唱	対症	大勝
たいしょうしゃ	対象者	対象社
たいしょうせい	対象性	対称性
たいしょうてき	対照的	対症的	対称的
たいしょく	退職	褪色	退色	大食	耐蝕	耐食	躰色	体色
たいしょくてつづき	退職手続	退職手続き
たいしん	対審	對審	退身	大進	耐震	体心	大身	対清	対診	対震	大震
たいじ	退治	対治	対じ	対峙	帯磁	胎児	対自	待時	胎仔
たいじゅ	大樹	大儒
たいじょう	退場	退城	太常	帯状	体上
たいじん	退陣	対陣	滞陣	対人	耐刃	大人
たいすい	大酔	耐水	帯水	滞水	胎水
たいすう	対数	大数	隊数
たいせい	体制	対生	大勢	態勢	体勢	耐性	太清	対世	対成	帯青	泰西	胎生	腿性	退勢	頽勢	対勢	体性	大聖	大成	大政	大声
たいせいか	体制化	耐性化
たいせき	台積	堆積	滞積	退席	体積	堆石	たい積
たいせつ	堆雪	体節	大節	耐雪	大雪
たいせん	退船	対潜	対鮮	滞船	苔癬	苔蘚	対戦	大戦
たいそ	対ソ	太祖	太素
たいそう	体操	体そう	躰操	大喪	大宗	大棗	大葬
たいそく	大息	体側	隊則	対側
たいぞう	退蔵	胎蔵
たいた	太多	対他
たいたい	対々	退隊	隊隊	隊々
たいだ	怠だ	怠惰
たいだん	対談	退団
たいち	対置	大智	大知	対地	太一
たいちょう	退庁	退朝	体長	体調	対潮	対頂	退潮	隊長
たいてい	退廷	大帝
たいていがく	退・停学	退停学
たいてき	対敵	大敵
たいてん	退転	退店	大典	戴天
たいでん	帯電	退田
たいとう	大統	台頭	抬頭	擡頭	対当	退党	大纛	耐糖	退棟	頽唐	大盗	帯刀
たいとん	太敦	胎豚
たいど	態度	堆土	大度	胎土
たいどう	胎動	退堂	帯同	体動	大道
たいどく	対独	滞独	耐毒	胎毒
たいない	対内	胎内	隊内	体内
たいにち	滞日	対日	台日
たいにん	退任	体認	大任
たいねつ	耐熱	体熱
たいねん	諦念	耐燃
たいのう	怠納	滞納	台農	胎嚢
たいは	耐波	大破
たいはい	大敗	退廃	頽廃	頽敗	大旆	大杯	大盃	帯佩
たいはく	大白	太白
たいはん	大半	体半	大藩
たいばく	対爆	耐爆
たいばん	対バン	体盤	胎盤
たいひ	退避	待避	堆肥	対比	台肥	貸費	退皮	たい肥
たいび	大尾	対備
たいびょう	耐病	大病
たいふ	大夫	大補	太傅
たいふう	台風	颱風	耐風	大風
たいふつ	対仏	滞仏
たいぶ	大部	退部	体部
たいへい	泰平	太平	大兵	たい平
たいへん	大編	対辺
たいべい	対米	滞米
たいほ	退歩	逮捕
たいほう	大鳳	大砲	大封	大炮	大邦	大方	大法	隊法
たいぼう	待望	体貌	大望	耐乏	戴帽
たいま	大麻	耐摩	退魔
たいまい	大枚	玳瑁	瑇瑁
たいまつ	松明	焚松
たいまん	怠まん	怠慢	対満
たいめい	待命	隊名	体鳴	大命
たいめし	鯛めし	鯛飯
たいめん	対面	体面	泰緬
たいもう	体毛	大望
たいやき	タイ焼き	鯛焼	鯛焼き	たい焼き
たいやく	大約	大役	対訳	大厄	退薬
たいゆう	大勇	大猷	体用
たいよう	太陽	態様	耐用	体様	体容	大妖	帯蛹	態容	耐容	耐溶	体用	太よう	大要	大洋
たいよく	大慾	大欲
たいら	平	平ら
たいらがい	平ら貝	平貝
たいらく	大絡	頽落
たいらん	大乱	台覧
たいりつ	対立	對立
たいりゅう	滞留	対流	大竜	大龍	大流
たいりょう	大量	退寮	大漁	大猟	体量	大領	太陵	躰量
たいりょく	体力	耐力
たいりん	大輪	台臨
たいれい	大令	大礼	耐冷	胎齢	頽齢
たいろ	対露	滞露	退路
たいろう	大老	大楼	大牢
たいろく	大祿	大禄
たいわ	対話	對話
たいん	他院	多飲	多淫	多いん
たう	多雨	多羽
たうえ	田植え	田うえ	田植
たうえき	田植え機	田植機
たうた	田うた	田歌
たうち	田打	田打ち
たえま	絶え間	絶間	絶えま	たえ間
たおこし	田おこし	田起こし
たか	他科	多佳	多価	多花	多寡	鷹	高
たかあがり	高上がり	高上り
たかい	他界	多回
たかいびき	高いびき	高鼾
たかおこし	高起こし	高起し
たかおに	高おに	高鬼
たかがい	鷹飼	鷹飼い
たかがかり	高懸り	高掛かり
たかがり	鷹狩	鷹狩り	たか狩り
たかく	多角	他覚	多核	多獲
たかぐもり	高曇	高曇り
たかげた	高下駄	高げた
たかたか	高高	高々
たかたかゆび	高々指	高高指
たかつき	高つき	高坏	高杯
たかつぎ	高つぎ	高接ぎ
たかとび	高跳び	高とび	高跳	高飛び	高飛
たかとびこみ	高飛び込み	高飛込み
たかどの	高どの	高樓	高殿
たかどまり	高止まり	高どまり
たかね	高値	高根	高音	高嶺
たかのつめ	鷹の爪	たかの爪	タカの爪	鷹のツメ
たかは	タカ派	鷹派	高歯	たか派
たかはり	高張	高張り
たかばさみ	高バサミ	高挟み
たかぶり	高ぶり	昂ぶり
たかぼうき	高ぼうき	高箒
たかまくら	高まくら	高枕
たかまち	タカ待	たか待
たかまり	高まり	昂まり
たかむら	篁	竹叢
たかもち	高持	高持ち
たかもり	高盛	高盛り
たから	宝	財
たからがい	タカラ貝	宝貝	たから貝
たからくじ	宝クジ	宝くじ	宝籤
たからさがし	宝さがし	宝探し
たからじま	宝島	たから島
たからづくし	宝尽くし	宝尽し
たからもの	宝物	宝もの	たから物
たかりよばわり	タカリ呼ばわり	たかり呼ばわり
たかん	多感	他感	多汗	多管	た感
たがい	他害	互い	互ひ	互
たがいせん	互い先	互先
たがね	鏨	鑽
たがねいた	タガネ板	鏨板
たがめ	田亀	水爬虫	田鼈
たき	滝	多岐	瀧
たきあげ	焚き上げ	焚上
たきあわせ	炊きあわせ	炊き合せ	炊き合わせ	炊合せ	炊合わせ	焚き合せ	焚き合わせ	たき合わせ
たきおとし	焚き落し	焚き落とし	焚落し	焚落とし	たき落とし
たきがら	焚き殻	たき殻
たきぎ	薪	焚き木	薪木	たき木
たきぎつくり	薪つくり	薪作り
たきぎょう	滝行	他企業
たきぐち	滝口	瀧口	焚き口	焚口	たき口
たきこみ	炊込み	炊きこみ	炊き込み	たき込み
たきこみごはん	炊きこみご飯	炊きこみ御飯	炊き込みご飯	炊き込み御飯	炊込みご飯	炊込み御飯	炊き込みごはん
たきごもり	滝籠	滝籠り
たきざくら	滝ザクラ	滝桜
たきたて	炊きたて	炊き立て
たきだし	炊き出し	炊出し	焚き出し	焚出し
たきつけ	焚き付	焚き付け	焚付	焚付け	たき付け
たきつぼ	滝つぼ	滝壷	滝壺
たきながし	滝流	滝流し
たきばらい	滝ばらい	滝祓い
たきび	焚き火	焚火	たき火
たきまつり	滝祭	滝祭り
たきみず	滝水	瀧水
たきめぐり	滝めぐり	滝巡り
たきもの	焚き物	焚物	薫物	たき物
たきょく	他局	多極	他極
たぎょう	他業	た行	他行
たく	宅	他区	托	鐸	拓	卓
たくあつかい	宅扱	宅扱い
たくし	卓子	度支
たくしょう	卓床	托生	拓相	託生
たくしょく	拓殖	拓植
たくしん	託身	宅診	鐸身
たくじょう	卓上	卓状
たくせん	託宣	宅占
たくそう	宅送	託送
たくち	拓地	宅地
たくばつ	卓抜	択伐
たくま	琢磨	琢磨
たくみ	匠	内匠	工
たくみじゅく	匠塾	たくみ塾
たくみどり	巧婦	巧鳥
たくらみ	企み	企らみ	企
たくろう	宅浪	宅老
たくわえ	貯え	貯へ	蓄え
たぐい	類い	類
たぐん	他群	他軍
たけ	竹	丈	岳	茸	峯	他家	他化
たけあみ	竹編	竹編み
たけあわせ	丈合わせ	丈合せ
たけい	他形	多型	多形	多景
たけいかだ	竹いかだ	竹筏
たけうま	竹うま	竹馬
たけかご	竹かご	竹カゴ	竹篭	竹籠
たけがり	茸狩	茸狩り	たけ狩り
たけくぎ	竹くぎ	竹釘
たけぐし	竹ぐし	竹串	竹グシ
たけこき	竹こき	竹扱	竹扱き
たけざお	竹ざお	竹棹	竹竿
たけざる	竹ざる	竹ザル	竹笊
たけつめ	丈つめ	丈詰め
たけとんぼ	竹とんぼ	竹トンボ	竹蜻蛉
たけなわ	竹縄	酣	闌
たけのこ	春笋	竹の子	笋	筍	鮮笋	竹鋸
たけひご	竹ひご	竹ヒゴ	竹籤
たけぶき	岳蕗	竹ぶき	竹葺き
たけべら	竹べら	竹ベラ	竹箆	竹篦
たけぼうき	竹ぼうき	竹ボウキ	竹帚木	竹箒
たけみつ	竹みつ	竹光
たけむち	竹笞	竹鞭
たけや	竹屋	竹矢
たけやぶ	竹藪	竹やぶ	竹籔	竹薮
たけやり	竹やり	竹ヤリ	竹槍
たけわり	竹わり	竹割	竹割り
たけん	他県	他犬	他見
たげん	他言	多元	多言
たこ	章魚	蛸	鮹	凧	胝	胼	胼胝	腓胝
たこあげ	凧上げ	凧揚げ	たこ上げ	たこ揚げ
たこあし	タコ足	章魚足	蛸足	たこ足
たこいと	タコ糸	凧糸	たこ糸
たこう	他行	多項	多幸	他校	他項	多口	多孔
たこおどり	タコ踊り	蛸踊り
たこおやじ	タコ親父	蛸親父
たこがお	タコ顔	蛸顔
たこく	他国	多国
たこす	蛸酢	たこ酢
たこすぎ	蛸杉	たこ杉
たこつき	章魚突き	蛸搗き	蛸突き
たこつぼ	タコ壷	タコ壺	蛸壷	蛸壺
たこつり	タコ釣り	蛸釣り
たこづくり	凧作り	たこ作り
たこべや	タコ部屋	蛸部屋	たこ部屋
たこぼうず	たこ坊主	蛸坊主
たこめし	タコ飯	蛸飯
たこやき	タコ焼	タコ焼き	蛸焼き	たこ焼	たこ焼き
たご	多語	担桶
たごし	手輿	腰輿
たごしらえ	田ごしらえ	田拵え
たごん	他言	多含	多言
たさい	多才	多妻
たさん	多産	多酸
たざい	他剤	他財	多剤	多罪	多財
たし	他市	他氏	他紙	他誌	多士	多子	多指	多死	多肢	足し
たしざん	足し算	足算	たし算
たしつ	多湿	他室
たしゃ	多謝	他者	他社	他車
たしゅ	多種	他種
たしゅう	他州	多収	他宗
たしょ	他書	他署	他所
たしょう	多少	夛少	他傷	他称	他章	多照	多祥	多笑	他生	多生	他省
たしょく	多色	多食	他殖
たしょくずり	多色刷り	多色刷
たしん	多神	多心
たじ	他事	多事
たじゅう	多重	多住	多汁
たすう	多数	多數
たすきがけ	襷がけ	襷掛け	たすき掛け
たすけ	助け	援け	資け
たすけあい	助け合い	助けあい
たすけぶね	助け舟	助け船	援け舟	たすけ舟
たずねさき	尋ね先	たずね先	訪ね先
たずねもの	尋ねもの	尋ね物	尋ね者	たずね者
たせい	他姓	多声
たせん	他薦	他船	多選
たそがれどき	黄昏どき	黄昏時	たそがれ時
たそく	多側	多足
たたい	他体	他隊	多胎
たたえごと	称え言	称え詞	称辞
たたかい	戦い	闘い	戰い	鬪ひ
たたかいづめ	戦いづめ	戦い詰め
たたき	叩き	三和土	敲	敲き
たたきあげ	叩き上げ	たたき上げ
たたきあらい	叩き洗い	たたき洗い
たたきうめ	叩き梅	たたき梅
たたきうり	叩き売り	たたき売り
たたきがね	叩き鐘	たたき鉦
たたきだい	叩き台	たたき台
たたきば	タタキ場	叩き場
たたずまい	佇い	佇まい	佇まひ	佇
たたみ	畳	畳み
たたみいと	畳糸	たたみ糸
たたみいわし	畳み鰯	畳イワシ	畳鰯
たたみがえ	畳替	畳替え
たたみじき	畳敷き	畳敷
たたみべや	畳部屋	たたみ部屋
たたみべり	畳べり	畳縁
たたら	踏鞴	蹈鞴
たたり	祟	祟り	祟リ
たたりがみ	祟り神	たたり神
たたりめ	祟り目	たたり目
たたん	多端	他端
ただ	啻	只	唯
ただいま	只今	唯今	ただ今
ただごと	只事	唯事	徒事	ただ事
ただしがき	但し書	但し書き	但書	但書き	ただし書き	ただし書
ただどり	タダ取り	只取り	ただ取り
ただなか	只中	唯中	直中	ただ中
ただのり	タダ乗り	只乗り	ただ乗り
ただばたらき	タダ働き	只ばたらき	只働き	徒働き	ただ働き
ただぶろ	タダ風呂	只風呂
ただめし	タダ飯	只飯	ただ飯
ただもどり	徒戻り	ただ戻り
ただもの	只者	徒者	ただ者
ただれめ	爛れ目	爛目	ただれ目
たち	立	立ち	多値	多智	大刀	太刀	横刀	館	質
たちあい	立ち会い	立会	立ち合い	立ち合	立ち合ひ	立ち會ひ	立会い	立合い	立ち会	立合
たちあがり	立ち上がり	立ち上り	立上がり	立上り	裁ち上がり	裁ち上り	裁上がり	裁上り	立ちあがり
たちあげ	立上げ	起ち上げ	立ち上げ
たちあらい	太刀洗い	太刀洗
たちあるき	立ち歩き	立歩き
たちあわせ	断ち合わせ	裁ち合わせ
たちい	立ち居	立居
たちいた	裁ち板	裁板
たちいり	立入	立ち入り	立ちいり	立入り
たちいりけん	立入権	立ち入り権	立入り権
たちうち	太刀打ち	太刀うち	立ちうち	立ち射ち	立ち打ち	立射ち	立打ち
たちうり	立ち売	立ち売り	立売	立売り
たちえり	立ちえり	立ち衿	立ち襟
たちおうじょう	立往生	立ち往生
たちおくれ	立ちおくれ	立ち後れ	立ち遅れ
たちおとし	裁ち落し	裁ち落とし	裁落し	裁落とし
たちおよぎ	立ち泳ぎ	立泳	立泳ぎ
たちかた	立方	立ち方
たちかわり	立ち代わり	立ち替わり	立ちかわり	立ち替り	立替り
たちがれ	立ち枯れ	立枯	立枯れ
たちき	立ち木	立木
たちきも	タチ肝	たち肝
たちぎえ	立ち消え	立消え	たち消え
たちぎき	立ち聞き	立ちぎき	立聞き
たちぎれ	裁ち切れ	裁ち布	裁切れ	裁布
たちくず	裁ち屑	裁屑
たちくらみ	立ちくらみ	立ち眩み
たちぐい	立ち喰い	立ち食い	立喰	立食い	たち食い
たちぐされ	立ち腐れ	立腐れ
たちぐらみ	立ち暗み	立ち眩み	立暗み	立眩み
たちげ	立ち毛	立毛
たちごおり	立ち氷	たち氷
たちごしらえ	太刀拵	太刀拵え
たちさばき	太刀さばき	太刀捌き
たちしょうべん	立小便	立ち小便
たちしょん	立ちしょん	立ちション
たちすがた	太刀姿	立ち姿	立姿
たちすくみ	立ち竦み	立ちすくみ
たちすじ	太刀すじ	太刀筋
たちだい	立ち台	裁ち台
たちづめ	立ちづめ	立ち詰め	立詰め
たちとり	太刀取	太刀取り
たちどおし	立ち通し	立通し
たちなおり	立ち直り	立直り	たち直り
たちながし	立ち流し	立流し
たちぬい	裁ち縫い	裁縫い
たちのき	立ちのき	立ち退き	立退	立退き	たち退き
たちのみ	立ち飲み	立ち呑み	立呑み	立飲み
たちば	立場	立庭	たち場
たちばさみ	裁ちばさみ	裁ちバサミ	裁ち鋏
たちばな	橘	橘花
たちばなし	立ち話	立話	たち話
たちばん	立ち番	立番
たちひざ	立ちひざ	立ち膝
たちびな	立ち雛	立ちびな	立雛
たちふるまい	立ちふるまい	立ち振る舞い	立ち振舞	立ち振舞い	立振舞	立振舞い
たちぶるまい	立ち振舞い	立振舞い
たちまち	立ち待ち	立待
たちまわり	立ち回り	立ちまはり	立ち廻り	立回り
たちみ	立見	立ち見
たちめ	裁ち目	裁目
たちもち	太刀持	太刀持ち	立ち餅
たちもの	断ち物	裁ち物	裁物
たちやく	立ち役	立役
たちより	立ち寄り	立寄	立寄り
たちわき	立ちわき	立ち涌き
たちわざ	立ち技	立ち業	立技	立業
たちわる	タチ悪	質悪
たちんぼう	立ちんぼう	立ちん坊	立ちん棒	立ん坊
たっきゅう	卓球	たっ球
たっけん	卓見	宅建	達見
たっし	達示	達し	達
たっちゅう	塔頭	塔中
たっつけ	裁っ着け	裁着け
たつ	辰	竜	龍
たつのおとしご	竜の落し子	竜の落とし子
たつまき	竜巻	竜巻き
たつみ	辰己	巽	辰巳
たづくり	田づくり	田作	田作り
たづなさばき	手綱捌き	手綱さばき
たて	縦	立て	楯	盾	竪	立	殺陣	館
たてあげ	立て挙げ	立挙
たてあな	タテ穴	竪穴	縦穴	たて穴
たてあみ	建て網	建網	立て網	立網	経編	縦編み	たて編
たていた	タテ板	立て板	立板	縦板	たて板
たていと	タテ糸	縦糸	経糸	縱糸	たて糸
たてうり	建て売	建て売り	建売	建売り
たてかえ	建て替え	立て替	立替	立替え	立て替え	建てかえ	建替	建替え	立てかえ
たてかえがく	立替え額	立替額	立て替え額
たてかえきん	立替え金	立替金	立て替え金
たてかえきんがく	立替え金額	立替金額	立て替え金額
たてかえけいひ	立替え経費	立替経費	立て替え経費
たてかえけいひせいさん	立替え経費精算	立替経費精算	立て替え経費精算
たてかえせいさん	立替え精算	立替精算	立て替え精算
たてかえばらい	立替払い	立て替え払い
たてかく	縦画	たて画
たてかすり	縦絣	たて絣
たてかん	立て看	縦勘	縦感
たてがき	縦書き	たて書き
たてがた	タテ型	立型	竪型	縦型	盾形
たてがまち	堅框	縦框
たてがみ	立髪	鬣	立神
たてぐし	竪櫛	縦櫛
たてぐみ	タテ組み	盾組	縦組	縦組み
たてけい	縦ケイ	縦罫
たてけずり	立削	立削り
たてこう	立て坑	立坑	竪坑	縦坑	建更
たてこみ	建込み	立て込み
たてこもり	立てこもり	立て籠り	立て籠もり
たてごと	立琴	竪琴	たて琴
たてざ	たて座	楯座
たてざき	縦ざき	縦裂き
たてざる	縦ざる	縦笊
たてしお	立て塩	立塩
たてしわ	縦しわ	縦シワ
たてしん	竪芯	縦芯
たてじく	タテ軸	縦軸	たて軸
たてじま	立縞	竪縞	縦じま	縦縞	たて縞
たてじわ	竪皺	縦じわ	縦ジワ	縦皺	たて皺
たてせん	縦線	たて線
たてだき	立て抱き	縦抱き
たてつけ	建てつけ	建て付け	建付	立て付け
たてつづけ	立て続け	立てつづけ	たて続け
たてつぼ	建て坪	建坪	立坪
たてなおし	立て直し	建て直し	建直し	立直し	たて直し
たてならび	縦ならび	縦並び	たて並び
たてなわ	立て縄	縦縄
たてぬし	建て主	建主
たてのり	縦ノリ	縦乗り
たてはぎ	縦矧	縦矧ぎ
たてば	立場	建て場	建場	立て場
たてひき	立て引	立て引き	立引	立引き	達引	達引き
たてひざ	立てひざ	立て膝	立膝
たてひも	縦ひも	縦紐
たてびき	縦びき	縦引き	たて引き
たてふだ	立て札	立てふだ	立札
たてぶえ	縦笛	たて笛
たてぶみ	立文	たて文
たてぼし	建干	建干し
たてまえ	建て前	建前	建てまえ	立前	点前	たて前
たてまき	立て巻き	経巻き	縦巻き	たて巻き
たてまし	建て増し	建増し
たてみぞ	縦ミゾ	縦溝
たてむすび	タテ結び	縦結び	たて結び
たてもの	建物	立者	立物	建て物	たて物
たてや	建屋	建家
たてやくしゃ	立役者	立て役者
たてよこ	たて横	縦横
たてわき	帯刀	太刀帯
たてわく	立て涌	立枠	立涌	縦枠
たてわり	タテ割り	タテ割	縦割り	縦割
たてん	他店	多点
たとう	多答	多党	多島	多灯	多糖	多頭	他党	畳
たとうがみ	畳紙	たとう紙
たとえ	喩え	譬	譬え	譬へ	例え
たとえばなし	例え話	譬え話	たとえ話
たどう	他動	多動
たどりよみ	辿り読み	たどり読み
たな	棚	店
たなあげ	棚上げ	たな上げ
たないた	棚板	たな板
たなうけ	店請	店請け
たなおろし	棚卸し	店卸	店卸し	棚おろし	棚卸	たな卸	たな卸し
たながり	店借	店借り
たなぐも	棚雲	たな雲
たなこ	店子	たな子
たなざらえ	棚ざらえ	棚浚え
たなざらし	店晒し	棚ざらし	棚晒し
たなちん	店賃	たな賃
たなづくり	棚づくり	棚作り
たなばた	七夕	棚機
たなばたうま	七夕ウマ	七夕馬
たなばたまつり	七夕まつり	七夕祭り	七夕祭
たなぼた	棚ぼた	棚ボタ
たなわり	棚割	棚割り
たに	谷	谿
たにあい	谷あい	谷合	谷間
たにおり	谷おり	谷折り
たにおろし	谷おろし	谷下ろし
たにかぜ	谷風	谿風
たにがわ	谷側	谷川
たにぐち	渓口	谷口
たにすじ	谷すじ	谷筋
たにどめ	谷止	谷止め
たにま	谷間	谷ま
たぬきおやじ	狸親父	狸親爺
たぬきがお	タヌキ顔	狸顔
たぬきじる	狸汁	たぬき汁
たぬきねいり	狸寝入り	たぬき寝入り
たぬきばやし	狸ばやし	狸囃子
たぬこう	タヌ公	たぬ公
たね	胤	種
たねあかし	種あかし	種明かし	種明し	たね明かし
たねあみ	種アミ	種網
たねいた	タネ板	種板
たねいも	種いも	種イモ	種芋
たねうま	種馬	たね馬
たねおろし	種下し	種下ろし
たねかし	種貸	種貸し
たねがわり	種変り	種変わり
たねぎれ	タネ切れ	種切れ
たねずみ	田ネズミ	田鼠
たねつけ	種付け	種つけ	種漬	種漬け
たねとり	種とり	種取り
たねぬき	種ぬき	種抜き
たねび	種火	たね火
たねほん	タネ本	種本
たねまき	種まき	種播き	種蒔	種蒔き
たねもみ	種もみ	種籾
たねん	多年	他年	多念
たのしみ	楽しみ	娯しみ	愉しみ	楽み
たのしみついで	楽しみついで	楽しみ序で
たのみごと	頼みごと	頼み事
たのも	田のも	田の面
たはた	田畑	田畠
たはつ	多発	他発
たば	束	他馬
たばこ	煙草	烟草	莨
たばこてん	タバコ店	煙草店	たばこ店
たばこや	タバコ屋	煙草屋	たばこ屋
たばね	束ね	束
たばまつげ	束まつげ	束睫
たひ	躱避	多扉	多肥	多臂
たび	旅	度	足袋
たびがらす	旅がらす	旅烏
たびぐらし	旅暮し	旅暮らし
たびさき	旅先	旅さき	たび先
たびずまい	旅住い	旅住まい
たびはだし	足袋はだし	足袋裸足	足袋跣
たびびと	旅人	旅びと
たびまくら	旅まくら	旅枕
たびまわり	旅まわり	旅回り
たびやつれ	旅やつれ	旅窶れ
たふ	多夫	多婦
たぶん	他聞	多分
たへん	他辺	多辺
たべあるき	食べ歩き	食べあるき
たべあわせ	食べあわせ	食べ合わせ
たべおさめ	食べおさめ	食べ収め	食べ納め
たべかけ	食べかけ	食べ掛け
たべかす	食べかす	食べカス	食べ滓
たべくず	食べくず	食べ屑
たべくらべ	食べくらべ	食べ比べ	食べ較べ
たべこぼし	食べこぼし	食べ零し
たべごこち	食べごこち	食べ心地
たべごたえ	食べ応え	食べごたえ
たべごろ	食べごろ	食べ頃
たべざかり	食べざかり	食べ盛り
たべのこし	食べ残し	食べのこし
たべもの	食べ物	喰べもの	食べもの	食べモノ	たべ物
たほう	多胞	他方	他邦	多宝
たぼう	多忙	多望
たま	玉	珠	球	弾	魂	霊
たまあし	弾足	球足
たまおくり	霊送り	魂送り
たまかけ	玉かけ	玉掛	玉掛け
たまかずら	玉縵	玉葛	珠縵
たまかんざし	玉かんざし	玉簪
たまきず	弾傷	玉傷
たまぎり	玉切	玉切り
たまぎれ	弾切れ	玉切れ
たまくしげ	玉くしげ	玉匣	玉櫛笥	玉篋
たまくしろ	玉釧	玉釼
たまぐし	玉ぐし	玉串
たまご	卵	玉子
たまごいろ	タマゴ色	卵色	たまご色
たまごかけ	卵かけ	卵掛け
たまごがた	タマゴ型	卵型	卵形	たまご形
たまごがゆ	タマゴ粥	卵粥	たまご粥
たまござけ	卵酒	玉子酒
たまごとじ	卵とじ	卵綴じ	玉子とじ	玉子綴じ
たまごどうふ	卵豆腐	玉子豆腐
たまごどんぶり	卵どんぶり	卵丼
たまごはだ	タマゴ肌	卵肌	たまご肌
たまごむすび	卵むすび	卵結び
たまごめ	弾ごめ	玉込め
たまごやき	タマゴ焼き	卵焼き	玉子焼き	玉子燒	たまご焼き	玉子焼
たまさばき	玉捌き	球さばき
たまざん	玉算	珠算
たましい	魂	霊
たまじめ	玉じめ	玉締め
たますじ	タマ筋	球すじ	球筋
たますだれ	玉すだれ	玉簾
たまずさ	玉梓	玉章
たまそば	玉そば	玉蕎麦
たまだて	弾丸楯	弾楯
たまだれ	玉だれ	玉垂れ
たまつき	玉突	玉突き	球突き
たまつくり	玉作り	玉造り
たまつり	玉つり	玉吊り
たまづまり	弾づまり	弾詰まり
たまとき	玉解	玉解き
たまどめ	玉どめ	玉止め
たまねぎ	玉ねぎ	玉ネギ	玉葱
たまのこし	玉のこし	玉の輿
たまのり	玉乗り	玉のり	球乗り
たまばこ	弾箱	玉箱
たまひろい	玉拾い	球拾い
たまぶさ	玉房	玉総
たままつり	霊祭	霊祭り	魂祭	魂祭り
たまむかえ	霊迎え	魂迎え
たまむすび	玉結び	魂結び
たまもの	賜物	賜
たまよけ	弾よけ	弾除け	玉除け
たまり	溜り	溜まり
たまりづけ	溜まり漬け	たまり漬け
たまりば	溜まり場	溜り場	たまり場
たまりみず	溜り水	溜水	たまり水
たまわりもの	賜り物	賜わりもの
たみんぞく	多民族	他民族
たむけ	手向	手向け
たむろ	屯ろ	屯
ため	為	為め	為メ	爲	爲め	爲メ	溜	溜め
ためいき	タメ息	溜め息	溜息	ため息
ためいけ	溜め池	溜池	ため池
ためがき	為書	為書き	ため書き
ためぐち	タメ口	ため口
ためし	試し	験し
ためしうち	試し射ち	試し打ち	試し撃ち
ためしぎり	試しぎり	試し切り	試し斬り	ためし斬り
ためしづり	試し釣り	ためし釣り
ためしぬり	試し塗り	ためし塗り
ためしばき	試しばき	試し履き
ためすすぎ	溜めすすぎ	溜め濯ぎ
ためつぼ	溜め壺	溜壺
ためぬり	溜め塗	溜め塗り	溜塗	溜塗り
ためます	溜枡	溜桝
ためらい	躊躇い	躇らい
ためらいきず	躊躇い傷	ためらい傷
ためん	多面	他面
たもん	他門	多聞
たゆう	太夫	大夫
たゆうもと	大夫元	太夫元
たよう	多用	他用
たよく	多欲	多翼
たより	便り	頼り
たよりがい	頼り甲斐	頼りがい
たよりびと	頼り人	たより人
たら	多羅	鱈
たらいぶね	盥舟	たらい舟
たらいまわし	盥まわし	盥回し	盥廻し	たらい回し
たらこ	鱈子	たら子
たらじる	タラ汁	鱈汁
たらのき	たらの木	楤木
たらばがに	鱈場蟹	たらば蟹
たりょう	多量	他領	た量
たる	垂	樽
たるき	垂る木	垂木	樽木
たるざけ	樽酒	たる酒
たるづめ	樽詰	樽詰め
たるみ	弛み	垂水
たるみはだ	弛み肌	たるみ肌
たるみひらき	弛み開き	たるみ開き
たれおち	垂れ落ち	たれ落ち
たれかざり	垂れ飾	垂飾
たれかべ	垂れ壁	垂壁
たれがみ	垂れ髪	垂髪
たれぎぬ	垂れ絹	垂絹
たれくち	垂れ口	たれ口
たれじお	垂れ塩	垂塩
たれちち	タレ乳	垂れ乳
たれながし	タレ流し	垂れ流し	たれ流し
たれびと	誰人	たれ人
たれまく	垂れ幕	垂幕	たれ幕
たれむしろ	垂れ莚	垂れ蓆	垂筵
たれめ	タレ目	タレ眼	垂れ目	たれ目
たわけ	田分け	戯け	白癡
たわけもの	戯け者	戯けもの
たわごと	戯論	戯事	たわ事	たわ言
たわしあらい	タワシ洗い	束子洗い
たわしがわり	タワシ代り	束子代わり
たわしづくり	束子作り	たわし作り
たわみどめ	撓み止め	たわみ止め
たわむれ	戯れ	戲れ	戯
たわらがた	俵型	俵形	たわら形
たん	段	旦	端	歎	嘆	胆	担	丹	痰	單	短	単	反
たんい	単位	單位	単意	単胃	坦夷	短衣	たん位
たんえい	丹楹	単営
たんえき	湛液	胆液
たんおう	単横	端黄
たんおん	探音	短音	単音
たんか	短歌	炭化	探花	啖呵	単価	単科	担架	丹花	担荷	炭価	譚歌
たんかい	坦懐	単回	探海	淡海
たんかん	単簡	短観	胆管	単冠	単幹	単管	単艦	炭管
たんかんがん	胆管がん	胆管ガン	胆管癌
たんかんさいぼうがん	胆管細胞がん	胆管細胞ガン	胆管細胞癌
たんがら	炭殻	丹柄	丹殻
たんがん	嘆願	歎願	単願	単眼	担癌	赧顔
たんき	短き	短気	単記	単騎	端揆	胆気	単機	短期	単軌	たん気
たんきゅう	探求	探究	短弓	単球	単級	短急
たんきょく	単極	端局
たんく	短躯	短軀
たんけい	単形	単系	丹桂	短形	短径	短檠	端渓
たんけん	探検	探見	探険	単券	短剣	短見
たんげん	端厳	単元
たんこ	淡湖	炭庫	短呼
たんこう	単行	単項	炭坑	炭鉱	単光	単孔	単鉤	堪航	探鉱	淡交	淡黄	炭礦	短甲	鍛工	鍜鋼	淡紅
たんご	単語	端午	探語
たんさ	探査	歎嗟
たんさい	単彩	淡彩	短才
たんさく	単作	探索
たんさん	炭酸	単三	単産
たんざ	端坐	端座	単座
たんざい	単剤	単材	炭材
たんざく	短冊	短尺
たんし	端子	短詩	単子	単飼	担子	短視	短資	譚詩
たんしき	単式	胆識
たんしゃ	丹砂	単射	単斜	単車	炭車
たんしゅう	単収	反収	段収
たんしょ	短所	端初	端緒	端緖
たんしょう	嘆称	嘆賞	探勝	歎称	歎賞	短小	単勝	探傷	探照	短章	短簫
たんしょく	単色	淡色
たんしん	単身	探針	短信	丹心	単親	担信	探信	短針	誕辰
たんしんせたい	単身世帯	単親世帯
たんじ	単耳	担持
たんじつ	旦日	短日
たんじゃく	短尺	短冊
たんじゅ	短呪	短寿
たんじゅう	胆汁	短銃	単縦	炭住
たんじょう	誕生	誕じょう	たん生
たんじょうせき	誕生石	誕生席
たんじん	探尋	炭じん	炭塵
たんす	箪笥	簞笥	簟笥
たんすい	淡水	湛水	炭水	湍水	端水
たんすちょきん	タンス貯金	箪笥貯金
たんせい	丹精	端正	端整	嘆声	歎声	丹誠	丹青	単性	淡青	短生
たんせき	儋石	担石	旦夕	淡赤	胆石	袒裼
たんせつ	鍛接	担雪
たんせん	単線	探線	段銭	端栓
たんそ	炭素	炭疽	単組	嘆訴	炭そ	炭粗
たんそう	単装	単漕	単相	炭層	単層
たんそく	嘆息	探測	歎息	短息	短足	端側
たんたい	単体	担体
たんたん	眈々	眈眈
たんたんめん	タンタン麺	担々麺	担担麺
たんだ	単打	短打
たんだい	短大	胆大	探題
たんちき	探知機	探知器
たんちゃ	砖茶	たん茶
たんちゅう	炭柱	短柱
たんちょ	端ちょ	端緒	単著
たんちょう	単調	短調	丹頂	探鳥	短長
たんつぼ	痰壷	痰つぼ	痰壺	たん壷
たんてい	探偵	短艇	端艇
たんてん	丹点	端点
たんでき	耽溺	酖溺
たんでん	単伝	丹田	炭田
たんとう	担当	短刀	単刀	単塔	単糖	反当	短頭	鍛刀	たん当
たんとうしょう	担当相	短頭症
たんとり	痰とり	痰取り
たんどう	丹銅	胆道
たんどうがん	胆道がん	胆道ガン	胆道癌
たんどく	耽読	丹毒
たんにん	担任	憺任
たんのう	堪能	胆のう	胆嚢	胆囊	たん能
たんのうがん	胆のうがん	胆嚢がん	胆のうガン	胆嚢ガン	胆のう癌	胆嚢癌
たんばん	単板	丹盤	胆礬
たんぱく	蛋白	淡泊	淡白	たん白
たんぱくしつ	タンパク質	蛋白質	たんぱく質
たんぱつ	短髪	単発
たんぱん	短パン	短ぱん	淡飯
たんび	嘆美	歎美	耽美	短尾
たんぴょう	単票	短評
たんぶ	反歩	段歩	端部
たんぶん	探聞	単文	短文
たんぷく	単複	嘆服
たんべつ	反別	段別
たんべつわり	反別割	反別割り
たんぺん	短編	短篇	短辺	炭片
たんぺんしゅう	短編集	短篇集
たんぼ	田んぼ	田ん圃	田圃	旦暮
たんぼう	探訪	単棒
たんぽ	担保	湯婆	拓包
たんぽう	単包	短鋒
たんぽぽね	タンポポ根	蒲公英根	たんぽぽ根
たんぽやり	タンポ槍	たんぽ槍
たんみ	単味	淡味
たんめん	湯麵	湯麺	端面
たんもう	単毛	短毛
たんや	鍛冶	短夜
たんゆう	端右	胆勇	単雄
たんり	単離	単利
たんりゅう	単粒	短粒
たんりょう	単量	痰量
たんりょく	淡緑	胆力
たんれい	淡麗	端麗
たんれん	鍛練	鍛錬
たんれんじょう	鍛練場	鍛錬場
だ	惰	堕	打	駄	田
だい	台	代	大	題	第	鯛
だいい	代位	題意
だいいちごうひほけんしゃ	第1号被保険者	第一号被保険者
だいいちじせんこう	第一次選考	第1次選考
だいいっし	第一子	第1子
だいいん	代印	台印	大印	大院	代員
だいうつびょうせいしょうがい	大鬱病性障害	大うつ病性障害
だいえい	大瀛	題詠
だいえり	台衿	台襟
だいえん	代演	大円	大遠
だいおう	大王	乃翁	大黄
だいか	代価	台下	台架	大果
だいかく	台閣	大覚	大覺
だいかつ	大喝	大喝
だいかん	大寒	代官	大艦
だいがえ	代替え	代替
だいがく	大学	大がく	大學	題額
だいがくいも	大学芋	大学いも
だいがわり	代替り	代替わり	代がわり
だいがん	代願	大願
だいきゅう	代休	大弓
だいきょう	大兇	大凶	大胸	大教
だいきん	代金	だい金
だいぎ	代議	台木
だいく	大区	大工
だいけい	台形	台型	乃兄
だいけつ	代決	大決
だいけん	大倹	大検
だいげん	代言	大監	題言
だいこう	代行	代講	代香	大孔	大工
だいこうかい	大公開	大航海
だいこうせい	大高生	大・高生
だいこうちゅうせい	大・高・中生	大高中生
だいこん	大根	羅蔔	蘿葡
だいこんおろし	大根下ろし	大根卸し	大根おろし	大根卸
だいごし	第5子	第五子
だいさんごうひほけんしゃ	第3号被保険者	第三号被保険者
だいさんし	第3子	第三子
だいし	大師	太師	台紙	題詞	大士	大姉	大指	題詩	台詞
だいしゃ	代車	台車
だいしょ	代署	代書
だいしょう	大小	大商	代償	代匠	大祥	大荘	代将	大将
だいしん	代診	大審	大進
だいしんさい	大心菜	大震災
だいじ	大寺	題字	台辞	大慈	題辞	大事	大字
だいじてん	大事典	大辞典
だいじょう	太政	大嘗	台状	大乗	大掾	太上	台上
だいじり	台じり	台尻
だいじん	大臣	大尽	大神	大神
だいすう	台数	代数
だいせん	代船	台船	題扇	題箋	題簽	大山	大川	代銭
だいぜん	大膳	大善
だいたい	大体	大體	代替	大たい	大腿	大隊
だいたく	第宅	大卓	大沢
だいだい	代だい	代代	代々	太々	太太	橙
だいだいいろ	ダイダイ色	橙色	だいだい色
だいだいてき	大々的	大大的
だいち	代置	台地	代地	大地
だいちゅう	代駐	大忠
だいちょう	大腸	大ちょう	台帳
だいちょうがん	大腸がん	大腸ガン	大腸癌
だいでん	大伝	大傳
だいとう	大盗	大刀
だいどう	大道	大同
だいなし	台なし	台無し
だいに	大弐	大貮
だいにし	第2子	第二子
だいにん	代任	代人	大人
だいのう	代納	大脳	大農
だいはい	代拝	代配
だいはち	大八	代八
だいはちぐるま	大八車	代八車
だいはつ	大般	大発
だいばかり	台ばかり	台秤
だいばらい	代払	代払い
だいひ	大悲	大扉
だいひつ	代筆	大弼
だいひょう	代表	大兵
だいひょうせん	代表戦	代表選
だいびき	代引き	代引
だいふき	台ふき	台拭き
だいふく	大福	大腹
だいふくもち	大福もち	大福餅
だいぶつ	大仏	代物
だいべん	代弁	代辨	代辯	大便	大べん	大弁
だいほう	大方	大法
だいぼう	大謀	大坊
だいもん	大門	代紋	大紋
だいや	台屋	臺屋
だいよう	代用	大夭
だいよんし	第4子	第四子
だいら	平	平ら
だいり	代理	内裏	内裡	大り	大理
だいりびな	内裏雛	内裏びな
だいわ	台環	台輪
だいわん	大彎	大湾
だえき	唾液	だ液
だえん	楕円	橢円	だ円
だか	鷹	高
だかい	打開	堕壊
だかく	舵角	拏攫
だかつ	蛇蝎	蛇蠍
だから	宝	財
だかん	兌換	打感	蛇管
だき	唾棄	惰気	打鬼	舵機	駄器	滝	瀧	抱き
だきあわせ	抱き合わせ	抱きあわせ	抱き合せ	抱合せ	抱合わせ
だきおや	抱き親	抱親
だきかご	抱き籠	抱籠
だきぐせ	抱きぐせ	抱き癖
だきまくら	抱きまくら	抱き枕
だきゅう	打球	打毬
だぎょう	ダ行	だ行
だく	駄句	諾
だくせい	濁世	濁声	諾成
だけ	竹	岳	茸	峯
だけん	打鍵	駄犬
だこ	佗己	唾壺	章魚	鮹	蛸	凧	胝	胼	胼胝	腓胝
だこう	蛇行	打高
だざい	堕在	大宰	堕罪
だし	山車	出汁	出し
だしあじ	ダシ味	出し味
だしいり	出し入り	だし入り
だしがわり	出し代わり	だし代わり
だしこ	ダシ粉	出し子	出汁粉
だしこんぶ	ダシ昆布	だし昆布	出汁昆布	出し昆布
だしじる	ダシ汁	出し汁	だし汁
だしづくり	出汁作り	山車づくり	山車作り	だし作り
だして	出し手	出手
だしとり	ダシ取り	出汁取り	だし取り
だしに	出し煮	だし煮
だしのもと	ダシの素	だしの素	出汁の素	出しの素
だしまき	出し巻き	出汁巻	出汁巻き	だし巻き
だしもの	出しもの	演し物	演物	出し物
だしゅ	舵主	舵手
だしわり	出汁割り	だし割
だじゃく	惰弱	懦弱	だ弱
だじゃれ	駄じゃれ	駄洒落
だじょう	太上	太政
だじん	打尽	打陣
だせい	惰性	打製
だせん	打線	唾腺	打栓
だたみ	畳	畳み
だだ	駄々	駄駄
だだっこ	駄々っ子	駄々ツ子	だだっ子
だち	立ち	大刀	太刀	横刀	館
だっかい	奪回	脱会	脱灰
だっきゃく	奪却	脱却	脱脚
だっきゅう	脱きゅう	脱臼
だっこう	脱稿	脱肛
だっこひも	だっこ紐	抱っこひも	抱っこ紐
だっしつ	脱湿	脱失
だっしゅ	奪取	奪首
だっすい	脱水	脱垂	だっ水
だっせん	脱線	脱船	脱染
だったい	脱退	脱隊	奪胎
だったん	達陀	脱炭
だつ	脱	駄津
だつう	脱羽	打通
だつぞん	脱‐存	脱存
だつりゃく	奪掠	奪略
だつりゅう	脱硫	脱粒
だつろう	脱漏	脱牢
だて	立て	楯	盾	立	館
だてしゃ	伊達者	だて者
だてすがた	伊達姿	だて姿
だてまき	伊達巻	だて巻き
だてもの	伊達者	立者	立て者	立物	だて者
だてん	打点	堕天
だとう	妥当	打倒	舵頭
だな	棚	店
だに	壁蝨	谷	谿
だにいり	ダニ入り	壁蝨入り
だね	胤	種
だば	唾罵	駄馬
だび	荼毘	蛇尾	鉈尾
だふや	ダフ屋	だふ屋
だほ	打捕	拿捕	だ捕
だぼあな	ダボ穴	だぼ穴
だぼく	打ぼく	打撲
だぼつぎ	太枘継ぎ	だぼ接ぎ
だぼら	駄ぼら	駄法螺
だま	玉	珠	球
だましあい	騙し合い	だまし合い
だましうち	騙し討	騙し討ち	だまし討ち	騙討ち
だましえ	騙し絵	だまし絵
だまとり	ダマ取り	だま取り
だまり	溜り	溜まり
だみえ	彩み絵	濃絵
だみごえ	ダミ声	濁声	だみ声
だめ	駄目	溜	溜め
だめし	試し	験し
だめもと	ダメ元	駄目元	だめ元
だゆう	太夫	大夫
だより	便り	頼り
だら	陀羅	鱈
だりょく	惰力	打力
だるま	達磨	逹磨	達摩
だれびと	誰びと	誰人
だん	談	緂	檀	暖	断	壇	団	段
だんあん	档案	断案
だんい	暖衣	段位
だんいん	男陰	団員
だんう	弾雨	暖雨
だんか	檀家	断果	断火
だんかい	段階	暖海	団塊	団会
だんかた	旦方	檀方
だんがい	弾がい	弾劾	断がい	断崖
だんがん	弾丸	断岩
だんき	弾機	断機	暖機	暖気	談綺
だんきん	弾琴	断金
だんぎ	談儀	談義	談議	弾碁
だんぐみ	段組	段組み
だんけつ	団結	弾穴
だんけん	男権	男權
だんこう	断交	断行	断郊	団交	暖候	檀弘	檀香	男工
だんこん	弾痕	断恨	男根
だんごく	断獄	暖国
だんさい	断截	断裁	段彩
だんし	男子	弾子	弾指	檀紙
だんしゅ	断種	断首	断酒
だんしょう	談笑	断章	男妾	男娼
だんしょく	暖色	男色
だんしん	弾芯	男身	団信
だんじょう	弾正	彈正	段上	壇上
だんじょし	男\u0028女\u0029子	男女子
だんじょせい	男\u0028女\u0029性	男女性
だんじり	檀尻	地車
だんす	箪笥	簞笥	簟笥
だんすい	断水	暖水
だんせい	男性	弾性	男声
だんせつ	断切	断截
だんせん	断線	団扇
だんそう	弾奏	男装	断層	弾倉	断想	段層
だんそん	男孫	男尊
だんぞう	壇像	断像
だんたい	団体	弾帯	暖帯
だんだん	段々	段段
だんだんばたけ	段々畑	段段畑
だんち	団地	段ち	暖地	段地	だん地
だんちがい	段ちがい	段違い
だんちゅう	段注	膻中
だんちょう	断長	断腸	斷膓	団長
だんつう	段通	緞通
だんつき	段付き	段附
だんとう	弾頭	暖冬	断頭
だんとつ	断トツ	段トツ
だんどり	段取り	段どり	段取
だんな	旦那	檀那
だんない	壇内	団内
だんぱつ	断髪	弾撥
だんぴ	団匪	断碑	断臂	男卑
だんぶくろ	段袋	だん袋
だんぺん	断片	弾片	断篇	断編
だんぼう	暖房	煖房	男棒
だんまく	弾幕	段幕
だんやく	弾薬	彈薬
だんらん	団らん	団栾	団欒	談覧
だんりゅう	団粒	暖流
だんりん	檀林	談林
だんれつ	断裂	段列
だんろ	暖炉	煖炉
ち	血	地	癡	知	稚	茅	治	乳	痴	智	家
ちあい	血合	血合い
ちあゆ	稚あゆ	稚鮎
ちい	地位	地異	地衣	知意	致意
ちいき	地域	地いき	値域
ちいきおこし	地域興し	地域おこし
ちいきせい	地域性	地域制
ちいく	知育	智育
ちうみ	血うみ	血膿
ちえ	知恵	智慧	知え	知慧	智恵	千枝
ちえん	遅延	地縁	治縁
ちおん	地温	知恩
ちか	地下	地価	知価	治下
ちかい	地階	地塊	地界	誓	誓い
ちかく	近く	知覚	知かく	地核	地殻	地殼
ちかごろ	近ごろ	近頃
ちかじか	近々	近近
ちかたびら	血かたびら	血帷子
ちかづき	近づき	近付き
ちかまわり	近回り	近廻り
ちかみち	近道	ちか道
ちからいっぱい	力一杯	力いっぱい
ちからおとし	力落し	力落とし
ちからくらべ	力くらべ	力比べ	力競べ
ちからこぶ	力こぶ	力瘤
ちからぞえ	力添え	力ぞえ
ちからだめし	力だめし	力試し
ちからぬけ	力抜け	力脱け
ちからもち	チカラ餅	力もち	力持	力持ち	力餅
ちからわざ	力業	力技
ちかん	置換	弛緩	遅緩	痴漢	知韓	置官
ちかんさい	地、簡裁	地簡裁
ちがい	違い	異い	違ひ	稚貝	治外
ちがいだな	違い棚	違棚
ちがや	茅萱	茅
ちき	知己	地気	痴気	稚気
ちきゅう	地球	地久	恥丘
ちきょう	地峡	地況	地疆
ちぎ	遅疑	千木	地祇	地祗	痴戯
ちぎょう	知行	知業
ちぎり	千切	乳切	契り	千切り
ちぎりえ	千切り絵	ちぎり絵
ちぎれがみ	千切れ紙	ちぎれ紙
ちぎれぐも	千切れ雲	ちぎれ雲
ちく	地区	築	竹	馳駆	知工	畜
ちくおん	蓄音	ちく音
ちくおんき	蓄音機	蓄音器
ちくかん	竹幹	竹簡
ちくご	築後	逐語
ちくざい	蓄財	竹材
ちくし	竹枝	竹紙
ちくしょう	畜生	竹性
ちくじ	逐次	逐字
ちくじょう	逐条	築城
ちくせき	蓄積	ちく積
ちくせん	竹扇	竹箭	蓄銭
ちくぞう	築造	蓄蔵
ちくてい	築堤	築庭
ちくでん	蓄電	逐電
ちくのう	蓄のう	蓄膿
ちくひ	畜費	竹皮
ちくび	乳首	乳くび
ちくよう	畜養	蓄養	竹葉	築窯
ちくるい	築塁	畜類
ちぐ	痴愚	知愚
ちぐう	値遇	知遇
ちぐさ	千種	乳草	千草
ちけい	地形	地けい
ちけん	地権	地検	地建	知見	治験	地券	地圏	置県	知県
ちげ	智解	知解
ちこう	遅行	地公	地溝	地皇	地窖	地衡	恥垢	智巧	治効	知巧	遅効	知行
ちこく	遅刻	治国
ちさん	治産	遅参	地産	治山	稚蚕	遅産
ちざい	地財	治罪	知財	笞罪
ちし	致事	致仕	致死	地誌	智歯	知歯	稚仔	地史
ちしお	千入	血汐	血潮
ちしがく	地史学	地誌学
ちしき	知識	蔵識	智識
ちしつ	地質	知執	知悉
ちしぶき	血しぶき	血飛沫
ちしゃ	智者	治者	知者	萵苣
ちしゅう	地集	知州	知衆
ちしょう	知照	地消	致傷	地商	地象	智将	池沼	知将	血性
ちしん	知新	恥芯	池心	治心	知心	遅進
ちじ	致仕	千々	知事	千千
ちじゅつ	智術	知術
ちじょう	地上	智情	痴情	知情	地条
ちじん	知人	智人	治人	痴人	地神	地人
ちすい	池水	致酔	治水
ちすじ	血筋	血すじ	地筋
ちせい	治世	知性	地勢	地せい	地政	地精	地生	治政
ちせき	地積	地籍	治績	置籍
ちせつ	稚拙	置設
ちせん	地仙	池泉
ちそう	馳走	地層	地相
ちそく	知足	遅速
ちぞめ	血ぞめ	血染め
ちたい	遅滞	地帯	地帶	地体	痴態	地対
ちだい	血鯛	地代
ちだまり	血だまり	血溜	血溜まり	血溜り
ちだるま	血達磨	血だるま
ちち	父	乳	致知
ちちあて	乳あて	乳当て
ちちがわり	父がわり	父代わり
ちちぎつね	父ギツネ	父狐
ちちぐま	父グマ	父熊
ちちこ	父娘	父子
ちちごろし	父殺し	ちち殺し
ちちしぼり	乳しぼり	乳搾り
ちちねこ	父ネコ	父猫
ちちゅう	地中	池中
ちぢみ	縮み	縮
ちぢみおり	縮み織	縮み織り	縮織	縮織り
ちぢみがわ	縮み側	縮側
ちぢみぬの	縮み布	ちぢみ布
ちぢれがみ	縮れ髪	ちぢれ髪
ちぢれげ	縮れ毛	ちぢれ毛
ちぢれひげ	縮れ髭	縮れ鬚
ちぢれめん	ちぢれ麺	縮れ麺
ちっかん	竹管	竹簡
ちっこう	築港	竹工	築工
ちっそ	チッ素	窒素	ちっ素
ちっそく	窒息	蟄息	ちっ息
ちつ	帙	腟	膣
ちつえん	腟炎	膣炎
ちつがい	膣外	腟外
ちつがん	腟癌	膣癌
ちつこう	膣口	腟口	腟鉤
ちつだつ	腟脱	膣脱
ちつちゅう	腟柱	膣柱
ちつづき	血つづき	血続き
ちつない	膣内	腟内
ちつひだ	膣ヒダ	膣襞	腟ヒダ	腟襞
ちつへき	腟壁	膣壁
ちつろく	秩祿	秩禄	秩録
ちてい	馳騁	池底	地丁	地底	池亭
ちとう	池塘	治頭
ちとく	知得	智徳	知徳
ちとせあめ	千歳飴	千歳あめ
ちどう	地動	馳道
ちぬ	血沼	茅渟
ちぬつり	チヌ釣り	茅渟釣り
ちぬばり	チヌ鈎	茅渟針
ちのう	知能	智嚢	智能
ちのみ	乳飲み	乳吞	乳呑	乳呑み
ちのみご	乳飲み児	乳呑み児	乳飲み子
ちのり	血のり	血糊	地の利
ちはつ	薙髪	遅発
ちはやぶる	千早ぶる	千早振る
ちはらい	遅払	遅払い
ちはん	地判	池畔
ちひょう	地表	地標
ちびげ	チビ毛	ちび毛
ちびょう	治病	稚苗
ちふ	地府	知府
ちぶくれ	血ぶくれ	血膨れ
ちぶくろ	乳袋	血袋
ちぶさ	乳房	乳ぶさ
ちぶり	血ぶり	血振り	道触
ちぶるい	血ぶるい	血振るい
ちべん	智弁	知弁
ちほ	地歩	地保
ちほう	地方	痴ほう	痴呆	地法
ちほうさい	地方裁	地方債
ちぼう	智謀	知謀
ちまきづくり	粽作り	ちまき作り
ちまつり	血まつり	血祭	血祭り
ちまなこ	血まなこ	血眼
ちまめ	血まめ	血マメ	血豆
ちみ	魑魅	地味
ちめい	知名	地名	致命	知命
ちゃあざ	茶アザ	茶痣
ちゃいれ	茶入	茶入れ
ちゃうけ	茶うけ	茶受け	茶請け
ちゃうす	茶うす	茶臼
ちゃかす	茶カス	茶滓
ちゃかぶき	茶カブキ	茶歌舞伎	茶香服
ちゃがけ	茶掛	茶掛け
ちゃがま	茶がま	茶ガマ	茶釜
ちゃがゆ	茶がゆ	茶粥
ちゃがら	茶がら	茶ガラ	茶殻
ちゃき	茶器	茶気
ちゃきん	茶きん	茶巾	茶金
ちゃくい	着衣	着意
ちゃくうた	着うた	着歌
ちゃくがん	着岸	着眼	著眼
ちゃくさい	着彩	嫡妻
ちゃくしゅ	着手	搩手
ちゃくしょく	著色	着色
ちゃくしん	着信	着津
ちゃくそう	着想	着装
ちゃくたい	着帯	着隊
ちゃくちゃく	嫡々	嫡嫡
ちゃくま	茶くま	茶クマ	茶隈
ちゃくみ	着味	茶くみ	茶汲み
ちゃくよう	着用	著用
ちゃぐま	茶ぐま	茶グマ
ちゃげい	茶芸	茶藝
ちゃこし	茶こし	茶コシ	茶漉	茶漉し
ちゃさじ	茶さじ	茶匙
ちゃしぶ	茶しぶ	茶渋
ちゃしょう	茶匠	茶商
ちゃじゅ	茶寿	茶樹
ちゃせん	茶せん	茶筅	茶筌	茶銭
ちゃぜん	茶禅	茶膳
ちゃそば	茶そば	茶蕎麦
ちゃたく	茶たく	茶托
ちゃだい	茶台	茶代
ちゃちゃ	茶々	茶茶
ちゃっか	着火	着果	着荷	着花
ちゃっかざい	着火材	着火剤
ちゃっこう	着工	着香
ちゃっぱ	茶っぱ	茶っ葉
ちゃつぼ	茶つぼ	茶壷	茶壺
ちゃつみ	茶つみ	茶摘	茶摘み
ちゃづけ	茶漬け	茶づけ	茶漬
ちゃてい	茶亭	茶庭
ちゃとう	茶鐺	茶陶
ちゃのみ	茶のみ	茶呑み	茶飲み
ちゃのゆ	茶の湯	茶湯
ちゃば	チャ葉	茶葉
ちゃぱつ	茶髪	茶パツ
ちゃぶだい	チャブ台	卓袱台	ちゃぶ台
ちゃぼ	矮鶏	茶母
ちゃまめ	茶まめ	茶豆
ちゃめい	茶名	茶銘
ちゃりつう	チャリ通	ちゃり通
ちゃりょう	茶寮	茶量
ちゃわかし	茶沸	茶沸かし
ちゃわん	茶わん	茶椀	茶碗
ちゃんこば	チャンコ場	ちゃんこ場
ちゃーしゅー	焼豚	叉焼
ちゃーめん	炒麵	炒麺
ちゅう	宙	中	誅	鈕	註	酎	注	忠	柱
ちゅうい	注意	中位	中医	中尉	宙尉	駐伊
ちゅういち	中一	中1
ちゅういん	中印	中陰
ちゅういんとうがん	中咽頭がん	中咽頭ガン	中咽頭癌
ちゅうえい	中英	中衛	虫癭	駐英
ちゅうおし	中押	中押し
ちゅうおん	中温	注音	中音
ちゅうか	注加	仲夏	柱下	鋳貨
ちゅうかい	仲介	注解	註解	厨芥	籌海
ちゅうかく	中核	籌画	中隔	柱角
ちゅうかめん	中華めん	中華麺
ちゅうから	中辛	中から
ちゅうかん	中間	忠諌	忠諫	中巻	駐韓	中浣	中澣	中管	中脘	中韓	昼間
ちゅうがい	虫害	中外
ちゅうがえり	宙がえり	宙返り	ちゅう返り
ちゅうがく	中学	中學
ちゅうがた	中型	中形
ちゅうき	中期	注記	註記	駐機	中気	抽気
ちゅうきゃく	柱脚	注脚
ちゅうきゅう	誅求	中級
ちゅうきん	中金	忠勤	昼勤	鋳金	駐禁
ちゅうぎ	籌木	忠義	ちゅう木
ちゅうく	中躯	中軀
ちゅうくう	中空	宙空
ちゅうぐくり	中括り	中括
ちゅうけい	中継	中けい	中景	中啓	中径	仲兄	注型	中計
ちゅうけん	中堅	忠犬	中研
ちゅうげん	中元	忠言	中間	中原
ちゅうこう	中耕	中攻	中興	宙攻	昼光	昼行	注口	鈕孔	鋳工	鋳鋼	中高
ちゅうこうせい	中高生	中・高生	昼行性
ちゅうこうねん	中・高年	中高年
ちゅうこく	忠告	中国	中刻
ちゅうごくし	中国史	中国紙
ちゅうさい	仲裁	廚宰
ちゅうさつ	誅殺	駐箚
ちゅうさん	昼さん	中3	中三	中産	中散	昼三	昼餐
ちゅうし	中止	注視	中士	中祀	忠士	忠死	虫刺	中支
ちゅうしつ	中執	中質
ちゅうしゃ	駐車	駐俥	注瀉	注射	注しゃ	中社	ちゅう車
ちゅうしゃく	注釈	註釈
ちゅうしゅ	中種	中手
ちゅうしゅう	中秋	仲秋
ちゅうしょう	中傷	抽象	中焦	中称	中章	中小
ちゅうしょうがく	中・小学	中小学
ちゅうしょうせい	中小生	中・小生
ちゅうしょうりん	中\u002C小輪	中小輪
ちゅうしょく	昼食	中食	晝食	鋳植
ちゅうしん	中心	注進	忠臣	中進	中震	忠心	衷心	中新	忠信	中信
ちゅうじ	中耳	中字
ちゅうじき	中食	昼食
ちゅうじょう	柱状	中将	忠情	柱上	衷情	駐場
ちゅうすい	注水	虫垂	中垂	中水	抽水
ちゅうすいがん	虫垂がん	虫垂ガン	虫垂癌
ちゅうすう	中枢	中樞	中数
ちゅうせい	中世	中西	忠誠	中性	中正	中生
ちゅうせいし	中性紙	中性子
ちゅうせいだい	中世代	中生代
ちゅうせき	沖積	冲積	柱石	畴昔	疇昔
ちゅうせん	抽せん	抽籤	抽選	鋳銭	中専	中線
ちゅうぜん	中前	中全
ちゅうそ	中ソ	駐ソ	注疏	註疏
ちゅうそう	中層	抽挿	抽送
ちゅうそん	中尊	虫損	蟲損
ちゅうぞう	鋳造	鋳像
ちゅうたい	中台	中退	中隊	中体	中帯	柱帯	紐帯
ちゅうたこ	中タコ	中蛸
ちゅうだい	抽台	抽苔
ちゅうだん	中断	中段	中団
ちゅうちょ	躊チョ	躊躇
ちゅうちょう	中朝	中腸	注腸
ちゅうちょうき	中長期	中・長期
ちゅうづり	宙吊り	宙づり
ちゅうていしゃ	駐停車	駐\u0028停\u0029車
ちゅうてつ	中哲	鋳鉄
ちゅうてん	中天	中点	冲天	沖天
ちゅうでん	中殿	中田
ちゅうとう	中等	注湯	中唐	中塔	仲冬	偸盗	柱頭
ちゅうとはんぱ	中途半端	中途はんぱ
ちゅうとろ	中とろ	中トロ
ちゅうとん	駐とん	駐屯
ちゅうどう	中道	中堂	中動	鋳銅
ちゅうどく	中毒	駐独
ちゅうに	中二	中2
ちゅうにち	駐日	中日
ちゅうにん	中人	中忍	仲人
ちゅうのう	中脳	中農
ちゅうばい	中媒	虫媒
ちゅうばん	中盤	中判
ちゅうひ	中皮	中飛	忠婢
ちゅうふ	中孚	中府
ちゅうふつ	中仏	駐仏
ちゅうぶ	中部	中風
ちゅうぶらりん	中ぶらりん	中ブラリン	宙ぶらりん
ちゅうぶん	中分	籀文	中文	注文
ちゅうへん	中片	中篇	中編
ちゅうほう	中封	中鋒
ちゅうぼう	厨房	中帽	中坊
ちゅうみつ	稠密	ちゅう密
ちゅうもん	注文	註文	中門
ちゅうや	昼夜	鋳冶
ちゅうゆう	中幽	中郵	忠勇
ちゅうよう	中葉	中庸
ちゅうりゃく	中略	中りゃく
ちゅうりゅう	駐留	中流	中粒
ちゅうりょう	中量	忠良
ちゅうりょく	注力	忠力
ちゅうれつ	忠烈	柱列
ちゅうろ	中露	中ロ	駐露
ちゅうろう	中老	中臈	中藹	中郎	中﨟	柱廊
ちゅら	美ら	美
ちゆ	治ゆ	治癒
ちゆう	智勇	知勇	知友
ちょ	楮	著	緒
ちょいちゅう	チョイ駐	ちょい駐
ちょいのり	チョイ乗り	ちょい乗り
ちょう	町	腸	蝶	疔	寵	朝	調	挺	梃	頂	長	丁	庁
ちょうあい	寵愛	帳合	帳合い	ちょう愛
ちょうい	弔慰	潮位	弔意	朝威	長衣
ちょういき	兆域	町域
ちょういれ	帳入	帳入れ
ちょうえき	懲役	腸液	調役
ちょうえん	長円	腸炎
ちょうおん	調音	長遠	朝恩	潮音	聴音	長音
ちょうか	超過	町家	帳下	弔歌	弔花	朝家	潮下	釣果	長歌	長靴
ちょうかい	懲戒	潮解	町会	聴解	朝会
ちょうかく	弔客	頂角	聴覚
ちょうかくしょうがいしゃ	聴覚障害者	聴覚障がい者	聴覚障碍者
ちょうかつ	調活	腸活
ちょうかん	長官	朝刊	鳥かん	鳥瞰	鳥観	腸間	腸管	潮間	聴感	長管
ちょうが	朝賀	頂芽
ちょうがい	潮害	帳外	町外	蝶貝	鳥害
ちょうき	長跪	長期	寵姫	弔旗	聴機	聴記	調器	長気	聴器	ちょう姫
ちょうきゃく	弔客	長脚	鳥脚
ちょうきゅう	徴求	超球	長久	長弓	弔休
ちょうきょう	調教	長狭
ちょうきん	彫金	張筋	朝覲	超勤	長近
ちょうぎ	彫技	朝議	調儀	調義	釣技	町議
ちょうぎょ	釣魚	長魚
ちょうく	長駆	長句	長躯	長軀
ちょうけい	長計	長兄	蝶形	長形	長径	鳥径
ちょうけつ	釘橛	長欠	長缺
ちょうけん	長拳	朝憲	朝権	朝見	長剣
ちょうげん	調弦	調絃	長元
ちょうこ	長古	長呼
ちょうこう	朝貢	聴講	調香	釣行	長考	兆候	徴候	彫工	潮香	聴香	調光	超硬	長虹	長講	鳥綱	長広
ちょうこく	彫刻	超克	肇国
ちょうこくぐざ	彫刻具座	ちょうこくぐ座
ちょうこくしつざ	彫刻室座	ちょうこくしつ座
ちょうこつ	腸骨	頂骨
ちょうこん	弔魂	長恨
ちょうごう	調合	調号
ちょうさ	調査	調さ	潮差	聴砂	長鎖
ちょうさい	兆載	冢宰	朝裁	長祭
ちょうさく	吊索	長槊
ちょうさん	朝さん	張三	朝三	朝参	朝餐	逃散
ちょうざ	長坐	長座
ちょうざい	調剤	懲罪	聴罪
ちょうし	調子	銚子	長子	長姉	弔使	弔詞	弔詩	徴士	町史	町誌	聴視	長史	長詩	調使
ちょうしつ	調質	調湿	彫漆
ちょうしゃ	庁舎	聴写	諜者	鳥舎	聴者
ちょうしゅ	聴取	徴取	聴守
ちょうしゅう	徴収	徴集	聴衆	聴収	重修	長秋	長袖
ちょうしょ	長所	調書
ちょうしょう	嘲笑	長嘯	寵妾	弔鐘	徴証	町称	超勝	趙将
ちょうしょく	朝食	調色
ちょうしょくつき	朝食付き	朝食付
ちょうしん	聴診	調進	長身	寵信	寵臣	彫心	長針	朝臣
ちょうじ	彫字	寵児	丁子	吊耳	弔事	弔辞	懲治	町次	町治	調餌	停止
ちょうじゅう	鳥獣	聴従	弔銃	鳥銃
ちょうじょう	重畳	頂上	潮上	超常	長上	長城	ちょう上
ちょうじり	帳じり	帳尻
ちょうじん	釣人	鳥人	超人
ちょうずば	手水場	ちょうず場
ちょうずばち	手水鉢	ちょうず鉢
ちょうせい	調製	調整	長逝	朝政	潮声	町制	町勢	町政	聴政	調性	長征	鳥声	長生
ちょうせき	潮汐	町石	長石	朝夕
ちょうせつ	調節	調せつ	調摂
ちょうせん	挑戦	腸線	腸腺	重選	ちょう戦
ちょうぜい	徴税	町税
ちょうそ	重祚	彫塑	聴訴
ちょうそう	牒送	長槍	鳥葬
ちょうそく	調息	長息	調速	長足
ちょうたく	彫琢	彫琢
ちょうたつ	調達	暢達
ちょうたん	長嘆	長歎	頂端	長短
ちょうだ	長打	長蛇
ちょうだい	頂だい	頂戴	長大	帳台	町代
ちょうだつ	超脱	逃脱
ちょうちゅう	彫虫	長柱
ちょうちょう	喋々	喋喋	町長	長調	蝶蝶	丁々	丁丁	打々	打打	蝶々
ちょうちんもち	提灯持ち	ちょうちん持ち
ちょうつがい	蝶つがい	蝶ツガイ	蝶番
ちょうつけ	帳付	帳付け
ちょうづけ	丁付	丁付け	帳付け
ちょうづめ	腸詰め	腸詰
ちょうてい	調停	朝廷	長堤	調定	長梯	長汀
ちょうてき	朝敵	糶糴
ちょうてん	頂点	頂天	ちょう点
ちょうでん	弔典	弔電
ちょうでんどう	超伝導	超電導
ちょうとう	弔祷	弔禱	朝祷	長頭	頂塔
ちょうどう	丁銅	庁堂	朝堂	町堂	町道
ちょうどきゅう	超ド級	超弩級
ちょうない	町内	腸内	庁内
ちょうのう	聴納	長脳	長腦
ちょうは	調波	帳端	長波
ちょうはつ	徴発	挑撥	挑発	調髪	長髪
ちょうはん	丁半	頂版
ちょうば	嘲罵	丁場	町場	帳場	跳馬
ちょうばく	帳幕	朝幕	超爆
ちょうばつ	徴罰	懲罰	長閥
ちょうばん	頂板	鳥盤
ちょうひ	寵妃	町費
ちょうひょう	帳票	徴憑	徴表
ちょうび	掉尾	長鼻	長尾
ちょうふ	貼付	貼附	徴布	調賦	貼布	ちょう付
ちょうふく	重複	頂幅
ちょうぶ	頂部	町歩
ちょうぶん	長文	弔文
ちょうへい	徴兵	趙兵
ちょうへき	張壁	腸壁	帳壁
ちょうへん	長編	長篇	長辺
ちょうべん	調弁	釣便
ちょうほう	重宝	調法	朝報	弔砲	諜報	釣法	長方	長鋒	頂峰	町法
ちょうほん	張本	調本
ちょうぼ	徴募	帳簿	朝暮	長母
ちょうまつ	丁末	趙末
ちょうまん	脹満	腸満
ちょうむ	庁務	町務
ちょうむすび	蝶結	蝶結び	ちょう結び
ちょうめい	長命	町名	澄明	丁名	朝命	鳥名
ちょうもく	鳥目	長目
ちょうもち	丁持	丁持ち
ちょうもん	弔問	聴聞	彫文	頂門	鳥紋
ちょうや	朝野	庁屋	朝夜	長夜
ちょうやく	調薬	超躍	跳躍	超訳	腸薬
ちょうゆう	長揖	町有	超友	釣友
ちょうゆうかん	朝、夕刊	朝夕刊
ちょうよう	重用	徴用	貼用	長幼	徴傭	懲慂	腸溶	腸腰	調庸	重陽	長養	鳥妖
ちょうらい	重来	頂礼
ちょうり	調理	長吏
ちょうりつ	調律	町立
ちょうりゅう	長粒	長流	長瀧	潮流
ちょうりょう	跳梁	跳踉	頂稜	鳥猟
ちょうりょく	\u0028張\u0029力	聴力	張力	潮力
ちょうれい	朝礼	朝令
ちょうれん	調練	超ー錬ー	超錬
ちょうろう	長老	嘲弄	徴労	彫鏤
ちょき	猪牙	猪木
ちょくげき	直撃	直げき
ちょくご	直後	勅語
ちょくさい	勅裁	直裁	直宰
ちょくし	直視	直仕	勅旨	勅使	直翅	直資
ちょくしゃ	直射	直瀉
ちょくしょう	勅詔	直証
ちょくしん	直進	直臣	直診
ちょくじゅ	直受	直授
ちょくじょう	直上	勅諚	直情	勅定
ちょくせつ	直せつ	直接
ちょくせん	直線	勅撰	勅選	敕撰
ちょくちょう	直腸	直長
ちょくちょうがん	直腸がん	直腸ガン	直腸癌
ちょくとう	勅答	直答	直投	直登
ちょくはん	直販	勅版
ちょくほう	直方	勅法
ちょくまき	直巻	直巻き
ちょくゆ	勅諭	直喩	直輸
ちょくよう	直よう	直傭	直用
ちょくりつ	直立	直律
ちょくれい	勅令	直隷
ちょげん	緒言	著減
ちょすい	貯水	ちょ水
ちょぞう	肇造	著増	貯蔵
ちょちく	儲蓄	貯蓄
ちょっかく	直覚	直角
ちょっかん	直感	直観	直諌	直諫	直間	勅勘	直管
ちょっかんてき	直感的	直観的
ちょっき	比甲	直帰
ちょっけい	直系	直径	直携
ちょっこう	直行	直交	直航
ちょっとみ	チョット見	一寸見	鳥渡見	ちょっと見
ちょびひげ	チョビ髭	ちょび髭
ちょぼやき	チョボ焼	ちょぼ焼き
ちょりゅう	潴溜	潴留	貯溜	貯留
ちょんがけ	チョン掛け	ちょん掛け
ちょんまげ	丁髷	ちょん髷
ちよ	千代	千世	千夜
ちよう	地夭	治要
ちらしがき	散らし書き	ちらし書き
ちらしずし	散らしずし	散らし寿司	散らし鮨	ちらし寿し	ちらし寿司
ちらみ	チラ見	ちら見
ちらみえ	チラ見え	ちら見え
ちり	地理	治理	地利	塵
ちりがみ	チリ紙	塵紙	ちり紙
ちりぎわ	散りぎわ	散り際
ちりし	塵紙	ちり紙
ちりじり	散りぢり	散り散り
ちりすて	ちり捨て	ちり棄	ちり棄て
ちりだに	塵ダニ	塵壁蝨
ちりとり	塵取	塵取り	ちり取り
ちりゃく	智略	治略	知略
ちりょ	遅慮	智慮	知慮
ちりょう	治療	治りょう
ちりょく	知力	智力	地力
ちりよけ	塵除け	ちり除け
ちわげんか	痴話喧嘩	痴話ゲンカ	痴話げんか
ちわた	血わた	血腸
ちん	賃	鎮	沈	狆	珍
ちんあつ	鎮圧	沈圧
ちんうつ	沈うつ	沈欝	沈鬱
ちんか	沈下	鎮火	珍果	珍貨
ちんき	丁幾	沈毅	珍奇	珍器
ちんきん	沈金	賃金
ちんぎょ	沈魚	珍魚
ちんぎん	賃金	沈吟	賃銀
ちんぎんきてい	賃金規定	賃金規程
ちんくぐり	チン潜り	狆潜り
ちんぐるま	ちん車	稚児車
ちんけい	鎮けい	鎮痙
ちんげんさい	青梗菜	ちんげん菜	チンゲン菜
ちんご	鎮護	狆語
ちんざ	鎮座	沈座
ちんし	沈思	沈子	珍誌	鎮子	陳思
ちんしゃ	陳謝	沈砂
ちんしゅ	珍種	珍酒
ちんしょう	珍賞	沈床	沈礁	沈鐘	珍笑	鎮将
ちんじ	椿事	珍事
ちんじゃおろうす	青椒肉糸	青椒肉絲
ちんじょう	陳情	枕上	陳状
ちんすい	沈水	沈衰	沈酔
ちんせい	沈静	鎮静
ちんせき	沈積	枕席	珍籍	陳跡
ちんせつ	椿説	珍説
ちんせん	沈潜	沈線	沈船	珍饌	賃銭
ちんそう	鎮送	珍走	賃走	頂相
ちんぞう	珍蔵	頂相
ちんたい	賃貸	沈滞
ちんちょう	珍重	沈澄	沈丁
ちんづき	賃搗	賃搗き
ちんでん	沈でん	沈殿	沈澱
ちんとう	枕頭	珍答
ちんにゅう	闖入	ちん入
ちんば	跛	跛足
ちんぴらおとこ	チンピラ男	ちんぴら男
ちんぴらくずれ	チンピラ崩れ	ちんぴら崩れ
ちんぴらむすめ	チンピラ娘	ちんぴら娘
ちんぶつ	珍物	珎物
ちんぷ	陳ぷ	陳腐	ちん腐
ちんぽう	珍報	珍宝
ちんみ	珍味	ちん味
ちんもち	賃もち	賃餅
ちんゆう	沈勇	珍優
っぱ	っ葉	っ歯
っぱな	ッ花	ッ鼻	っ花	っ鼻
つ	唾	津
つい	終	対
ついか	追加	対化
ついかい	追悔	追懐
ついかん	ツイ間	椎間	追感
ついき	追記	鎚起
ついきゅう	追及	追求	追究	追窮	追給	椎弓
ついきゅうけん	追及権	追求権
ついこう	追孝	追考	追稿	追行
ついし	墜死	追視	追試	追諡	追謚	槌指
ついしょう	追蹤	追陞	追唱	追従
ついしん	追針	追伸
ついじゅう	追従	追從
ついせき	追跡	追せき
ついそう	追想	追走	追送	追葬
ついたち	1日	一日	朔
ついたて	付立	衝立	衝立て	つい立て
ついちょう	追弔	追徴
ついで	序で	次手	序
ついでがい	序で買い	ついで買い
ついとう	追悼	追討
ついな	都維那	追儺
ついふく	対幅	追福
ついほ	追歩	追補
ついほう	追放	追報
つういん	通院	痛飲	通音
つうえき	通役	通液
つうか	通過	通貨
つうかい	痛快	通解
つうかん	痛感	通観	通貫	通関	通巻
つうき	通気	通期
つうきょう	通峡	通教
つうく	痛苦	通衢
つうけい	通計	通経
つうけん	通券	通研
つうげん	痛言	通言
つうこう	通行	通交	通好	通航
つうこうけん	通行権	通航権
つうこうりょう	通行料	通行量
つうこく	通告	痛哭	通谷
つうこん	痛恨	通婚
つうさん	通産	通算
つうしゃく	通釈	通釋
つうしょう	通称	通商
つうしん	通信	通訊	痛心	通身
つうじ	通時	通詞	通辞	通事	通じ
つうせい	通政	通性
つうせつ	痛切	通説	通泄
つうせん	通線	通船
つうそう	通奏	通層
つうたん	痛嘆	痛歎
つうちはがき	通知ハガキ	通知はがき	通知葉書
つうちょう	通帳	通ちょう	通牒
つうてん	通天	痛点
つうどく	通読	通讀
つうねん	通年	通念
つうばん	通板	通番
つうふう	痛風	通風
つうべん	通弁	通辨	通便
つうほう	通報	通宝	通法
つうぼう	通謀	痛棒	通妨
つうやく	通訳	通約
つうゆう	通有	通邑
つうよう	通用	痛痒
つうろ	通路	通ろ
つうろん	痛論	通論
つうわりょう	通話料	通話量
つえがわり	杖代わり	杖がわり
つえたて	杖立	杖立て
つえねた	杖ねた	杖ネタ
つか	塚	冢	束	柄
つかあな	塚穴	塚穴
つかい	使い	遣い	使
つかいかけ	使いかけ	使い掛け
つかいごこち	使い心地	使いごこち
つかいさき	使い先	遣い先
つかいすて	使い捨て	使いすて	使い棄て	つかい捨て
つかいだて	使いだて	使い立て
つかいっぱしり	使いっぱしり	使いっ走り
つかいて	使い手	遣い手	つかい手
つかいで	使い出	使いで
つかいばん	使い番	使番
つかいまわし	使い回し	使い回わし	使い廻し	使いまわし
つかいみち	使い道	使いみち	使い途	つかい道
つかいもの	使いもの	使いモノ	使い物	遣い物	つかい物
つかいわけ	使い分け	使いわけ	遣い分け
つかえ	仕え	痞	痞え	支え
つかえかん	支え感	つかえ感
つかさ	司	官
つかのま	束の間	つかの間
つかまき	柄巻	柄巻き
つかまりだち	掴まり立ち	つかまり立ち
つかみあい	掴み合い	摑み合い	つかみ合い
つかみあらい	掴み洗い	つかみ洗い
つかみつな	掴み綱	つかみ綱
つかみどころ	掴み所	摑みどころ
つかみどり	掴み取り	摑みどり	つかみ捕り	つかみ取り
つかみぼう	掴み棒	つかみ棒
つかみめし	掴み飯	つかみ飯
つかみよみ	掴み読み	つかみ読み
つかみわけ	掴み分け	つかみ分け
つかみわざ	掴み技	つかみ技
つかりゆ	浸かり湯	つかり湯
つかれ	憊	疲れ
つかわしめ	使わしめ	使わし婢
つがい	番い	番
つがざい	ツガ材	栂材
つがざくら	栂桜	つが桜
つき	附	尽き	月	付き	突き	搗	搗き	坏	槻	付	附き
つきあい	付き合い	付きあい	付合い	附合い	際き合い	つき合い	づき合い
つきあかり	月明かり	月あかり	月明り
つきあたり	突き当り	突き当たり	突当たり	突当り
つきあわせ	突き合わせ	つき合わせ	突合せ	突きあわせ	突き合せ
つきうま	付き馬	付馬
つきおくれ	月遅れ	月後れ
つきかげ	月かげ	月影
つきがけ	月掛	月掛け
つきがさ	月がさ	月暈
つきがしら	月頭	月がしら
つきがわり	月代り	月代わり	月変わり	月替	月替り	月替わり
つききず	突き傷	突傷
つききり	付ききり	付き切り
つきぎめ	月決め	月ぎめ	月極	月極め
つきくさ	月草	鴨跖草
つきげ	月毛	鴾毛
つきごと	月ごと	月毎
つきごもり	月隠	月隠り
つきそい	付添	付添い	付き添い
つきそで	突き袖	突袖	つき袖
つきだし	突出し	突き出し
つきだより	ツキ頼り	付き頼り
つきっきり	付きっ切り	つきっ切り	付きっきり
つきづき	月々	月月
つきて	搗き手	つき手
つきのさわり	月の障	月の障り
つきのもの	月の物	月のもの
つきはじめ	月はじめ	月初	月始め	月初め
つきばらい	月払	月払い
つきばらいきゅうよ	月払い給与	月払給与
つきばらいけいやく	月払い契約	月払契約
つきびと	付き人	付人
つきべり	搗き減り	搗減り
つきまい	搗き米	搗米
つきみ	月見	杯身
つきもうで	月詣	月詣で
つきもの	付きもの	付き物	憑きもの	憑き物	憑物	つき物
つきやま	尽山	築山
つきゆび	突き指	突指	つき指
つきゆみ	槻弓	つき弓
つきわり	月割	月割り
つぎ	次	継ぎ	継	接ぎ	次ぎ
つぎあし	継ぎ足	継足
つぎあて	継ぎ当て	継当	つぎ当て
つぎうま	継ぎ馬	継馬
つぎかえ	継ぎ替え	継替え
つぎき	ツギ木	接ぎ木	接木	接樹	継ぎ木	つぎ木
つぎくち	注ぎ口	つぎ口
つぎこし	継ぎ越し	継越	継越し
つぎざお	継ぎざお	継ぎ棹	継ぎ竿	継棹	継竿
つぎたて	継ぎ立て	継立て
つぎだい	接ぎ台	継ぎ台	継台	接台
つぎて	継ぎ手	接ぎ手	接手	継手
つぎのま	次の間	次ノ間
つぎは	継ぎ歯	継ぎ端	継歯	継端
つぎはぎ	継ぎはぎ	継ぎ接ぎ	継接ぎ
つぎほ	接ぎ穂	接穂	継ぎ穂	継穂
つぎめ	継ぎ目	継目
つぎもの	継ぎ物	継物
つくえ	机	几
つくえがわり	机がわり	机代わり	机替り
つくだに	佃煮	つくだ煮
つくねいも	仏掌薯	つくね芋
つくばね	突羽根	衝羽根
つくも	江浦草	九十九
つくよみ	月夜見	月読み
つくり	造り	作り	粧り	旁	造	作
つくりおき	作りおき	作り置き
つくりかえ	作りかえ	作り替え
つくりかけ	作りかけ	作り掛け	造りかけ
つくりこみ	作り込み	造り込み	つくり込み
つくりごえ	作り声	つくり声
つくりごと	作りごと	作り事	つくり事
つくりたて	作りたて	作り立て
つくりだし	作出し	造出し	つくり出し	作り出し	造り出し
つくりつけ	造り付け	作りつけ	作り付け
つくりて	作り手	創り手	造り手	つくり手
つくりにわ	造り庭	造庭
つくりぬし	作り主	創り主	造り主
つくりばなし	作り話	創り話	つくり話
つくりもの	作り物	作りもの	造りもの	造り物
つくりわらい	作り笑い	つくり笑い
つくろい	繕い	繕
つくろいもの	繕い物	繕物	つくろい物
つけ	付け	付
つけあがり	付け上がり	つけ上がり
つけあげ	付け揚げ	つけ揚げ
つけあわせ	付け合わせ	付け合せ	つけ合わせ
つけうち	ツケ打ち	付け打ち
つけうま	付け馬	付馬
つけうり	漬け瓜	漬瓜
つけえさ	付けエサ	付餌
つけおき	漬けおき	漬け置き
つけおとし	付け落し	付け落とし
つけかえ	付け替え	付替	付替え	つけ替え	付けかえ
つけかえさき	付け替え先	付替先
つけがき	付け描き	付描
つけがわ	付け側	つけ側
つけぎ	付け木	附木
つけく	付句	附句	付け句
つけくわえ	付け加え	附ケ加エ	付加え
つけげ	付け毛	つけ毛
つけごこち	付け心地	着け心地	つけ心地
つけさげ	付けさげ	付け下げ	付下げ
つけしろ	付け城	付城
つけじる	付け汁	浸汁	漬け汁	漬汁	つけ汁
つけたし	付け足し	つけ足し
つけたり	附	付け足り	付けたり	付
つけづめ	付け爪	つけ爪
つけな	漬け菜	漬菜
つけなおし	付け直し	つけ直し
つけね	付け根	付根	付け値	つけ根
つけはずし	付け外し	着けはずし	つけ外し
つけばな	付け鼻	つけ花
つけひき	ツケ引き	付け引き
つけひげ	付けひげ	付け髭	つけ髭
つけひも	付け紐	つけ紐
つけび	付け火	つけ火
つけふだ	付け札	付札
つけぼくろ	付け黒子	付けぼくろ
つけぼし	漬け干し	漬干し
つけまげ	付けまげ	付け髷
つけまつげ	付けまつげ	付けまつ毛	付けマツゲ	付け睫	付け睫毛	つけまつ毛	つけ睫毛
つけまわし	ツケ回し	付け回し	付廻し	附廻し	付回し
つけみず	漬け水	つけ水
つけめん	付けめん	付け麺	つけ麺
つけもの	漬け物	漬けもの	漬もの	漬物	付け物	つけ物
つけやき	付け焼	付け焼き	つけ焼き
つげ	告げ	告	黄楊	柘植
つげぐし	黄楊櫛	つげ櫛
つげぐち	告げ口	つげ口
つじうらない	辻占い	つじ占い
つじうり	辻売	辻売り
つじがはな	辻が花	辻ヶ花
つじぎり	辻斬	辻斬り	つじ切り
つじつじ	辻々	辻辻
つじつま	辻つま	辻妻	辻褄
つじつまあわせ	辻褄合わせ	つじつま合わせ
つじどう	辻堂	つじ堂
つたかずら	蔦かずら	蔦葛	蔦蔓
つち	土	槌
つちあそび	土あそび	土遊び
つちいじり	土いじり	土弄り
つちうち	槌打ち	つち打ち
つちおと	槌音	つち音
つちかべ	土壁	土かべ	土カベ
つちくも	土雲	都知久母
つちくれ	土塊	土くれ
つちぐも	土ぐも	土蜘	土蜘蛛
つちけむり	土けむり	土煙	土煙り
つちづくり	土作り	土造り	土づくり
つちづけ	土づけ	土付け
つちとり	土取	土取り
つちぬり	土塗	土塗り
つちねり	土練	土練り
つちひねり	土ひねり	土捻り
つちぶね	土舟	土船
つちぼこり	土ぼこり	土ボコリ	土埃
つちぼたる	土蛍	土螢
つちまみれ	土まみれ	土塗れ
つちやき	土やき	土焼	土焼き
つっかい	突かい	突っかい	突っ支い
つっかけ	突っかけ	突っ掛け
つっぱり	突っぱり	突っ張り	突張り
つつ	筒	津津	津々
つつがた	筒型	筒形
つつがむし	ツツが虫	恙虫
つつぐち	筒口	つつ口
つつしみ	慎しみ	謹み	慎み
つつじか	ツツジ科	躑躅科
つつじまつり	ツツジ祭り	躑躅祭り	つつじ祭り
つつそで	筒そで	筒袖
つつづくり	筒づくり	筒作り
つつどり	筒鳥	つつ鳥
つつみ	包み	包	堤
つつみあげ	包み揚げ	つつみ揚げ
つつみがね	包み金	包金
つつみがまえ	包構	包構え
つつみがみ	包み紙	包紙
つつみやき	包み焼き	堤焼
つづきあい	続き合い	続き間
つづきがら	続柄	続き柄
つづきもの	続きもの	続き物	続物
つづけざま	続けざま	続け様
つづら	葛籠	藤簍	葛
つづらおり	九十九折	葛折	葛折り	つづら折り
つづらおれ	葛折れ	つづら折れ
つづらふじか	葛藤科	ツヅラフジ科
つづり	綴り	綴
つづりあわせ	綴り合わせ	つづり合わせ
つづりかた	綴り方	綴方	つづり方
つづりこみ	綴り込み	綴込
つづりじ	綴り字	つづり字
つづれおび	ツヅレ帯	綴帯
つづれおり	綴れ織	綴れ織り	綴織	綴織り	つづれ織り
つづれにしき	綴れ錦	綴錦
つて	伝手	伝
つとめ	勤め	務め	努め
つど	都度	都度
つなぎ	繋	繋ぎ
つなぎうり	繋ぎ売り	つなぎ売り
つなぎかえ	繋ぎ換え	つなぎ換え	繋換え
つなぎこ	繋ぎ粉	つなぎ粉
つなぎさお	繋ぎ竿	つなぎ竿
つなぎすがた	繋ぎ姿	つなぎ姿
つなぎとめ	繋ぎ留め	つなぎ留め
つなぎば	繋ぎ場	繫ぎ場	つなぎ場
つなぎばり	繋ぎ梁	つなぎ梁
つなぎひも	繋ぎ紐	つなぎ紐
つなぎふく	繋ぎ服	つなぎ服
つなぎめ	繋ぎ目	繫ぎめ	つなぎ目
つなぎやく	繋ぎ役	つなぎ役
つなそ	黄麻	綱麻
つなづくり	綱づくり	綱作り
つなとり	綱とり	綱取り
つなひき	綱引き	綱曳	綱曳き	綱引	つな引き
つなまき	綱巻	綱巻き
つなみ	津波	津浪	海嘯
つなわたり	綱渡り	綱わたり
つね	常	平
つねなみ	常並	常並み
つのかくし	角かくし	角隠し
つのがき	角書	角書き
つのだし	角出し	つの出し
つのだる	角だる	角樽
つのなめくじ	角ナメクジ	角蛞蝓
つのゆみ	角弓	角弭
つば	唾	鍔	鐔
つばいち	海石榴市	つば市
つばき	唾	椿
つばきあぶら	ツバキ油	椿油	つばき油
つばきか	椿科	つばき科	ツバキ科
つばぜり	鍔競り	鍔糶
つばびろ	鍔広	つば広
つばもと	鍔もと	鍔元	つば元
つぶあん	粒餡	粒あん
つぶいり	ツブ入り	粒入り
つぶうに	粒うに	粒雲丹
つぶがい	ツブ貝	つぶ貝
つぶしあん	潰し餡	つぶし餡
つぶしだま	潰し玉	つぶし玉
つぶしのみ	潰し飲み	つぶし飲み
つぶぞろい	粒ぞろい	粒揃い
つぶつぶ	粒粒	粒々	粒つぶ
つぶて	礫	飛礫
つぶやき	呟やき	呟き
つぶやきごえ	呟き声	つぶやき声
つぶやきよみ	呟き読み	つぶやき読み
つぶより	粒より	粒選り
つぶれち	潰れ地	つぶれ地
つぶれはな	つぶれ鼻	潰れ鼻
つぼ	壷	坪	壼	壺
つぼおし	ツボ押し	壺押し	つぼ押し
つぼかん	壷棺	壺棺
つぼがた	つぼ形	壺形
つぼがり	坪刈	坪刈り
つぼすみれ	坪菫	壺菫
つぼづくり	壷作り	壺作り
つぼにわ	坪庭	壺庭
つぼねあるじ	局主	局主人
つぼほり	壺掘り	つぼ掘
つぼみ	莟	蕾	蕾莟
つぼやき	壺焼	壺焼き	つぼ焼き	壷焼き
つぼゆ	壺湯	つぼ湯
つま	妻	褄	爪	端	夫
つまいり	妻入	妻入り
つまおと	爪音	つま音
つまかわ	爪皮	爪革	つま皮
つまがけ	爪掛	爪掛け
つまごみ	妻ごみ	妻隠
つまごめ	妻ごめ	妻籠
つまさき	ツマ先	爪さき	爪先	爪尖	褄先	つま先
つまたち	妻たち	妻達
つまだち	爪立ち	つま立ち
つまど	妻戸	つま戸
つまどい	妻問	妻問い
つままかせ	妻まかせ	妻任せ
つまみ	撮み	摘み	撮	抓み
つまみあな	摘み穴	つまみ穴
つまみあらい	摘み洗い	つまみ洗い
つまみかわ	ツマミ皮	摘み革
つまみがわり	摘み代わり	つまみ代わり
つまみぐい	摘み食い	つまみ食い
つまみな	摘み菜	つまみ菜
つまみばら	摘み腹	つまみ腹
つまみもの	摘み物	つまみ物
つみ	雀鷹	積み	罪	詰み	詰	摘み
つみいれ	摘み入れ	摘入れ	積み入れ	積入
つみおろし	積み下ろし	積みおろし	積み卸し	積み降し	積み降ろし	積卸	積卸し	積降
つみかえ	積み換え	積み替え	積換	積換え	積替	積替え
つみかさね	積みかさね	積重ね	積み重ね	つみ重ね
つみき	積み木	積木
つみきん	積み金	積金
つみくさ	摘み草	摘草	つみ草
つみこみ	積み込み	積込	積込み
つみごえ	堆肥	積み肥	積肥
つみたて	積立	積立て	積み立て
つみたてがた	積立型	積立て型	積み立て型
つみたてきかん	積立期間	積立て期間	積み立て期間
つみたてふそく	積立不足	積立て不足	積み立て不足
つみたてゆうきゅう	積立有休	積立有給
つみだし	積み出し	積出
つみち	積み地	積地
つみつけ	積付	積付け	積附
つみとが	罪とが	罪科
つみとり	積み取り	積取	積取り
つみに	積み荷	積荷
つみびと	罪びと	罪人
つみほろぼし	罪ほろぼし	罪滅ぼし
つみまし	積み増し	積増し
つみれじる	摘入汁	つみれ汁
つみれなべ	摘入鍋	つみれ鍋
つみわら	積みわら	積み藁
つむ	錘	紡錘
つむぎ	紬	紡ぎ	紬ぎ
つむぎいと	紡ぎ糸	紬糸
つむぎうた	紡ぎ歌	つむぎ唄
つむじかぜ	旋風	つむじ風
つむじまがり	旋毛曲がり	旋毛曲り	つむじ曲がり
つめ	詰め	爪	詰
つめあがり	詰め上がり	詰上り
つめあと	ツメ跡	爪痕	爪跡	つめ跡
つめあわせ	詰め合せ	詰め合わせ	詰合	詰合せ	詰合わせ
つめいん	爪印	つめ印
つめうらない	爪占い	つめ占い
つめえり	詰めえり	詰め襟	詰衿	詰襟	つめ襟
つめかえ	詰替	詰替え	詰め替え
つめかみ	爪かみ	爪カミ	爪噛み
つめきり	爪切り	つめ切り
つめくさ	詰め草	つめ草
つめこみ	詰め込	詰込	詰込み	詰め込み
つめご	詰め碁	詰碁
つめしょ	詰め所	詰所
つめたこ	詰めタコ	詰め蛸
つめとぎ	爪とぎ	爪研ぎ
つめばら	詰め腹	詰腹
つめばん	爪判	詰め番
つめみがき	爪磨	爪磨き
つめもの	詰めもの	詰め物	詰物	つめ物
つめやすり	爪やすり	爪ヤスリ	爪鑢
つもり	積もり	積り
つや	艶	通夜
つやかん	ツヤ感	艶感
つやがみ	ツヤ髪	艶髪	つや髪
つやくちびる	ツヤ唇	艶唇
つやけし	ツヤ消し	艶消	艶消し	つや消し
つやごと	艶事	つや事
つやたば	ツヤ束	艶束
つやだし	ツヤ出し	艶出し	つや出し
つやだね	艶ダネ	艶種
つやはだ	ツヤ肌	艶肌	つや肌
つゆ	梅雨	露	汁
つゆあけ	梅雨明け	梅雨あけ	つゆ明け
つゆくさ	露草	つゆ草
つゆづくり	汁作り	つゆ作り
つゆづけ	汁づけ	汁漬け
つゆどき	梅雨時	梅雨どき
つゆはらい	露払	露払い
つゆばれ	梅雨晴	梅雨晴れ
つゆりょう	汁量	つゆ量
つよき	強気	強き
つよふくみ	強ふくみ	強含	強含み
つよみ	強み	強味	強身
つらあかり	面明かり	面明り
つらあて	面あて	面当て	つら当て
つらがまえ	ツラ構え	面がまえ	面構え
つらずもう	ツラ相撲	面相撲
つらつき	面つき	面付き
つらめ	ツラ目	つら目
つらら	氷垂	氷柱
つり	釣り	釣	吊
つりあい	釣り合い	釣り合	釣合	釣合い	つり合い
つりあげ	吊上げ	吊り上げ	釣上げ	つり上げ
つりいと	釣り糸	釣りイト	釣糸	つり糸
つりえ	釣りえ	釣り餌
つりえさ	釣りえさ	釣り餌
つりかえ	釣り替え	釣替え
つりかご	吊り籠	吊籠	釣りかご	釣り籠	釣籠
つりかざり	吊り飾り	つり飾り
つりかわ	吊り皮	吊り革	吊皮	吊革	つり皮	つり革
つりがき	吊り書	吊り書き	吊書	吊書き	釣り書	釣り書き	釣書	釣書き
つりがさ	吊り傘	吊傘
つりがね	吊鐘	釣り鐘	釣鐘	つり鐘
つりきち	釣りきち	釣りキチ
つりきゃく	釣り客	釣客
つりぎ	釣木	つり木
つりぐ	釣具	釣り具	つり具
つりぐさり	吊り鎖	つり鎖
つりこ	吊り子	つり子
つりざお	釣ざお	釣りざお	釣り竿	釣竿
つりしのぶ	吊忍	釣り忍	釣忍
つりせん	釣り銭	釣銭	つり銭
つりぜめ	吊り責め	釣り責め	釣責
つりだい	吊台	釣り台	釣台	つり台
つりだし	釣り出し	つり出し
つりだな	吊り棚	吊棚	釣り棚	釣棚	つり棚
つりつな	吊り綱	つり綱
つりて	吊り手	吊手	釣り手	釣手	つり手
つりどこ	吊床	釣り床	釣床	つり床
つりどの	釣り殿	釣殿
つりなわ	釣り縄	釣縄	つり索
つりに	吊り荷	つり荷
つりねた	釣りねた	釣ネタ
つりば	釣り場	釣場
つりばこ	釣り箱	つり箱
つりばし	吊り橋	吊橋	釣り橋	釣橋	つり橋
つりばち	吊り鉢	つり鉢
つりばな	吊り花	釣り花	釣花
つりばり	釣針	釣り針	釣鉤	つり針
つりひも	吊りひも	吊り紐	釣り紐
つりびと	釣り人	つり人
つりふねそう	吊船草	釣船草
つりぶくろ	吊り袋	つり袋
つりぶね	釣り船	釣舟	釣船	つり舟	つり船
つりぼり	釣り堀	釣堀
つりめ	ツリ目	吊り目	吊目	吊眼	つり目
つりやど	釣り宿	つり宿
つりやね	吊り屋根	つり屋根
つりりょう	釣漁	釣り漁
つりわ	吊環	つり環	つり輪
つりわざ	吊り技	つり技
つる	蔓	鶴	弦
つるおんな	ツル女	鶴女
つるがれ	つる枯	つる枯れ
つるぎがた	剣型	剣形
つるくさ	蔓草	つる草
つるざ	鶴座	つる座
つるし	吊るし	吊し
つるしあげ	吊し上げ	吊るし上げ	吊上げ	つるし上げ
つるしがき	吊し柿	吊るし柿	吊しガキ	吊るしガキ
つるしぐも	吊るし雲	つるし雲
つるしびと	吊るし人	吊し人
つるだち	蔓立	蔓質
つるだな	蔓棚	つる棚
つるっぱげ	つるっ禿	つるっ禿げ
つるな	蔓菜	つる菜
つるひげ	蔓ひげ	蔓髭
つるべうち	連べ打ち	つるべ打ち	つるべ撃ち
つるべおとし	ツルベ落とし	釣瓶落とし	つるべ落とし
つるまき	弦巻き	蔓巻	つる巻き
つるめそ	弦召そ	弦練作
つるわれ	蔓割れ	つる割れ
つれあい	連れ合い	連れあい	連合い
つれすじ	釣れスジ	釣れ筋
つれびき	連れ弾	連れ弾き	連弾	連弾き
つれまい	連れ舞	連舞
つわぶきとり	石蕗とり	石蕗取り
つんぼかん	聾疳	つんぼ疳
つんぼさじき	聾桟敷	つんぼ桟敷
つんぼばなし	聾話	つんぼ話
づかい	使い	遣い	使
づきあい	付き合い	付きあい	付合い
づきつり	ヅキ釣り	づき釣り
づくえ	机案	机
づくり	造り	作り	粧り	造	作
づけ	付け	付
づま	妻	夫
づめ	詰め	爪	詰
づもり	積もり	積り
づり	釣り	釣	吊
づる	蔓	鶴
て	手	手ぇ	手ェ
てあい	手合	手あい	手合い
てあか	手あか	手アカ	手垢
てあき	手明	手明き	手空き
てあし	手足	手脚
てあそび	手遊び	手あそび
てあたり	手当たり	手あたり	手当り
てあて	手当	手当て	手あて
てあぶら	手油	手脂
てあぶり	手あぶり	手焙	手焙り
てあみ	手編	手あみ	手編み	手網
てあらい	手洗い	手洗
てあらいばち	手洗い鉢	手洗鉢
てあれ	手あれ	手アレ	手荒れ
てあわせ	手あわせ	手合せ	手合わせ
てい	悌	氐	貞	帝	丁	體	艇	定	態	体	底
ていあつ	低圧	定圧
ていい	定位	低位	帝位
ていいん	定員	停飲	庭院
ていえん	庭園	庭苑	低塩	定演
ていおう	帝王	弟王
ていおん	低温	低音	定温	綴音	蹄音
ていか	低下	定価	逓下	逓加	低価
ていかい	低回	低徊	停会	停會
ていかく	低確	定格	底角	蹄角
ていかん	諦観	諦觀	定款	停刊	帝冠	楨幹	蹄間	邸館	定貫
ていがい	丁亥	堤外	邸外
ていがく	定額	低額	停学
ていき	提起	詆毀	諦棄	定期	低起	帝紀
ていきしはらい	定期支払い	定期支払
ていきばらい	定期払	定期払い
ていきゅう	啼泣	涕泣	定休	低級	帝宮	庭球
ていきょう	提供	帝京
ていきん	庭訓	提琴
ていぎ	定義	提議
ていけ	手活け	手生け
ていけい	提携	提挈	定形	定係	弟兄	梯形	碇繋	定型
ていけいがい	定形外	定型外
ていけつ	締結	貞潔	隄決
ていけん	定見	帝権	定検
ていげん	低減	提言	逓減	定言
ていこう	逓降	抵抗	抵膠	低高	亭侯	梯航	定稿
ていこく	帝国	帝國	定刻	啼哭
ていご	抵梧	牴牾
ていごう	亭号	帝后
ていざ	鼎坐	帝座
ていざい	定在	抵罪
ていし	停止	底止	丁巳	亭子	低脂	帝師	弟子
ていしつ	低湿	低質	帝室	底質
ていしゃ	停車	薙射
ていしゅ	亭主	艇首	邸主
ていしゅう	低臭	鄭周	定収
ていしゅつ	提出	低出	呈出
ていしゅつしめきり	提出〆切	提出締め切り	提出締切	提出締切り
ていしょ	呈書	低処	低所
ていしょう	提唱	低唱	低床	定昇	底床	抵掌	逓相
ていしょく	呈色	定植	底触	抵触	牴触	牴觸	觝触	定食	停職	低触	定職
ていしん	挺身	挺進	廷臣	艇身	貞心	逓信	遞信
ていじ	提示	呈示	定時	丁字	亭子	綴字	逓次	低次
ていじょう	呈上	定常	帝城	梯上	蹄状	庭上
ていせい	訂正	提撕	提醒	低声	帝政	定省	帝制	底生	定性
ていせき	叮責	定積	帝籍	蹄跡
ていせつ	貞節	定説
ていせん	停戦	停船	定線	定船	汀線
ていぜん	庭前	邸前
ていそ	提訴	定礎	定租	帝祚
ていそう	逓送	低層	丁壮	貞操	底層
ていそく	低速	定則	定息	定足	艇速	鼎足	定速
ていぞく	低俗	帝族
ていたい	停滞	低滞	堤体	提台	梯体
ていたらく	体たらく	為体
ていだい	帝大	提題
ていだん	鼎談	低段	梯団	てい談
ていち	邸地	偵知	定置	低地	低値
ていちゃく	定着	釘着	釘著
ていちゅうしつ	低・中質	低中質
ていちょう	低調	丁重	丁チョウ	鄭重	低張	啼鳥	艇長	蹄釘	てい重
ていっぱい	手一杯	手いっぱい
ていてい	廷丁	提定
ていてつ	蹄鉄	てい鉄
ていてん	定点	停点	帝展
ていでん	停電	逓伝
ていと	帝都	帝都
ていとう	抵当	低頭	低糖	堤塘	蝃蝀
ていど	程度	てい度
ていない	艇内	堤内	廷内	邸内	庭内
ていねん	定年	諦念	停年	丁年
ていねんせい	定年制	停年制
ていのう	低能	低脳
ていはく	停泊	碇泊
ていばん	定番	底盤
ていふ	呈譜	貞婦
ていぶ	低部	底部
ていぶん	定文	定分
ていへい	低平	提瓶
ていほん	底本	定本
ていぼう	堤防	隄防	丁卯	てい防
ていめい	低迷	締盟	艇名
ていやく	締約	定訳
ていゆ	提喩	蹄油
ていゆう	丁憂	丁酉	帝猷	悌友
ていよう	提要	蹄葉	定容
ていり	低利	定理	廷吏
ていりつ	定立	鼎立	低率	定律	提立	定率
ていりゅう	停留	底流
ていりょう	定量	庭燎
ていりん	低リン	低燐
ていれ	手入れ	手入
ていれい	定例	定齢
ていれつ	低劣	貞烈
ていれん	低廉	偵練
てうえ	手植	手植え	手植ゑ
てうち	手うち	手討	手討ち	手打	手打ち
ておい	手負	手負い
ておくれ	手遅れ	手おくれ	手後れ
ておけ	手おけ	手桶
ておし	手押し	手押
ておち	手落	手落ち
ておどり	手踊	手踊り
ておの	手おの	手斧
ておぼえ	手覚	手覚え
ており	手織り	手おり	手織
てかがみ	手鏡	手鑑
てかき	手書	手書き
てかぎ	手かぎ	手カギ	手鉤
てかけ	妾	手懸	手懸け	手掛
てかご	手かご	手籠
てかせ	手かせ	手枷	手桎	手械
てかばん	手革包	手鞄
てかりおさえ	テカリ抑え	てかり押さえ
てかりどめ	テカリ止め	てかり止め
てかりはだ	テカリ肌	てかり肌
てがい	手飼	手飼い
てがかり	手がかり	手掛かり	手懸かり	手懸り	手掛り
てがき	手書き	手がき	手描き
てがた	手形	手型	手方
てがみ	手紙	手がみ
てがら	手柄	手がら	手絡
てがわり	手代り	手代わり	手変わり	手替り
てき	敵	適
てきい	敵意	迪彝	適意
てきえい	敵営	敵影
てきおん	適温	笛音
てきか	摘果	滴下	滴加	敵火	摘花
てきが	摘芽	擲瓦
てきがい	敵がい	敵愾	荻外
てきき	敵機	適季	手利き
てきぐん	敵群	敵軍
てきさい	摘採	摘載	嫡妻	適債	適才
てきし	敵視	摘示	適施
てきしゃ	摘写	適者
てきしゅつ	剔出	摘出
てきしょ	適所	適処
てきしょう	敵将	的証
てきしょく	適食	適職
てきしん	摘しん	摘心	摘芯	敵針
てきじつ	適実	適實
てきじょ	滌除	摘除
てきじょう	敵城	敵情	敵状	適状
てきじん	敵陣	敵臣	狄人
てきず	手きず	手傷	手創	手疵
てきせい	敵性	適性	敵勢	笛声
てきせいか	適正化	適性化
てきせん	敵船	敵潜
てきだん	擲弾	敵弾	てき弾
てきち	適地	敵地
てきちゅう	的中	適中	敵中	滴注
てきとう	適当	的当	敵党	敵黨
てきひ	摘脾	適否
てきほう	適法	敵砲
てきや	テキ屋	的屋
てきやく	適役	適薬	適訳
てきよう	適用	擢用	摘要
てきらい	摘らい	摘蕾
てきりょう	適量	敵領
てきれい	適齢	適例
てぎれ	手切	手切れ
てぎれきん	手切れ金	手切金
てぎわ	手際	手ぎわ
てくばり	手くばり	手配り
てくび	手首	手くび	手頸
てぐし	手ぐし	手グシ	手櫛
てぐす	天糸	天蚕糸
てぐすね	手ぐすね	手薬煉
てぐり	手ぐり	手繰り
てこ	梃子	梃
てこいれ	テコ入れ	梃入れ	てこ入れ
てこね	手こね	手捏ね
てごたえ	手応え	手ごたえ	手ごたへ	手答え
てごと	手琴	手事
てごね	手ごね	手捏ね
てごま	手ごま	手駒
てごめ	手籠	手ごめ	手籠め	手込め
てさぐり	手探り	手さぐり
てさげ	手提げ	手さげ	手下げ	手提
てさばき	手さばき	手捌き
てざわり	手ざはり	手ざわり	手触り
てしょう	手性	手証
てしょく	手燭	手食	手職
てじか	手近	手ぢか	て近
てじまい	手じまい	手仕舞い	手仕舞
てじめ	手締	手締め
てじゃく	手尺	手酌
てじょう	手錠	手鎖
てすう	手数	手數
てすき	手すき	手漉	手漉き	手透き	手隙
てすさび	手すさび	手遊び
てすり	手すり	手スリ	手摺	手摺り
てずり	手刷	手刷り
てずれ	手ずれ	手擦れ
てぞめ	手染	手染め
てだし	手出し	手だし
てだすけ	手助け	手だすけ	手救け
てだて	手立て	手だて	手立
てだま	手玉	手球
てだれ	手だれ	手練れ	手足れ	手練
てちがい	手ちがい	手違い	手違ひ
てちょう	手帳	手帖
てっ	鐡	鉄
てっか	鉄火	撤下	鉄戈
てっかい	撤回	鉄塊	鉄拐	鉄灰
てっかみそ	鉄火味噌	鉄火みそ
てっかん	鉄環	鉄監	鉄管
てっき	摘記	適帰	適期	鉄器	鉄騎	敵機	銕軌	鐵軌	鉄軌
てっきゅう	鉄灸	鉄球
てっきょ	摘挙	撤去
てっきょう	鉄橋	鉄鏡
てっきん	鉄筋	鉄琴
てっけつ	剔抉	鉄血
てっけん	徹見	鉄剣	鉄拳	鉄鋧
てっこう	鉄鋼	鉄工	鐵工	徹甲	鉄構	鉄甲	鉄鉤	鉄鉱	手っ甲	手甲	鉃鋼
てっこうぎょう	鉄鋼業	鉄工業
てっこうしょ	鐵工所	鉄工所
てっこうじょ	鐵工所	鉄工所
てっさ	轍差	鉄鎖
てっさく	鉄柵	鉄サク	鉄索
てっし	鉄滓	鉄鉇
てっしょう	徹宵	鉄相	鉄証
てっしん	鉄しん	鉄心	鉄芯	鉄針
てっせき	轍跡	轍迹	鉄石
てっせん	撤饌	鉄線	鉄扇	鉄泉	鉄箭	鉄銭	鉄船
てっそん	姪孫	鉄損
てっつい	鉄槌	鉄鎚
てってい	徹底	鉄てい	鉄蹄	てっ底
てっとう	徹頭	鉄とう	鉄刀	鉄塔	鉄桶
てっとり	手取り	手っとり	手っ取	手っ取り	手取
てっぱんやき	鉄板焼	鉄板焼き
てっぴ	鉄扉	鉄爪
てっぺん	天辺	頂辺	鉄片
てっぽう	鉄砲	鉄炮	鐵炮
てつ	鐡	轍	鉄
てつあれい	鉄アレイ	鉄亜鈴
てつかぶと	鉄かぶと	鉄カブト	鉄兜
てつき	手付き	手つき
てつぎ	手継	手継ぎ
てつくい	鉄杭	鉄橛
てつくず	鉄くず	鉄クズ	鉄屑
てつけ	手付	手付け
てつけきん	手付け金	手付金
てつさび	鉄さび	鉄錆
てつざい	鉄剤	鉄材
てつじょう	鉄条	鉄錠
てつじん	鉄人	哲仁	哲人
てつせい	鉄製	哲性
てつぞく	鉄属	鉄鏃
てつだい	手伝い	手つだい	手伝
てつづき	手続	手続き	手つづき
てつづきほう	手続法	手続き法
てつづくり	鉄づくり	鉄作り
てつどう	鉄道	鐵道
てつどうせい	鉄、銅製	鉄銅製
てつなべ	鉄なべ	鉄鍋
てつばこ	鉄凾	鉄箱
てつばさみ	鉄ばさみ	鉄鋏
てつひろい	鉄ひろい	鉄拾い
てつびし	鉄ビシ	鉄菱
てつびん	鉄びん	鉄瓶
てつぶち	鉄ぶち	鉄縁
てつぶん	鉄分	綴文
てつほこ	鉄矛	鉄鉾
てつぼう	鉄棒	鉄ぼう	鉄帽
てつむぎ	手つむぎ	手紡	手紡ぎ	手紬
てつや	徹夜	鉄冶
てつろ	鉄路	鉄炉
てづかみ	手づかみ	手掴み	手摑み	手攫
てづくね	手捏	手捏ね
てづくり	手作り	手づくり	手造り
てづまり	手づまり	手詰まり	手詰り
てづり	手づり	手釣	手釣り
てづる	手づる	手蔓
てて	手々	手て	父
てとり	手とり	手取り
てどり	手取	手どり	手捕り	手取り
てどりがく	手取り額	手取額
てなが	手永	手長
てなぐさみ	手なぐさみ	手慰み
てなじみ	手なじみ	手馴染み
てなべ	手なべ	手鍋
てなみ	手なみ	手並	手並み
てならい	手習	手習い
てならし	手馴し	手馴らし
てぬい	手ぬい	手縫い
てぬかり	手ぬかり	手抜かり
てぬき	手抜き	手ぬき
てぬくもり	手ぬくもり	手温もり
てぬぐい	手拭い	手ぬぐい	手拭
てぬぐいじ	手拭い地	手ぬぐい地	手拭地
てのひら	掌	手のひら	手の平
てのもの	手の物	手の者
てのり	手のり	手乗り
てはい	手配	手はい	手牌
てはじめ	手始め	手はじめ	手初め
てはず	手はず	手筈
てばな	手洟	手花	手鼻
てばなし	手ばなし	手放し
てひと	才伎	手人
てひも	手ひも	手紐
てびかえ	手控え	手びかえ	手控
てびき	手引き	手引	手びき	手曳
てびきしょ	手引き書	手引書
てびさし	手びさし	手庇
てびねり	手びねり	手捻り
てぶくろ	手袋	手ぶくろ
てぶり	手振り	手ぶり
てぶれ	手ぶれ	手ブレ	手振れ
てほどき	手ほどき	手解き
てぼうき	手ぼうき	手箒
てぼり	手彫	手彫り	手掘	手掘り
てま	手ま	手間
てまえ	手前	手まえ	点前
てまえみそ	手前味噌	手前みそ
てまがえ	手間代え	手間替え
てまき	手巻	手巻き
てまくら	手まくら	手枕
てまさぐり	手まさぐり	手弄り
てまち	手待	手待ち
てまちじかん	手待ち時間	手待時間
てまね	手まね	手真似
てまねき	手招き	手まねき
てまひま	手間ひま	手間暇	手間隙
てまり	手まり	手毬	手鞠
てまりばな	手毬花	手鞠花
てまわし	手回	手まわし	手回し	手廻	手廻し
てまわり	手回	手回り	手廻り
てみせ	手みせ	手見せ
てみやげ	手土産	手みやげ
てむかい	手向い	手向かい
てもち	手持ち	手もち	手持
てもちぶさた	手持ちぶさた	手持ち無沙汰	手持無沙汰
てもと	手元	手もと	手許
てもみ	手揉み	手もみ
てもり	手盛り	手銛
てらいり	寺入	寺入り
てらこや	寺小屋	寺子屋
てらせん	テラ銭	寺銭
てらまいり	寺参り	寺詣り
てらめぐり	寺めぐり	寺巡り
てりかえし	照りかえし	照り返し
てりかげり	照り陰り	照翳り
てりがき	照り柿	照柿
てりは	照り葉	照葉
てりふり	照り降り	照降り
てりやき	照り焼き	照り焼	照焼	照焼き
てるてるぼうず	照る照る坊主	てるてる坊主
てれかくし	テレ隠し	照れかくし	照れ隠し	てれ隠し
てれや	テレ屋	照れ屋
てれわらい	テレ笑い	照れ笑い	照れわらい	照笑
てわけ	手わけ	手分け
てわざ	手わざ	手業
てわたし	手渡し	手わたし	手渡
てん	転	点	篆	輾	貂	天	點	典
てんあつ	展圧	填圧	転圧
てんい	転位	転医	転移	天為	典医	天威	天意	天衣	転衣
てんいん	転院	店員	店いん	天印	奠陰	天隕
てんえん	展延	天円	転園
てんおう	天王	滇王
てんおん	天恩	転遠
てんか	転化	点火	転嫁	転科	転訛	添加	天下	天火	添花	甜瓜	転禍	天瓜	てん加	天花
てんかい	展開	転回	天界	天開	転会	てん開
てんかく	天格	店格	点画
てんかす	天かす	天カス	天滓
てんかつ	天蝎	転活
てんかふん	天花粉	天瓜粉
てんかん	転換	展観	癲癇	天官	天漢	天陥
てんかんき	転換器	転換期
てんがい	天外	天蓋	天涯	天界	店外
てんがく	転学	典楽	篆額
てんがん	点眼	天冠	天眼	天顔
てんき	天気	転記	転機	転期	天機	奠基	恬熈	点鬼	転帰
てんきゅう	転給	天球	点灸	天宮
てんきゅうはいぎょう	転・休・廃業	転、休、廃業	転休廃業
てんきょ	転居	典拠
てんきょく	転極	天極
てんきん	転勤	天金
てんぎ	典儀	転義	轉義
てんぐ	天狗	転愚
てんけい	転形	典型	天啓	天刑	天恵	添景	点景
てんけん	点検	点けん	典憲	天嶮	天譴	天険
てんげき	填隙	天隙
てんげん	天元	天玄
てんこ	点呼	典故	天庫	天狐	天胡	天鼓	転呼
てんこう	転向	転校	転航	天候	天工	天恍	天罡
てんこく	篆刻	転刻
てんこもり	テンコ盛り	天こ盛り	てんこ盛り
てんごく	天国	典獄	天獄	諂曲
てんさい	転載	天才	天災	天裁	天際	甜菜	てん菜
てんさいとう	甜菜糖	てんさい糖	てん菜糖
てんさく	転作	添削
てんさん	天産	天蚕
てんし	展翅	天使	天子	天師	天志	天資	転子
てんしゃ	転車	転写	転社	天社	天赦
てんしゃく	転借	天爵
てんしゅ	天守	天主	天種	天趣	店主
てんしょ	添書	典書	篆書
てんしょう	転生	天将	天縦	天象	天賞	展掌
てんしょく	転職	天職	展色
てんしん	転身	転進	転針	天真	天心	展伸	点心	天神
てんじ	展示	点字	典事	典侍	天字	点耳	篆字	てん字
てんじゅ	天寿	天授
てんじゅう	塡充	転住	填充
てんじょう	天井	添乗	纏繞	転乗	転譲	天じょう	天上	殿上	天壌	天壤	点定	点状	転場
てんじん	転陣	天人	天神
てんすう	店数	点数
てんせい	転成	天逝	転生	天成	填井	天声	天誠	天青	展性	点睛	天性	天井
てんせき	転石	転籍	典籍	転席
てんせん	転戦	点線	転旋	転線
てんそう	伝奏	転送	典曹	展相	転奏	転想	転漕	転相
てんそく	塡塞	天測	纏足	纒足	てん足
てんそん	天孫	天尊
てんぞう	天造	転造
てんたい	転貸	転退	天体
てんち	転地	転置	天地	天池
てんちゃ	点茶	甜茶
てんちゃく	店着	展着	添着
てんちゅう	天中	天宙	天柱	天誅	点注	転注
てんちょう	展張	転調	天朝	天聴	天長	天頂	店長
てんつけ	点付け	点附
てんつゆ	天つゆ	天汁
てんてい	点定	点綴	天帝
てんてき	天敵	点滴	点てき	点的
てんてこまい	テンテコ舞い	天手古舞	てんてこ舞い
てんてつ	点綴	転てつ	転轍
てんてん	輾転	点々	天々	天天
てんと	奠都	奠都	天道	展都
てんとう	転倒	顚倒	顛倒	点灯	点燈	点頭	店頭	天道	天桃	天灯	纒頭	纏頭
てんとうむし	てんとう虫	天道虫	瓢虫
てんとく	転得	天徳
てんとり	点とり	点取り	点取
てんとりむし	点取り虫	点取虫
てんどう	天動	天道	転動	転導	顛動	天堂
てんどん	天ドン	天丼	天どん
てんにん	転任	天人
てんねんしょく	天然食	天然色
てんのう	天皇	天王
てんのうせい	天王星	天皇制
てんのり	天ノリ	天糊
てんば	天端	天馬
てんばん	天板	天盤
てんぱ	点播	天パ
てんぱい	天杯	天盃	顛沛
てんぱん	典範	展帆
てんびき	天引き	天引
てんびょう	点描	転錨
てんびん	天びん	天秤
てんびんざ	天秤座	てんびん座
てんぴ	天日	天火
てんぶ	転部	天部
てんぶん	天分	天聞	篆文
てんぷ	添付	添附	貼附	転付	貼付	天府	天父	天賦	天桴	天符	てん付
てんぷく	転覆	顚覆	顛覆	天吹
てんぷら	天ぷら	天プラ	天婦羅	天麩羅
てんぷらこ	天ぷら粉	天麩羅粉	てんぷら粉
てんぺん	転変	天変
てんぼ	展墓	典謨
てんぼう	展望	天望	点棒
てんぽ	塡補	填補	転補	店舗	店鋪	てん保	てん補
てんぽう	転封	天報
てんま	伝馬	天魔	天麻
てんまき	点まき	点蒔き
てんまつ	転末	顚末	顛末	てん末
てんめい	店名	天命	転迷	天明
てんめつ	点滅	殄滅
てんめんじゃん	テンメン醤	甜面醬	甜麵醤	甜麵醬	甜麺醤	甜面醤
てんもう	天網	添毛
てんもん	天文	天門
てんやく	点訳	典薬	点薬
てんやもの	店屋物	店屋もの
てんゆう	天佑	天祐
てんらい	天来	天籟	天雷
てんらく	転落	顚落	顛落
てんらん	展覧	天覧
てんり	天吏	天理
てんりん	天倫	天輪	転輪
てんれい	典麗	典例	天嶺	篆・隷	篆隷	典礼
てんれいかいぎょうそうしょ	篆・隷・楷・行・草書	篆隷楷行草書
てんろ	天路	転炉
てーぶるさんざ	テーブル山座	テーブルさん座
で	出	手
であい	出合い	出会い	出逢い	出会ひ	出遇い	出遭い	出合	出会
であいがしら	出合い頭	出会い頭	出合頭	出会頭
であがり	出アガリ	出上がり
でい	出居	泥
でいがん	泥岩	でい岩
でいさ	泥沙	泥砂
でいすい	泥酔	泥水	でい酔
でいり	出入り	出入
でいりきんし	出入禁止	出入り禁止
でいりぐち	出入口	出入り口
でかあし	デカ足	でか足
でかあたま	デカ頭	でか頭
でかせぎ	出稼ぎ	出かせぎ	出稼
でかた	出かた	出方
でかめ	デカ目	でか目
でかんしょぶし	デカンショ節	でかんしょ節
でがい	出買	出買い
でがけ	出がけ	出掛け
でがらし	出がらし	出涸らし
でがわり	出代わり	出替り	出替わり
できあい	溺愛	出来合	出来合い	でき愛
できあがり	出来上がり	出来上り	でき上がり
できかけ	出来かけ	出来掛け
できごと	出来事	出来ごと	でき事
できたて	出来たて	出来立	出来立て
できばえ	出来ばえ	出来栄え	出來映	出来映え	でき映え
できり	出切り	出截り
でくのぼう	木偶の坊	でくの坊
でげいこ	出稽古	出げいこ
でざかり	出ざかり	出盛り
ですて	出捨	出捨て
でず	出州	出洲
でずっぱり	出ずっぱり	出づっぱり
でぞめ	出初	出初め
でぞめしき	出初め式	出初式
でたて	出たて	出立て
でたらめ	出たらめ	出鱈目
でだし	出出し	出だし
でっちあげ	デッチ上げ	捏ち上げ	でっち上げ
でっちり	出っちり	出っ尻
でっぱな	出っ端	出っ鼻	出っぱな
でっぱり	出っぱり	出っ張り
でっぽう	鉄砲	鉄炮	鐵炮
でついで	出ついで	出序で
でどころ	出所	出どころ	出拠	出処
ではいり	出入り	出這入り
ではな	出端	出はな
でば	出刃	出歯	出場
でばな	出ばな	出花	出鼻
でばぼうちょう	出刃包丁	出刃庖丁
でばやし	出ばやし	出囃子
でぶしょう	出無精	出不精
でぶねこ	デブ猫	でぶ猫
でべそ	出べそ	出臍
でま	手ま	手間
でまかせ	出まかせ	出任せ	で任せ
でまり	手まり	手毬	手鞠
でむかえ	出迎	出迎え
でもどり	出もどり	出戻り
でわかれ	出分かれ	出岐れ
でん	奠	鈿	電
でんか	電化	電荷	殿下	伝家	天下
でんかい	電解	電界
でんがく	田樂	田楽
でんき	電気	電機	伝記	伝奇	伝騎	電器	電氣	電軌
でんきかみそり	電気カミソリ	電気剃刀	電気かみそり
でんきゅう	電球	臀球
でんきん	殿筋	臀筋
でんぎょう	電業	伝教	傳教
でんけん	伝研	電鍵	電顕	電験	電研
でんげん	電源	電げん
でんこ	佃戸	電弧
でんこう	電光	電工
でんさん	伝産	電産	電算
でんし	電子	伝尸	伝屍	殿試	電視
でんしか	電子化	電子科
でんしせん	電子戦	電子線
でんしゃ	電車	伝写	殿舎
でんしゃく	電灼	電車区
でんしゅう	伝習	伝襲
でんしょう	伝承	伝称	伝誦	電照
でんしょく	電飾	電植	電食
でんしん	電信	伝心	電しん	伝神	殿身	電神	田紳
でんじ	電磁	田字	田地
でんじゅ	伝受	伝授
でんせい	伝世	電請	伝声
でんせき	田積	田籍
でんせつ	伝説	電設
でんせん	伝宣	伝染	伝線	殿戦	電線	電閃
でんそう	伝送	伝奏	電送	電装	伝創	電槽
でんそく	電促	電束	電測
でんたく	田宅	電たく	電卓
でんたん	伝単	電探
でんち	電池	田地
でんちゃり	電ちゃり	電チャリ
でんちゅう	電柱	殿中	田疇
でんてつ	電鉄	電鐵
でんとう	伝統	伝とう	傳統	伝灯	電灯	電燈	伝燈	電とう	伝刀
でんとうしょく	伝統食	伝統色
でんどう	伝導	伝道	伝動	電導	電動	殿堂
でんどうしゃ	伝道者	電動車
でんどうのこ	電動ノコ	電動のこ
でんどうのこぎり	電動ノコギリ	電動鋸	電動のこぎり
でんねつ	伝熱	電熱
でんのこ	電鋸	電のこ	電ノコ
でんぱ	伝播	伝ぱ	電波	傳播
でんぱん	伝搬	伝播
でんぶ	臀部	殿部	田麩	でん部
でんぶん	伝聞	電文
でんぷん	デン粉	澱粉	殿粉	でん粉
でんぼう	伝法	電棒
でんぽう	伝法	電報
でんりょう	伝領	田令	電量
でんりょく	電力	伝力
でんれい	伝令	電令	電鈴
でんろ	電路	伝路	電炉
でんわ	電話	伝話
と	都	徒	戸	堵	砥	途	斗
とい	樋	徒為	都尉	問い	問
といあわせ	問い合わせ	問合せ	問いあわせ	問い合せ	問合わせ	問合
といあわせさき	問い合わせ先	問合せ先
といあわせないよう	問い合わせ内容	問合せ内容
といかけ	問いかけ	問い掛け
といし	砥石	と石
といまる	問い丸	問丸
とう	糖	父	塔	籐	党	舅	黨	冬	榻	陶	夙う	疾う	薹	統	東	燈	当	桃	答	等	頭	登	棟
とうあつ	踏圧	等圧
とうあん	答案	偸安
とうい	島夷	当意	当為	投夷	擣衣	東夷	等位	糖衣	蕩倚	闘委	頭位	頭囲
とういす	籐イス	籐椅子	籐いす
とういん	登院	東院	頭韻	刀印	唐音	幢印	当院	桃陰	洞院	党員
とうえい	投影	投映	倒影	冬営	塔影	東瀛	灯影
とうえん	桃園	東縁	登園
とうおう	唐王	東奥	等黄
とうおん	唐音	等温	頭音
とうか	等価	灯火	投下	東下	等化	透過	踏歌	燈火	藤花	倒家	刀架	当科	悼歌	東夏	桃花	桃華	桐花	灯下	燈下	痘科	登花	登華	登遐	糖価	糖果	糖菓	豆果	稲架	頭下	糖化
とうかい	倒壊	倒潰	韜晦	冬海	踏海	当会	東海
とうかく	倒閣	頭角	当確	桃核	等角	統覚
とうかつ	統括	統轄	頭括	洞豁	等活
とうかん	投かん	投函	統監	倒巻	套管	当館	東観	湯羹	盗汗	等閑	討姦	豆稈	陶棺	陶管	頭冠	東関
とうが	登衙	唐鍬	冬瓜	冬芽	唐画	当衙	灯蛾	陶画
とうがい	当該	島外	党外	凍害	灯蓋	燈蓋	等外	頭蓋
とうがく	唐楽	等覚	東学	当額
とうがらし	唐辛子	唐芥子	唐辛し
とうがん	当眼	東岸	冬瓜	当願
とうき	冬期	登記	騰記	投企	投棄	登基	逃毀	騰貴	灯器	陶器	当期	冬季	党紀	党規	当季	当帰	逃気	透輝	闘気	頭桅	投機
とうききゅう	冬期休	冬季休
とうききゅうか	冬期休暇	冬季休暇
とうきしょうよ	冬期賞与	冬季賞与
とうきゃく	蹬脚	頭脚	橈脚	等脚
とうきゃくるい	橈脚類	等脚類
とうきゅう	投球	討究	等級	桃鳩	闘球
とうきょ	逃去	刀鋸	東去
とうきょう	東境	頭胸
とうきょく	当局	登極
とうぎ	討議	党議	闘技
とうぎょ	統御	統馭	闘魚
とうぎょう	陶業	糖業
とうく	当区	投句
とうくい	薹くい	薹食い
とうくつ	盗掘	撓屈
とうぐう	東宮	春宮
とうぐん	東軍	党軍
とうけい	統計	刀圭	東経	踏型	闘雞	闘鶏	頭頚	頭頸	冬景
とうけん	透見	東拳	刀剣	倒懸	唐硯	当犬	登研	闘犬	当権
とうげごえ	峠ごえ	峠越え
とうげみち	峠道	とうげ道
とうげん	蕩減	凍原	桃源	登舷	透幻	糖原
とうこ	党錮	島弧
とうこう	登校	投稿	投降	登行	登降	陶工	東校	凍港	刀工	当校	投光	東幸	東航	東行	東郊	橙黄	灯光	登高	透光	韜光	等高	当行	東高
とうこうき	投光器	登高器
とうこうしゃ	投稿者	投光車
とうこつ	頭骨	橈骨
とうこん	刀痕	痘痕	闘魂	当今
とうご	統語	倒語	唐語	頭語
とうごう	統合	投合	等号
とうごく	投獄	東国	党獄	黨獄
とうさ	踏査	等差	糖鎖
とうさい	搭載	登載	統裁	当歳	盗採	とう載
とうさく	倒錯	盗作	刀削	投索	頭索
とうさつ	盗撮	討薩	透察
とうさま	父さま	父様
とうさん	父さん	倒産	とう産
とうざ	当座	倒座
とうざい	東西	陶材	盗罪
とうざいり	当座入り	当座入
とうざうり	当座売り	当座売
とうざがい	当座買い	当座買
とうざがし	当座貸し	当座貸
とうざがり	当座借り	当座借
とうざしのぎ	当座凌ぎ	当座しのぎ
とうざづけ	当座漬け	当座漬
とうざばらい	当座払い	当座払
とうざん	刀斬	唐桟	当山
とうし	投資	凍死	登仕	透視	当市	党史	唐詩	党紙	唐紙	当誌	投矢	桃仔	盗視	蕩子	闘士	闘志	闘死	闘詩	等翅
とうしき	唐式	当色	等式
とうししつ	透視室	糖脂質
とうしつ	逃失	等質	透湿	糖質	闘蟋
とうしゃ	投射	謄写	透写	当社	党舎	投写	盗者
とうしゃく	唐尺	橈尺
とうしゅ	投手	当主	島主	盗取	頭首	統主	党首	党主
とうしゅう	踏襲	蹈襲	当宗	黨衆	党衆
とうしゅく	投宿	荳菽
とうしょ	当初	投書	頭書	島嶼	島しょ	唐初	頭初	答書
とうしょう	凍傷	刀匠	刀商	唐商	島礁	当省	当荘	投象	桐章	痘漿	闘将
とうしょく	等色	当職
とうしん	答申	投身	東進	頭身	刀身	投信	等身	倒秦	刀心	塔身	投審	灯心	灯芯	燈心	燈芯	痘疹	盗心	等深	等親	筒身	蕩心	討秦
とうじ	当時	當時	投餌	湯治	杜氏	当事	当寺	冬至	倒地	悼辞	等時	答辞	蕩児	透磁	頭字	陶磁	統治	統辞
とうじき	陶磁器	当色
とうじく	等軸	頭軸
とうじゅう	当住	糖汁
とうじゅく	登熟	当塾
とうじゅつ	刀術	闘術
とうじょう	登場	東上	凍上	塔乗	搭乗	蕩攘	党情	冬上	刀杖	塔状	当条	登上	闘諍	頭状
とうじん	蕩尽	討尋	刀刃	唐人	闘神	島人	党人
とうす	刀子	東司
とうすい	統帥	陶酔	透水	湯酔	踏水
とうすう	頭数	灯数	統数
とうせい	統制	東征	当世	刀勢	搗精	濤声	討征	陶製	頭声	騰勢	党勢	党政	とう精
とうせき	悼惜	投石	透析	党籍	塔石	盗跖	等積	答責	踏跡	盜跖
とうせつ	投雪	当節	盗窃
とうせん	当選	当せん	当籖	当籤	東遷	登仙	当千	冬扇	刀尖	刀泉	刀銭	唐船	当船	投扇	灯船	盗銭	闘戦	鬪戰
とうせんきん	当選金	当せん金
とうそ	投鼠	桐塑	陶祖
とうそう	逃走	斗争	闘争	東総	党争	凍瘡	刀創	刀槍	唐僧	唐宋	東走	東送	痘瘡	闘草
とうそく	踏測	頭側	投足	党則	橈側	等速	頭足	等測
とうぞう	盗贓	糖蔵	闘象	頭像
とうぞく	盗賊	盜賊	東俗	等族
とうた	淘汰	とう汰
とうたい	凍餒	当体	陶胎
とうたん	東端	投炭	頭端
とうだ	投打	騰蛇
とうだい	灯台	唐代	燈台	当代
とうだん	登壇	投弾
とうち	統治	倒置	等置	湯池	投地	等値	東地	当地
とうちゃく	到着	到著	とう着
とうちゅう	冬虫	盗偸	頭注
とうちょう	登頂	登庁	盗聴	当庁	頭頂	島頂	当町	東朝	等張
とうちん	透頂	陶枕
とうつう	凍痛	疼痛
とうてい	東低	投低	東庭	筒底
とうてき	投てき	投擲
とうてつ	透徹	饕餮
とうてん	当店	読点	東天
とうでん	盗電	答電	東伝	等電
とうと	東都	東都	島都	東徒	桃都	陶都
とうとう	東塔	陶塔
とうど	糖度	陶土	凍土	唐土	当土	東土
とうどう	洞道	登堂	党同	とう道	灯道
とうない	党内	棟内	筒内	島内
とうないがい	党内外	島内外
とうなん	東南	盗難
とうにゅう	投入	豆乳
とうにん	当人	桃仁
とうねつ	登熱	稲熱
とうは	党派	踏破
とうはい	登拝	榻背	闘牌
とうはつ	膅発	頭髪
とうはん	登攀	登坂	陶板	刀瘢	東畔	盗犯	東半
とうばく	倒幕	統幕	討幕
とうばさみ	唐ばさみ	唐鋏
とうばつ	盗伐	討伐	党閥
とうばん	登板	当番	當番	湯盤	頭板
とうばんじゃん	豆板醤	豆板醬
とうひ	逃避	唐檜	頭皮	党費	当否	東鄙	等比	討匪
とうひも	籐ひも	籐紐
とうひょう	投票	灯標
とうひょうけん	投票権	投票券
とうび	掉尾	東靡	筒尾	頭尾
とうびょう	投錨	闘病	当廟	痘苗	稲苗
とうふ	豆腐	豆ふ	豆冨	豆富	当府	桃符
とうふう	東風	唐風
とうふく	倒伏	唐服	当腹	頭幅
とうぶ	踏舞	島部	筒部	東部	頭部
とうぶん	等分	糖分	倒文	陶文	とう分
とうへき	盗癖	陶壁	東壁
とうへん	東辺	陶片	等辺
とうほう	東方	当方	東豊	東邦	塘砲	投法	盗蜂	等方	答訪	韜袍	刀法
とうほん	唐本	東奔	謄本	藤本
とうぼう	逃亡	悼亡	東望	陶房
とうぼく	倒木	唐墨	唐木
とうみつ	東密	糖みつ	糖蜜
とうみょう	唐名	灯明	燈明	豆苗
とうみん	島民	冬眠
とうめい	東名	唐名	塔銘	島名	嶋名	統名	党名
とうめん	東面	当面
とうもく	湯沐	頭目
とうもん	塔門	湯問
とうや	陶冶	凍夜	塔屋	当屋	頭屋	冬夜	当夜
とうやく	投薬	当薬	頭薬
とうゆ	灯油	東輸	桐油
とうよう	東洋	盗用	登用	登庸	桃夭	桐葉	灯用	陶俑	当用
とうよく	湯浴	東翼
とうらい	到来	東来	当来
とうらく	頭絡	当落	騰落
とうらん	倒卵	唐蘭	当欄	濤瀾	闘乱
とうり	党利	刀利	忉利	桃李
とうりゃく	盗掠	党略	韜略
とうりゅう	東流	逗留	当流	登竜	登龍	闘竜	闘龍
とうりゅうもん	登竜門	登龍門
とうりょう	投了	棟梁	倒了	東寮	等量	糖量	透亮	頭領	当量	統領
とうりん	桃林	東鄰	東隣
とうるい	盗塁	糖類	党類
とうれい	答礼	冬麗	刀礼	唐令	唐礼	東嶺
とうれつ	灯列	島列
とうろ	灯呂	燈呂	凍露	当路	灯炉	登路	陶炉
とうろう	登楼	灯籠	灯ろう	灯篭	燈篭	燈籠	塔楼	螳螂	蟷螂
とうろく	登録	東麓
とうわん	陶椀	陶碗
とえい	渡英	登営	都営
とおし	通し	簁
とおせんぼう	通せんぼ	通せんぼう	通せん坊
とおぼえ	遠ぼえ	遠吠	遠吠え
とおまき	遠まき	遠巻	遠巻き
とおまわし	遠まわし	遠回し	遠回わし	遠廻し
とおまわり	遠まわり	遠回り	遠廻り
とおり	通り	通
とおりがかり	通りがかり	通り掛り	通り掛かり
とおりことば	通り言葉	通り詞
とおりすがり	通りすがり	通り次り
とおりにわ	通り庭	通庭
とおりみち	通り道	通りみち	通り路
とか	渡河	渡過	都下	杜家	徒過
とかい	都会	渡海	都開
とかげ	蜥蝪	蜥蜴
とかげおとこ	トカゲ男	蜥蜴男
とかげがわ	蜥蜴革	とかげ革
とかげざ	蜥蜴座	とかげ座
とかん	渡韓	都管
とが	都雅	咎	科
とがき	ト書	ト書き
とがにん	咎人	科人	とが人
とがめだて	咎め立て	とがめ立て
とがりごえ	尖り声	とがり声
とがりね	尖り根	尖根
とき	溶き	時	朱鷺	鴇	鴾	閧	鯨波	鬨	斎	刻
ときあらい	解き洗い	解洗い
ときいろ	トキ色	朱鷺色	鴇色	とき色
ときからし	溶きからし	溶きカラシ	溶き芥子
ときがらし	溶きがらし	溶き辛子
ときぐし	解きぐし	解き櫛
ときずみ	解き墨	解墨
ときそう	トキ草	鴇草	とき草
ときそば	時そば	時蕎麦
ときたまご	溶き卵	とき卵
ときどき	時々	時どき	時時
ときなわ	解き縄	解縄
ときのこえ	鬨の声	鯨波の声	ときの声
ときやど	トキ宿	斎宿
ときょう	都響	斗拱	斗栱
ときわぎ	常磐木	ときわ木
ときわず	常磐津	ときわ津
ときん	鍍金	兜巾	頭布	頭巾	と金
とぎ	磨礪	研ぎ	伽	都議
とぎあらい	研ぎ洗い	とぎ洗い
とぎかわ	研ぎ革	とぎ革
とぎし	研師	とぎ師
とぎじる	研ぎ汁	磨ぎ汁	とぎ汁
とぎたて	研ぎたて	研ぎ立て
とぎだし	研ぎ出し	研出し
とぎや	研ぎ屋	研屋
とく	得	都区	徳	特
とくい	得意	特異	特委
とくがく	特学	篤学
とくぎ	特技	徳義	督義
とくさ	木賊	砥草
とくさい	徳才	特栽
とくし	篤志	特使	徳歯	特志	特旨
とくしつ	特質	得失
とくしゃ	特赦	特写	特車
とくしゅう	特集	特輯	特修	とく集
とくしゅせん	特殊戦	特種船
とくしょう	特称	特賞
とくしょく	涜職	瀆職	特色	とく色
とくしん	得心	特進	涜神	瀆神	篤信
とくじょう	特上	特醸
とくせい	特性	徳政	特製	徳性	涜聖	瀆聖
とくせん	特選	特撰	特薦	督戦	得選
とくそ	特措	砥糞
とくそう	特捜	得喪	徳操	徳相	特装
とくそく	督促	特則
とくだね	特ダネ	特種
とくだわら	徳俵	徳だわら
とくちゅう	特注	特註
とくちょう	特長	特徴	特ちょう
とくてん	得点	特典	とく点
とくとう	特等	禿頭
とくにん	特認	特任
とくひつ	特筆	禿筆
とくぶ	督撫	都区部
とくぶん	得分	徳分
とくべつし	特別市	特別視
とくほう	特報	得法	とく報
とくほん	読本	讀本
とくぼう	徳望	特暴
とくめい	匿名	特命
とくもり	特盛	特盛り
とくよう	得用	徳用	特用	特養
とくり	特利	徳利
とくれい	督励	特例
とくれん	得恋	特錬	督練
とくろう	特労	特老
とくろん	徳論	特論
とぐち	戸口	扉口
とぐろ	塒	蟠
とけい	時計	土圭	徒刑	都計
とけいざ	時計座	とけい座
とけかす	溶けかす	溶け滓
とけこみ	溶け込み	溶込み
とけのこり	溶け残り	とけ残り
とけん	都県	杜鵑
とげ	棘	嬌激	刺
とげうお	棘魚	とげ魚
とげぬき	刺抜き	とげ抜き
とこ	床	屠沽
とこう	渡航	塗工	徒行	途口	都校	都講
とこうてつづき	渡航手続	渡航手続き
とこかざり	床かざり	床飾り
とこがまち	床がまち	床框
とこさかずき	床さかずき	床杯	床盃
とこしき	床敷	床褥
とこしめ	床締	床締め
とこずれ	床ずれ	床擦れ
とこどめ	床どめ	床止	床止め
とこのま	床の間	床間
とこぶり	床ぶり	床振り
とこぼれ	床ぼれ	床惚れ
とこみせ	床店	床見世
とこや	床屋	床や
とこやみ	常やみ	常闇
とこよし	床よし	床良し
ところ	処	野老	所
ところがき	所書	所書き
ところてん	心太	ところ天
ところどころ	所々	所所
とさつ	塗擦	図殺	屠殺	都察	と殺
とし	都市	徒死	渡支	年	年紀	吐糸	菟糸	歳	齢
としいわい	寿祝	年祝い
としうえ	年上	年うへ	齢上	歳上
としおとこ	年男	歳男
としかさ	年かさ	年嵩
としがい	年がい	年甲斐
としがみ	年神	歳神
としこし	年越	年越し
としごろ	年頃	齢頃	歳頃	年ごろ
としした	年下	歳下	とし下
としとり	年とり	年取り
としどし	年年	歳々	年々
としなみ	年波	年並	年並み
としのいち	年の市	歳の市
としのくれ	年の暮れ	年のくれ	年の暮
としまざかり	年増ざかり	年増盛り
としまわり	年回り	年廻り
としゅ	徒手	斗酒
としゅう	徒衆	渡舟
としょ	図書	屠所
としょう	徒渉	渡渉	堵墻	杜松
としょく	徒食	塗色
としより	年寄り	年寄	年より
としわか	年若	歳若
としん	都心	兎唇	妬心
とじ	徒事	徒爾	途次	都司	杜氏	刀自	綴じ
とじいと	綴じ糸	とじ糸
とじうち	トジ打ち	閉じ打ち
とじぐち	閉じ口	とじ口
とじこみ	綴じ込み	綴込み	とじ込み
とじしろ	綴じ代	綴代
とじつけ	綴じ付け	とじ付け
とじばり	綴じ針	とじ針
とじひも	綴じ紐	綴紐
とじぶた	綴じ蓋	綴蓋	とじ蓋
とじほん	綴じ本	とじ本
とじまり	戸じまり	戸締まり	戸締り
とじめ	綴じ目	閉じめ	閉じ目	とじ目
とじょう	途上	登城	都城	屠場
とじん	都塵	都人
とせい	吐精	都政	渡世	戸政	都制
とせん	渡川	渡船	渡線
とぜつ	杜絶	途絶
とそう	抖擻	斗藪	塗装	塗粧	と装
とそつ	兜率	都卒	都率
とたん	途端	塗炭
とだな	戸だな	戸棚
とち	土地	橡	栃
とちく	屠畜	と畜
とちのき	トチの木	栃の木	橡の木	とちの木
とちもち	トチ餅	栃餅	橡餅
とちゅう	途中	杜仲	と中
とちょう	都庁	徒長	都長	登頂
とちょうちぎん	都・長・地銀	都長地銀
とっ	父っ	父
とっか	特化	徳化	特価	特科	特貨
とっかえ	取っ換え	取っ替え
とっかかり	取っ掛かり	取っかかり	取っ掛り
とっかん	吶喊	咄喊	突喊	突貫	特環	特管
とっき	突起	凸起	特記	徳器	徳輝	特機
とっきゅう	特急	特級	特休
とっく	特区	疾っく
とっくりくじら	徳利鯨	とつくり鯨
とっけい	特恵	篤敬
とっけん	特権	特權
とっこう	特効	特攻	特高	徳行	特交	特講	篤行
とっさ	咄嗟	咄嵯	突差
とっつき	取っ付き	取着き
とって	取っ手	把っ手	把手	取手	とっ手
とっておき	取っておき	取って置き	取ツて置き
とってん	凸点	凸點
とっぱずれ	突外れ	とっ外れ
とつ	凸	訥
とつか	十握	十束
とつくに	外国	とつ国
とつにゅう	突入	とつ入
とと	都々	父
ととう	徒党	渡唐	兎頭	都統	渡島
ととべん	トト勉	とと勉
とどう	渡道	都道
とどく	渡独	蠧毒
とどけ	届	届け
とどけいで	届出	届け出で	届け出
とどけしょ	届け書	届書
とどけで	届け出	届出	とどけ出
とどけでさき	届け出先	届出先
とどけでちょう	届け出帳	届出帳
とどけもの	届けもの	届け物
とどのつまり	トドの詰り	とどの詰まり	とどの詰り
とどまつ	椴松	とど松
とどめ	止どめ	止め
とどめがたな	止め刀	止刀
とどろき	轟き	轟
となえうた	唱え歌	となえ歌
となえごと	唱え言	唱え詞
となり	隣り	鄰	隣
となりあわせ	隣り合わせ	隣りあわせ	隣り合せ	隣合せ	隣合わせ
となりぐみ	隣り組	隣組
となりびと	隣びと	隣り人
となりまち	隣り町	隣町	隣街	となり町
となりむら	隣り村	隣りムラ	隣ムラ	隣村	隣邑	となり村
とねりこ	秦皮	石檀
とのいもうし	宿直奏	宿直奏し
とのこ	砥の粉	との粉
とのづか	殿塚	殿塚
とのづくり	殿づくり	殿作り	殿造り
とのも	外の面	主殿
とはく	渡伯	兎魄
とはん	登坂	登はん
とばく	徒博	賭博	と博
とばり	帷	帳
とひ	徒費	兎皮	都費	都鄙
とび	跳	跳び	鳶	飛び	飛
とびあがり	飛び上がり	飛び上り	飛上がり	飛上り
とびあら	飛びあら	飛びアラ
とびいし	飛び石	跳び石	飛石	とび石
とびいた	飛び板	飛板
とびいり	飛び入り	飛びいり	飛入り	とび入り
とびいろ	鳶色	鳶いろ	とび色
とびうお	トビ魚	飛び魚	飛魚
とびうおざ	飛魚座	とびうお座
とびからす	鳶烏	鳶鴉
とびきゅう	飛び級	飛級
とびきり	飛び切り	飛切り
とびくら	飛びくら	飛び倉	飛倉
とびぐち	トビ口	鳶口	とび口
とびげり	跳び蹴り	飛び蹴り
とびこ	飛び粉	飛子
とびこし	飛越	飛び越し
とびこみ	飛び込み	飛込み	飛びこみ
とびこみだい	飛び込み台	飛込み台
とびしょく	鳶職	とび職
とびすがた	翔び姿	飛び姿
とびだい	飛び台	飛台
とびち	飛び地	飛地
とびどうぐ	飛道具	飛び道具
とびのうお	飛の魚	飛びの魚
とびのもの	鳶の者	とびの者
とびはぜ	飛び鯊	跳沙魚	飛鯊
とびばこ	跳び箱	跳箱	飛び箱	飛箱	とび箱
とびひ	飛び火	飛火	飛び杼	飛杼
とびむし	跳び虫	跳虫	飛虫
とふ	塗布	妬婦	都府
とぶつ	吐物	賭物
とぶらい	弔い	訪い
とべ	妬鼙	戸畔
とぼけがお	恍け顔	とぼけ顔
とぼけざけ	恍け酒	とぼけ酒
とぼし	点火	灯
とぼそ	戸臍	枢
とまつ	塗抹	塗沫
とまどい	戸惑い	途惑い	戸惑
とまどいがお	戸惑い顔	とまどい顔
とまぶき	苫葺	苫葺き
とまや	苫屋	とま屋
とまり	止り	留まり	留り	泊まり	止まり	泊り
とまりあけ	泊まり明け	泊り明け
とまりあゆ	留まり鮎	とまり鮎
とまりがけ	泊まりがけ	泊まり掛け	泊りがけ	泊り掛け
とまりきゃく	泊まり客	泊り客
とまりぎ	止まり木	止り木	留まり木	とまり木
とまりこみ	泊まり込み	泊込	泊込み
とまりさき	泊まり先	泊り先
とまりちん	泊まり賃	泊り賃
とまりば	泊まり場	泊り場
とまりばん	泊まり番	泊り番	とまり番
とみ	頓	富
とみくじ	富くじ	富籤
とみん	渡明	都民
とむらい	弔	弔い	弔ひ	葬い
とむらいがっせん	弔い合戦	弔合戦
とめ	留	留め	止	止め
とめおき	留置	留め置き	留置き
とめおけ	留め桶	留桶
とめおとこ	留め男	留男
とめがね	止め金	止金	留め金	留金	とめ金
とめくい	止めくい	止め杭
とめぐち	留め口	止め口
とめせん	止めせん	止め栓
とめそで	留そで	留めそで	留め袖	留袖
とめだて	止めだて	留めだて	留め立て	留立て
とめつぎ	留めつぎ	留め継ぎ	留接
とめど	止めど	とめ処
とめねじ	止ねじ	止めねじ	止めネジ	止め螺子
とめはぎ	止め接ぎ	留め接ぎ
とめば	止め葉	留め場	とめ場
とめばり	留め針	留針
とめやま	留め山	留山
とめゆ	留め湯	留湯
とめわ	止め輪	止め鐶	留め輪
とめわん	止めわん	止腕	留め椀
とも	俱	倶	與	共	鞆	友	侶	伴	艫	供
ともえなげ	巴投	巴投げ	ともえ投げ
ともえやき	巴焼き	ともえ焼き
ともぎれ	共布	共切れ
ともこ	友粉	とも粉
ともざ	とも座	艫座
ともしび	灯し火	灯しび	灯火	燈	ともし火	灯
ともせん	共セン	共栓
ともだおれ	共だおれ	共倒れ	とも倒れ
ともだち	友達	友だち
ともづな	纜	艫綱	とも綱
ともづり	友釣	友釣り
ともとり	艫とり	艫取り
ともばたらき	共働き	共ばたらき	共働
ともぶた	共ぶた	共蓋
ともまち	供待	供待ち
ともまわり	供まわり	供回り	供廻り
ともわた	共腸	友わた
とや	鳥屋	塒
とゆ	塗油	都兪
とゆう	都有	都邑
とら	虎	寅
とらえどころ	捕らえどころ	捉えどころ	捉え所
とらがら	トラ柄	虎柄
とらがり	トラ狩り	虎刈	虎刈り	虎狩	虎狩り	とら刈り
とらげ	虎毛	とら毛
とらだけ	虎竹	とら竹
とらどし	トラ年	寅年
とらねこ	トラ猫	虎猫	とら猫
とらのこ	虎の子	とらの子
とらのまき	虎の巻	とらの巻
とらばこ	トラ箱	虎箱
とらまめ	虎豆	とら豆
とらわれ	捕らわれ	捕われ	囚われ
とらわれびと	囚れ人	囚われ人
とり	鶏	鳥	捕り	採り	取	肚裏	執り	酉	取り
とりあい	取合い	取り合い
とりあげ	取り上げ	取上げ
とりあたま	トリ頭	鳥頭
とりあつかい	取り扱い	取扱い	取扱	取りあつかい
とりあつかいせつめいしょ	取り扱い説明書	取扱説明書
とりあわせ	取り合わせ	取りあわせ	取り合せ	取合せ	取合わせ	鶏合せ	とり合わせ
とりいし	取石	取り石
とりいれ	取入れ	取入	取り入れ	とり入れ	取りいれ
とりうち	鳥打	鳥打ち	鳥撃ち
とりうちぼう	鳥打ち帽	鳥打帽
とりうちぼうし	鳥打ち帽子	鳥打帽子
とりえ	取り柄	取柄	取りえ
とりおい	鳥追	鳥追い
とりおさえ	取押え	取り押さえ
とりおどし	鳥おどし	鳥威し
とりおろし	取り下ろし	取卸	取卸し
とりかい	養鳥	鳥飼い
とりかえ	取り換え	取換	取換え	取替	取替え	取り替え	とり替え
とりかえし	取り返し	取返し	とり返し
とりかかり	取りかかり	取り掛かり
とりかご	鳥篭	鳥かご	鳥カゴ	鳥籠
とりかじ	取りかじ	取り舵	取舵
とりかた	取り方	撮り方	捕り方	捕方
とりかわ	鳥皮	鶏皮	とり皮
とりがい	鳥貝	とり貝
とりがら	鶏がら	鳥がら	鶏ガラ	鳥柄
とりき	トリ木	取り木	取木	とり木
とりきめ	取り決め	取極	取極め	取決	取決め	とり決め
とりくずし	取り崩し	取崩	取崩し
とりくち	取り口	取口
とりくみ	取組み	取組	取り組み	とり組み
とりけし	取り消し	取消	取消し	取り消
とりけしいらい	取り消し依頼	取消し依頼	取消依頼
とりけしけん	取り消し権	取消権
とりけししょり	取り消し処理	取消し処理	取消処理
とりけししんせい	取り消し申請	取消し申請	取消申請
とりけしほうほう	取り消し方法	取消し方法	取消方法
とりけしりょう	取り消し料	取消し料	取消料
とりけしりょうきん	取消し料金	取り消し料金	取消料金
とりけだもの	鳥けだもの	鳥獣
とりこ	俘子	擒	取り子	取り粉	取粉	虜
とりこし	取り越し	取越	取越し
とりこぼし	取りこぼし	取り零し
とりこみ	取り込み	取込	取込み
とりさげ	取下げ	取り下げ	取下	取りさげ
とりさし	鳥さし	鳥刺	鳥刺し
とりざかな	取りざかな	取り肴	取肴
とりざら	取り皿	取皿	とり皿
とりしまり	取り締まり	取締	取りしまり	取り締り	取締まり	取締り
とりしらべ	取り調べ	取りしらべ	取調	取調べ	とり調べ
とりすき	鳥すき	鶏すき
とりせつ	取り説	取説
とりそぼろ	鳥そぼろ	鶏そぼろ
とりそめ	取初	取り初め
とりたて	取り立て	取りたて	取立	取立て	捕りたて	採りたて
とりだか	取り高	取高
とりだし	取り出し	取出	取出し
とりだめ	撮りだめ	撮り溜め
とりつき	取り付き	取付き
とりつぎ	取り次ぎ	取次	取り次	取次ぎ
とりつけ	取り付け	取りつけ	取付	取付け
とりつこう	都立高	都立校
とりつぶし	取りつぶし	取り潰し	取潰し
とりて	取り手	獲り手	取手	捕り手	捕手
とりてき	取り的	取的
とりてん	鳥天	とり天
とりでがわり	砦がわり	砦代わり
とりでづくり	砦作り	砦造り
とりでやく	砦役	とりで役
とりとめ	取り止め	取り留め	取とめ	取止め	取留め
とりどし	酉年	とり年
とりどんや	トリ問屋	鳥問屋
とりなし	取りなし	執りなし	執り成し	執成し	取り成し
とりなべ	鳥鍋	鶏鍋	とり鍋
とりなわ	捕り縄	捕縄
とりにく	トリ肉	鳥肉	鶏肉	とり肉
とりのいち	酉の市	とりの市
とりのき	取り退き	取退	取退き
とりのこ	鳥の子	鳥子
とりのこし	取り残し	取残し
とりのまち	酉の待	酉の町
とりはからい	取り計らい	取り計い	取計	取計い	取計らい
とりはずし	取り外し	取外し
とりはだ	トリ肌	鳥肌
とりはらい	取払い	取り払い
とりばい	取り灰	取灰
とりばし	取りばし	取り箸	とり箸
とりばち	取り鉢	とり鉢
とりひき	取引	取り引き	取りひき	取り引	取リ引キ	取引き
とりひきにく	鶏挽き肉	鶏挽肉	鶏ひき肉	とりひき肉	鳥挽き肉	鳥挽肉	鳥ひき肉
とりふだ	取りふだ	取り札	取札
とりへん	酉偏	鳥偏
とりべ	取り鍋	取鍋
とりまき	取り巻き	取巻き	取巻	とり巻き
とりまとめ	取りまとめ	取り纏め	取纏め
とりまとめやく	とりまとめ役	取りまとめ役	取り纏め役
とりまわし	取り廻し	取回し	取廻し	取り回し
とりむね	鶏むね	鶏胸
とりむねにく	鶏胸肉	鶏むね肉	鳥むね肉	鳥胸肉	とりむね肉	とり胸肉
とりめ	トリ目	鳥目
とりもち	取り持ち	取持ち	執り持ち	鳥もち	鳥黐
とりもどし	取戻	取戻し	取り戻し
とりもの	捕物	捕りもの	捕り物	取り物	採り物	採物	とり物
とりものちょう	捕物帖	捕物帳
とりもも	鶏もも	鶏モモ
とりももにく	鶏モモ肉	鳥モモ肉	とりモモ肉	鶏もも肉	鳥もも肉	とりもも肉
とりや	トリ屋	鳥屋
とりやめ	取りやめ	取やめ	取り止め	取止め
とりゆ	取り揺	取由
とりよけ	鳥よけ	鳥避け
とりよせ	鳥寄せ	取り寄せ	取寄せ	取りよせ
とりりゅう	トリ竜	鳥竜
とれかけ	取れかけ	取れ掛け
とれたて	取れ立て	採れたて
とれだか	取れ高	穫れ高	とれ高
とろ	吐露	瀞
とろにく	トロ肉	とろ肉
とろば	トロ場	瀞場	とろ場
とろび	トロ火	とろ火
とろみ	トロ味	とろ味	とろ身
とろろいも	トロロ芋	薯蕷芋	とろろ芋
とろろじる	薯蕷汁	とろろ汁
とわ	永久	永遠
とわりそば	十割蕎麦	十割そば
とん	噸	瓲	屯	豚	東
とんあい	貪愛	頓愛
とんがりやね	トンガリ屋根	尖屋根	とんがり屋根
とんがりやま	トンガリ山	尖り山
とんこつ	トン骨	豚骨
とんざ	頓挫	とん挫
とんし	屯死	頓死	豚脂
とんしゃ	頓写	豚舎
とんしゅう	屯聚	屯集
とんじ	豚児	遁辞
とんじゃく	頓著	頓着
とんじる	トン汁	豚汁
とんせい	遁世	遯世
とんそう	遁走	とん走
とんち	頓智	頓知	とん智
とんとろ	豚とろ	豚トロ
とんとんびょうし	トントン拍子	とんとん拍子
とんどやき	トンド焼き	とんど焼き
とんびあし	トンビ足	鳶足
とんびこう	トムビ甲	鳶甲
とんぷく	屯服	頓服
とんぷくやく	頓服薬	とんぷく薬
とんぺい	豚平	とん平
とんぼ	蜻蜓	蜻蛉
とんぼがえり	トンボ帰り	トンボ返り	蜻蛉返り	とんぼ帰り	とんぼ返り
とんぼだま	トンボ玉	蜻蛉玉
とんぼとり	トンボ取り	蜻蛉取り
とんよう	屯用	頓用
ど	怒	土	戸	度	砥
どあい	度合い	度合	度あい
どあり	度あり	度有り
どい	土居	樋
どう	同	銅	道	胴	幢	童	堂	籐	動
どうあく	獰悪	どう悪
どうあげ	胴あげ	胴上げ
どうい	同意	胴衣	同位	動意	同異	胴囲	道衣	同委
どういん	動員	導引	動因	同引	同韻	導因	道員	銅印	同院
どうう	同右	堂宇
どうえき	同駅	導液
どうえん	同園	同苑	同菀	導円	銅塩
どうおう	同王	堂奥	衲襖
どうおや	筒親	胴親
どうおん	同温	同音
どうか	同化	導火	銅戈	銅貨	同科	道果	道歌	銅価	同下	道家	同課	踏歌
どうかい	同階	道会	同会
どうかく	同格	同角	銅角
どうかけ	胴かけ	胴掛け
どうかつ	恫喝	恫喝	どう喝
どうかん	同館	同感	洞観	動感	同刊	同巻	同款	堂官	導管	道管	道観	銅管	同艦
どうが	動画	童画
どうがく	動学	道学	同額	同学
どうがっ	動学	道学
どうがら	胴殻	同柄
どうがん	童顔	動眼
どうき	同期	同機	動悸	動気	同気	銅器	動機
どうきゅう	同級	撞球	銅球
どうきょう	銅鏡	同郷	同橋	同況
どうきょく	同曲	同極	銅極	同局
どうきん	同衾	同金
どうぎ	道義	胴木	動議	同義	胴着	胴衣	道着	道議
どうぎょう	童形	同業	同行
どうく	同区	同苦
どうくつ	洞窟	洞くつ
どうくん	同君	同訓	道君
どうぐ	道具	道ぐ
どうぐう	同宮	同寓
どうぐん	同軍	同郡
どうけ	道化	同家	道戯	道外
どうけい	憧憬	同系	道警	同慶	動径	同桂	瞳径	童系	胴径	同型	同形
どうけつ	同穴	同血	洞穴
どうけん	同県	道県	洞見	同権	銅剣	同見
どうげん	同元	同源
どうこ	銅壺	銅鼓
どうこう	同行	同港	動向	同校	同好	道交	瞳孔	同効	同礦	同稿	同鉱	同項	同香	導光	銅工	銅鉱	同工	同高
どうこく	同国	慟哭	同刻
どうこん	同こん	同梱	同根
どうごう	同号	堂号
どうさ	動作	同左	礬水	陶砂
どうさん	動産	同参	道産	同山
どうざ	動座	同坐	同座	銅座
どうし	同市	同視	同紙	同氏	同誌	同志	導師	同師	同旨	導子	童詩	道士	同士	瞳子	動詞	同翅
どうしうち	同士打ち	同士討ち
どうしつ	同室	同質
どうしゃ	同社	同車	同者	堂舎	道者
どうしゅ	道取	同株	同趣	堂主	同種
どうしゅう	道州	同州	同週	同舟	同宗	同臭	銅臭
どうしょ	同署	同所	同書
どうしょう	同省	同相	銅鐘	同賞	同床	同章	同荘	洞簫	道床	銅賞	同小
どうしょく	同色	同職	銅色	動植
どうしょくぶつ	動植物	動、植物	動・植物
どうしん	同心	童心	幢身	道心	同信
どうじ	同時	同寺	動辞	童児	童子	同次	同字
どうじめ	胴締	胴締め
どうじゅつ	導術	道術
どうじょ	童女	同女
どうじょう	同上	同情	同乗	道場	同城	堂上	銅条	同条
どうじん	同陣	同仁	同塵	銅人	道人	同人
どうすう	同数	同數
どうせい	同性	同せい	同栖	同棲	同生	同姓	動勢	動声	動静	同声	同聲	道政	銅青	銅製
どうせき	同席	同籍
どうせつ	同節	同説
どうせん	同船	銅線	同線	導線	動線	銅銭	道線	どう線
どうぜい	同税	同勢
どうぜん	同然	洞然	動禅	同前
どうそ	道祖	同祖	同素
どうそう	同窓	動騒	同創	幢相	同走	同相
どうぞう	銅像	銅ぞう	道蔵	銅造
どうぞく	同族	同属	道俗	銅鏃
どうたい	同隊	導体	胴体	動態	同胎	童体	道諦	同対	動体	同体	どう体
どうたく	同宅	銅たく	銅鐸
どうたん	動端	動蛋	銅胆
どうだい	道台	同大
どうだん	道断	同断
どうち	同値	動地	同治	同地
どうちゃく	撞着	同着
どうちゅう	道中	動中	同中
どうちょう	同庁	同町	同調	道庁	道聴
どうつう	導通	同通
どうてい	道程	同定	童貞
どうてん	同店	動転	動顚	動顛	同点	同展	動点	撞点	洞天
どうでん	動電	導電
どうと	道塗	道途	道都	同都
どうとう	同党	同島	同棟	堂塔	道統	銅灯
どうとく	道徳	道德
どうとり	筒取	筒取り	胴取	胴取り
どうどう	同道	同導	洞道	道童	堂堂	堂々	道道
どうない	道内	堂内	洞内
どうなべ	銅鍋	銅なべ
どうねん	道念	同年
どうは	同派	導波	道破
どうはい	銅牌	同輩
どうはぎ	胴はぎ	胴接ぎ
どうはく	銅箔	同博
どうはん	同伴	銅版	同班	同笵	同藩
どうばん	銅板	銅盤	銅版
どうひ	同妃	同飛	銅碑	同比
どうひょう	道標	同表	堂標
どうびき	胴引	胴引き
どうふ	同府	同歩	豆腐	豆ふ	豆冨	豆富
どうふう	同ふう	同封
どうふく	同腹	道服	銅鍑
どうぶ	胴部	同部
どうぶき	銅ぶき	銅葺き
どうぶつ	動物	道仏
どうぶるい	胴ぶるい	胴震	胴震い
どうへん	銅片	同編
どうほう	同胞	同包	同朋	導報	同報	同法
どうぼう	同房	道旁	銅棒
どうぼく	僮僕	童僕
どうま	同間	胴間
どうまき	胴巻	胴巻き
どうまわり	胴まわり	胴回り	胴廻り	胴囲り
どうめい	同盟	同名
どうもう	獰猛	動毛	童蒙	銅網	どう猛
どうもと	筒元	胴元
どうもり	堂守	堂守り
どうもん	同門	洞門
どうやく	同薬	同役	同訳
どうゆう	同夕	同友	同憂	童遊	道友
どうよう	動揺	童謡
どうよく	胴慾	胴欲	動翼
どうらん	胴乱	動乱	同欄
どうり	道里	道理
どうりつ	同率	道立
どうりつこう	道立高	道立校
どうりゅう	同流	同竜	同龍	導流
どうりょう	同僚	同量
どうりょく	働力	動力
どうろ	道路	道ろ	同炉	灯呂	燈呂
どうろう	動労	灯ろう	灯篭	灯籠	燈篭	燈籠
どうわ	童話	道話	同和	同話
どうわり	同割	同割り
どおし	通し	簁
どおり	通り	通
どかい	土階	土塊
どかがい	ドカ買い	どか買い
どかぐい	ドカ食い	どか食い
どかひん	ドカ貧	どか貧
どかゆき	ドカ雪	どか雪
どかん	土棺	土管
どがま	土がま	土窯	土竈	土釜
どき	土器	怒気	時	刻
どきゅう	ド級	弩弓	弩級
どきゅうかん	ド級艦	弩級艦
どきょう	読経	度胸
どぎも	ド肝	度肝	度胆	ど肝
どく	独	得	土公	毒
どくあたり	毒中り	毒当たり	毒当り
どくあん	独案	獨案
どくいご	独・伊語	独伊語
どくうつぎ	毒卯木	毒空木
どくえい	独泳	読影	獨英	独英
どくお	毒男	独男
どくおう	独墺	独往	獨墺
どくか	毒化	毒禍
どくかたつむり	毒カタツムリ	毒蝸牛
どくが	毒牙	毒蛾	独我
どくげん	独言	独絃
どくご	独語	読後	独悟	獨語
どくさい	独裁	獨裁
どくざ	独坐	独座
どくし	独資	読史	読師	讀史	毒死
どくしゃ	読者	讀者	讀者
どくしゅう	独修	独習
どくしょう	独唱	読唱	読誦
どくしん	独身	毒身	読唇	読心
どくしんじゅつ	読唇術	読心術
どくじん	毒刃	独参
どくせん	独占	獨占	毒腺	独擅
どくそ	独ソ	毒素
どくそう	独走	独創	独奏	獨創	毒掃	毒草	独想
どくたけ	毒たけ	毒茸
どくだん	独断	独壇	毒談	独弾
どくち	毒血	毒値
どくてい	独帝	獨帝
どくふ	毒婦	読譜
どくへび	毒蛇	毒へび	毒ヘビ
どくみ	毒味	毒見
どくむし	毒ムシ	毒虫
どくやく	独訳	毒薬	毒藥
どくよけ	毒よけ	毒除け
どくりつ	独立	獨立
どくりょう	読了	独領
どくりょく	独力	毒力
どくろ	髑髏	独露
どくわ	読話	独和	独話
どぐう	土ぐう	土偶
どけい	時計	土圭
どこう	土侯	土坑	土壙	土耕	土功	土工
どころ	処	所
どごう	呶号	怒号	土豪
どさまわり	ドサ回り	ドサ廻り	どさ回り
どさん	道産	土讃	土産
どし	年	年紀	歳	齢
どしゃ	土砂	度者
どしゃぶり	ドシャ降り	土砂振り	土砂降り	どしゃ降り
どしより	年寄り	年寄	年より
どじばなし	ドジ話	どじ話
どじょう	土壌	土じょう	泥鰌
どじょうじる	泥鰌汁	どじょう汁
どじょうひげ	ドジョウ髭	泥鰌髭
どじん	土人	土神
どせい	怒声	土性	土製
どそう	土葬	土倉	土層
どたい	土堆	土対
どたんば	ドタン場	土壇場	どたん場
どちゃく	土着	土著
どちゅう	土中	土柱
どちょう	怒張	土長
どっかい	読解	読会
どっこう	独航	独行
どつき	土搗き	土突き	度付き
どてら	広袖	縕袍	褞袍
どとう	怒とう	怒涛	怒濤
どど	呶々	呶呶
どどいつ	ドド逸	都々逸	都都逸
どどめ	土どめ	土止め	土留	土留め
どどめいろ	ドドメ色	どどめ色
どなし	度なし	度無し
どなべ	土なべ	土鍋
どなりあい	怒鳴りあい	怒鳴り合い
どなりごえ	怒鳴り声	どなり声
どにちよう	土、日曜	土・日曜	土日曜
どのう	土嚢	土囊	土のう
どはずれ	度はずれ	度外れ
どば	怒罵	土場	土馬	駑馬
どばと	土ばと	土鳩	鴿
どばん	土蛮	土蠻
どひ	土匪	奴婢
どひょう	土俵	土ひょう	度表
どびん	土びん	土瓶
どぶいた	ドブ板	溝板	どぶ板
どぶいろ	ドブ色	溝色
どぶがい	土負貝	どぶ貝
どぶがわ	ドブ川	溝川	どぶ川
どぶさらい	溝浚	溝浚い
どぶづけ	どぶ漬	どぶ漬け
どぶどろ	ドブ泥	溝泥
どぶねずみ	ドブ鼠	溝鼠	どぶ鼠
どぶみず	溝水	どぶ水
どへた	ド下手	ど下手
どべい	土塀	土べい
どほう	土崩	土法
どぼく	土木	奴僕
どまり	止り	留まり	留り	泊まり	止まり	泊り
どめ	留	留め	止	止め
どもり	土盛	土盛り	度盛	度盛り	吃り
どやがい	ドヤ街	どや街
どやき	土焼	土焼き
どやぐらし	ドヤ暮らし	どや暮らし
どよう	土曜	土よう	土用
どら	銅羅	銅鑼
どらむすこ	ドラ息子	どら息子
どらむすめ	ドラ娘	どら娘
どらやき	どら焼	どら焼き
どり	鶏	鳥	捕り	採り	取	取り
どりょう	度量	土量
どりょく	努力	ど力
どるい	土塁	土類
どれい	奴隷	土鈴
どろあし	泥脚	泥足
どろあび	泥あび	泥浴び
どろいけ	泥池	どろ池
どろうみ	泥海	どろ海
どろえのぐ	泥絵具	泥絵の具
どろおとし	泥落とし	泥落し
どろかわ	ドロ川	泥川
どろがめ	泥亀	どろ亀
どろぐつ	泥靴	どろ靴
どろじあい	泥仕合	泥試合
どろた	泥田	どろ田
どろぬま	ドロ沼	泥沼	どろ沼
どろねぎ	泥ねぎ	泥葱
どろはね	泥はね	泥撥ね
どろぼう	泥棒	泥ぼう	泥坊
どろまみれ	泥まみれ	泥塗れ
どろみず	ドロ水	泥水	泥みず	どろ水
どろやなぎ	泥柳	どろ柳
どろよけ	泥よけ	泥除け
どろんこあそび	ドロンコ遊び	泥んこ遊び	どろんこ遊び
どわすれ	度忘れ	ど忘れ	ド忘れ
どん	貪	鈍
どんぐりごま	ドングリ独楽	団栗独楽
どんぐりひろい	団栗拾い	どんぐり拾い
どんぐりまなこ	団栗眼	どんぐり眼	どんぐり瞳
どんこう	ドン行	鈍行
どんぞこ	ドン底	どん底
どんつゆ	丼ツユ	丼汁
どんづまり	どん詰まり	どん詰り
どんでんがえし	ドンデン返し	どんでん返し
どんば	吞馬	呑馬
どんびき	ドン引き	どん引き
どんぶりごはん	丼ご飯	丼御飯
どんぶりばち	ドンブリ鉢	丼鉢	どんぶり鉢
どんぶりめし	ドンブリ飯	丼メシ	丼飯	どんぶり飯
どんぶりもの	丼もの	丼物	どんぶり物
どんま	鈍磨	鈍麻
な	奈	名	菜
なあて	名あて	名宛
ない	奶	内
ないあわせ	綯い合わせ	ない合わせ
ないいん	内因	内院
ないえつ	内謁	内閲
ないえん	内円	内宴	内炎	内縁	内苑
ないおう	内応	内奥
ないおん	泥洹	内温
ないか	内科	内火	内家	内貨	内顆
ないかい	内海	内塊	内界	内科医
ないかく	内閣	内角	内殻	内廓	内核	内郭
ないかん	内観	内官	内棺	内環	内患
ないがいこう	内・外航	内外航
ないがいせい	内・外政	内外政
ないき	内規	内記
ないきょう	内経	内胸
ないぎ	内儀	内議
ないくう	内腔	内宮	内空
ないぐ	内ぐ	内供
ないけい	内傾	内径	内頸	内景
ないけん	内検	内見
ないこ	内顧	内湖
ないこう	内向	内攻	内訌	内孔	内航	内行	内港	内功
ないごう	内剛	内合
ないさい	内済	内債	内妻
ないし	内視	内使	内侍	内資	尚侍
ないしょ	内緒	内しょ	内証	内所
ないしょう	内障	内相	内照	内証
ないしょく	内食	内職
ないしょばなし	ナイショ話	内緒話	内証話	ないしょ話
ないしん	内心	内申	内診
ないじ	内示	内耳	内治	内痔	内事
ないじょう	内情	内城	内状
ないせい	内生	内省	内政	内声	内製
ないせき	内積	内戚
ないせつ	内切	内接
ないせん	内戦	内旋	内鮮	内線
ないそう	内奏	内装	内そう	内争	内層	内掃	内槽
ないぞう	内蔵	内臓	内ぞう
ないたい	内台	内帯
ないち	内治	内地
ないてい	内定	内偵	内堤	内底	内廷	内庭
ないてん	内転	内典
ないとう	内倒	内筒
ないない	内々	内内	無い無い
ないないてい	内々定	内内定
ないはん	内反	内販
ないぶん	内聞	内分
ないべん	内弁	内辨
ないほう	内包	内方	内報
ないまく	内膜	内幕
ないまぜ	綯い交ぜ	綯い混ぜ	綯交ぜ	ない交ぜ
ないやく	内約	内薬
ないよう	内容	内用	内よう	内洋
ないらん	内覧	内乱	内亂
ないり	泥犁	名入り
なうり	菜売	菜売り
なえうえ	苗植	苗植え
なえぎ	苗木	なえ木
なえすう	苗数	苗數
なえづくり	苗づくり	苗作り
なおれ	名折	名折れ
なか	仲	中
なかあし	中肢	中足
なかいり	中入り	仲入り	中入
なかうり	中売	中売り	仲売	仲売り
なかおれ	中折	中折れ
なかおろし	仲卸	仲卸し
なかがい	仲買	中買	仲買い
なかぐり	中ぐり	中刳り
なかご	中子	仲子
なかごろ	中ごろ	中頃
なかざし	中差	中差し
なかしん	中しん	中芯
なかじき	中敷き	中敷
なかじきり	中仕切り	中仕切
なかす	中州	中洲
なかぞり	中ぞり	中剃り
なかたがい	仲たがい	仲違い
なかだか	中だか	中高
なかだち	仲だち	仲立	仲立ち	媒立	媒
なかだるみ	中だるみ	中弛み
なかつぎ	中次	中次ぎ	仲次	仲次ぎ	中継ぎ	仲継ぎ	中継
なかて	中手	中稲	奴佳鞮
なかで	ナカ手	中手
なかどおり	中通	中通り
なかなおり	仲なおり	仲直り	中直り
なかぬり	中塗	中塗り
なかね	中値	仲直
なかばたらき	仲働	仲働き
なかぶかし	中ぶかし	中吹かし
なかぶくれ	中ぶくれ	中膨れ
なかぶくろ	中袋	中ぶくろ
なかぶた	中ぶた	中ブタ	中蓋
なかへだて	中隔	中隔て
なかほど	中ほど	中程
なかぼし	中干し	中ぼし
なかぼり	中掘	中濠
なかま	仲間	仲ま	なか間
なかまうち	仲間内	仲間うち
なかまわり	中まわり	中回り
なかみ	中身	中み	中味
なかみせ	仲店	仲見世	中店
なかみち	中径	中道
なかやすみ	中休	中休み
なかゆるし	中許	中許し
なかよし	仲良し	仲よし	仲好し
なかわた	中綿	中わた
ながあめ	長雨	なが雨
ながいす	長イス	長いす	長椅子
ながいも	長いも	長イモ	長芋	長薯
ながうた	長唄	長歌
ながうに	長雲丹	長海胆
ながえ	長柄	轅
なががみしも	長上下	長裃
ながぐつ	長靴	長ぐつ
ながしがき	流し書き	流描
ながしすき	流し漉	流漉
ながしすすぎ	流しすすぎ	流し濯ぎ
ながしめ	流し目	流盻	ながし目
ながじゅばん	長じゅばん	長ジュバン	長襦袢
ながじり	長じり	長尻
ながすくじら	ナガス鯨	長須鯨	ながす鯨
ながそで	長袖	長そで	長ソデ
ながっちり	長っちり	長っ尻
ながつき	長月	九月
ながつづき	長続き	永つづき	永続き	長つづき
ながなき	長鳴	長鳴き
ながなす	長なす	長ナス	長茄子
ながねぎ	長ネギ	長ねぎ	長葱
ながねん	長年	永年	なが年
ながばかま	長ばかま	長袴
ながばなし	長話	長ばなし
ながみち	長路	長道
ながもち	長持ち	長もち	長持
ながらぞく	乍ら族	ながら族
ながれ	流	流れ
ながれさぎょう	流作業	流れ作業
ながれじち	流れ質	流質
ながれだま	流れ弾	流弾
ながれづくり	流れ造	流れ造り	流造	流造り
ながれぼし	流れ星	流星
ながれもの	流れもの	流れ者	流者	流れ物	流物
ながれや	流れ矢	流矢
ながわずらい	長患い	長煩い
なき	泣き	泣
なきいし	泣き石	泣石
なきうさぎ	鳴きうさぎ	鳴き兎
なきおとし	泣きおとし	泣き落し	泣き落とし	泣落し	泣落とし
なきがお	泣き顔	泣顔
なきがら	亡がら	亡骸
なきごえ	泣き声	泣きごえ	泣声	鳴き声	啼き声	啼声	鳴声	なき声
なきごと	泣きごと	泣き事	泣き言	泣言
なきじゃくり	泣きじゃくり	泣き噦り
なきじょうご	泣き上戸	泣上戸
なきすな	泣き砂	鳴き砂
なきっつら	泣きっつら	泣きっ面
なきつら	泣き面	泣面
なきどころ	泣きどころ	泣き所
なきねいり	泣き寝入り	泣寝入り
なきねた	泣きねた	泣きネタ
なきべそ	泣きべそ	泣きベソ
なきぼくろ	泣きぼくろ	泣きボクロ	泣き黒子	泣黒子
なきまね	泣きまね	泣き真似	鳴きまね	鳴き真似
なきむし	泣き虫	鳴き虫
なきめ	泣き女	鳴女
なきより	泣き寄り	泣寄り
なきり	菜切	菜切り
なきりぼうちょう	菜切り包丁	菜切庖丁
なきわかれ	泣き別れ	泣別れ
なきわらい	泣き笑い	泣きわらい	泣笑い
なぎ	凪	梛	椰木	竹柏
なぎさ	渚	汀
なぎさぶろ	渚風呂	なぎさ風呂
なぎなた	長刀	薙刀
なぎょう	ナ行	な行
なくしぐせ	無くし癖	なくし癖
なくしもの	失くし物	無くし物	なくし物
なぐさみもの	慰み物	慰み者	なぐさみ者
なぐさめがお	慰め顔	なぐさめ顔
なぐりあい	殴り合い	殴り合ひ
なぐりがき	殴り書き	なぐり書き
なぐりこみ	殴り込み	殴りこみ	なぐり込み
なげ	投げ	投
なげいれ	投げ入れ	投入れ	抛入
なげうり	投げ売	投げ売り	投売	投売り
なげかけ	投げ掛け	投げかけ
なげき	嘆き	嗟き	歎き
なげくび	投げ首	投首
なげすて	投げすて	投げ棄て
なげせん	投げ銭	投銭
なげづめ	投げ爪	投爪
なげなわ	投げなわ	投げ縄	投げ繩	投縄
なげぶし	投げ節	投節
なげもの	投げ物	投物
なげやり	投げやり	投げ遣り	投遣り	投げ槍	投槍
なごし	名越	夏越	夏越し	名越し
なごしまつり	夏越祭	夏越祭り
なごやおび	名古屋帯	名護屋帯
なごり	名残	名ごり	名残り	余波
なごりゆき	名残り雪	なごり雪
なさけ	情け	情
なざし	名指し	名ざし
なし	無し	無シ	梨子	梨	為し	成し	無
なしがり	ナシ狩り	梨狩り
なしくずし	済し崩し	なし崩し
なしじ	梨地	梨子地
なしづくり	梨づくり	梨作り
なしばたけ	梨畑	なし畑
なしわり	梨割り	なし割り
なじみ	馴じみ	馴染	馴染み
なじみいろ	馴染み色	なじみ色
なじみきゃく	馴染み客	馴染客	なじみ客
なじみはば	馴染み幅	なじみ幅
なす	茄子	茄
なすあたま	ナス頭	茄子頭
なすいため	茄子炒め	なす炒め
なすか	ナス科	茄子科
なすこん	茄子紺	なす紺
なすばたけ	ナス畑	茄子畑
なすびいろ	茄子色	なすび色
なぞえ	謎絵	準え
なぞかけ	謎かけ	謎掛け
なぞとき	謎とき	謎解き
なぞなぞ	謎々	謎謎
なたね	菜種	菜種子
なたまめ	刀豆	鉈豆	なた豆
なだい	名代	名題
なだめやく	宥め役	なだめ役
なっとう	納糖	納豆
なっぱ	菜っぱ	菜っ葉	菜ッパ	菜葉
なついん	捺印	なつ印
なつうんか	夏ウンカ	夏浮塵子
なつかぜ	夏かぜ	夏風	夏風邪
なつかわ	夏川	夏河
なつき	夏木	夏樹
なつぎく	夏ギク	夏菊
なつご	夏仔	夏蚕
なつごろ	夏ごろ	夏頃
なつぜみ	夏蝉	夏蟬
なつそば	夏ソバ	夏蕎麦
なつつばき	夏ツバキ	夏椿
なつばて	夏バテ	夏ばて
なつぶとん	夏布団	夏蒲団
なつまつり	夏祭り	夏まつり	夏祭
なつやすみ	夏休み	夏やすみ	夏休	なつ休み
なつやせ	夏やせ	夏痩せ
なづけ	名付	名付け
なづけおや	名付け親	名付親
なであらい	撫で洗い	なで洗い
なでうし	ナデ牛	撫で牛	なで牛
なでかく	撫で角	撫角
なでがた	撫で肩	撫肩	なで肩
なでぎり	撫で斬り	撫斬り	なで斬り
なでしこ	撫子	瞿麦
なでしこめいがら	撫子銘柄	なでしこ銘柄
なでもの	撫で物	撫物
なとり	名取り	名取
ななきゅうしょく	7級職	七級職
ななくさ	七草	七種
ななくさがゆ	七草粥	七種粥	七草がゆ
ななこ	斜子	魚子
ななこおり	斜子織り	魚子織り
ななひかり	七光り	七光
ななまがり	七曲がり	七曲り
ななめ	斜め	斜
ななめうえ	ナナメ上	斜め上
ななめがまえ	斜め構え	ななめ構え
ななめぎり	斜め切り	ななめ切り
ななめとなり	斜め隣	斜め隣り
ななめまえ	ななめ前	斜め前
ななめむかい	斜め向かい	斜めむかい	斜め向い	ななめ向かい
ななめよみ	斜め読み	ななめ読み
なにごと	何ごと	何事
なにぶん	何ぶん	何分
なにもの	何もの	何者	何物	なに者
なにやつ	何やつ	何奴
なにわざ	何わざ	何業
なのはな	菜の花	菜花	なの花
なのり	名乗り	名告り	名乗
なのりじ	名乗り字	名乗字
なびろめ	名びろめ	名広め	名弘め	名披露目
なふだ	名札	名ふだ
なぶりごろし	嬲り殺し	なぶり殺し
なぶりもの	嬲り物	嬲り者	なぶり物	なぶり者
なべしき	鍋敷き	なべ敷き
なべぞこ	鍋底	なべ底
なべつかみ	鍋つかみ	鍋掴み
なべつまみ	鍋つまみ	鍋摘み
なべづる	鍋鉉	鍋鶴
なべはだ	ナベ肌	鍋肌	なべ肌
なべぶた	鍋ぶた	鍋ブタ	鍋蓋
なべもの	鍋物	なべ物
なべや	鍋屋	なべ屋
なべやき	鍋焼	鍋焼き	なべ焼き
なべやきうどん	鍋焼うどん	鍋焼きうどん
なべわき	鍋わき	鍋脇
なま	生	奈麻
なまあくび	生あくび	生欠伸
なまあげ	生あげ	生揚	生揚げ
なまあし	ナマ脚	生足
なまあん	生あん	生餡
なまいか	生いか	生烏賊	生イカ
なまうに	生うに	生雲丹	生ウニ
なまえ	名前	名まえ
なまがき	生ガキ	生がき	生牡蛎	生牡蠣
なまがわき	生乾き	なま干き
なまぐさみ	生ぐさみ	生臭み	生臭味
なまけぐま	怠け熊	なまけ熊
なまけごころ	怠け心	なまけ心
なまけもの	怠け者	怠けもの	懶け者	なまけ者
なまこいた	海鼠板	生子板
なまこかべ	海鼠壁	生子壁
なまこひき	ナマコ曳き	海鼠引き
なまこもち	海鼠餅	生子もち
なまごみ	生ゴミ	生ごみ	生まごみ	生塵
なまさけ	生さけ	生サケ
なまざかな	生ま魚	生魚
なまざけ	生ざけ	生酒	生鮭
なましいたけ	生シイタケ	生椎茸	生しいたけ
なまじめ	生締	生締鬘
なます	膾	鱠
なまず	癜	鯰
なまずさわぎ	ナマズ騒ぎ	鯰騒ぎ	なまず騒ぎ
なまずひげ	ナマズ髭	鯰髭
なまたまご	生卵	生たまご	生タマゴ
なまたら	生たら	生鱈	生タラ
なまつば	生つば	生唾
なまづけ	生漬	生漬け
なまづめ	生づめ	生ヅメ	生爪
なまはげ	生はげ	生剥
なまはるまき	生春巻き	生春巻
なまふ	生麩	麵筋
なまぼし	生乾	生乾し	生干	生干し
なまみ	生身	なま身
なまめん	生めん	生麵	生麺
なまもの	生まもの	生もの	生物	なま物
なまゆでめん	生・ゆで麺	生茹で麺
なまよもぎ	生ヨモギ	生蓬
なまり	訛り	訛	鉛
なまりいろ	鉛色	なまり色
なまりくず	鉛くず	鉛屑
なまわかめ	生わかめ	生若布
なまわさび	生わさび	生山葵	生ワサビ
なみ	波	竝	浪	並	並み
なみあし	並み足	並足
なみあん	並あん	並餡
なみいた	並板	波板
なみうち	浪打ち	波打	波打ち
なみうちぎわ	波打際	波打ち際
なみうら	波裏	浪裏
なみおろし	波おろし	波颪
なみがえし	波返	波返し
なみがた	波型	波形
なみき	並木	なみ木
なみくぎ	波くぎ	波釘
なみぐも	波雲	浪雲
なみけい	波けい	波罫
なみしぶき	波しぶき	波飛沫
なみしゃく	波尺	波尺蛾
なみじ	波路	浪路
なみだ	泪	涕	淚	涙
なみだごえ	涙声	なみだ声
なみだつぼ	涙壷	涙壺
なみだまじり	涙まじり	涙混じり
なみだまみれ	涙まみれ	涙塗れ
なみだめ	涙目	涙眼
なみつぎ	並み継ぎ	並継ぎ
なみなみ	並々	並みなみ	並み並み	並並
なみぬい	並ぬい	並み縫い	なみ縫い
なみはば	並巾	並幅
なみまくら	波まくら	波枕	浪まくら
なむあみだぶつ	南無阿弥陀仏	南無阿弥陀佛
なめがい	嘗め甲斐	舐めがい
なめくじ	蚰蝓	蛞蝓
なめくじおんな	ナメクジ女	蛞蝓女
なめし	菜めし	菜飯
なめしがわ	鞣し革	鞣皮	鞣革	なめし皮	なめし革
なめたけ	滑茸	なめ茸
なめとこ	ナメ床	嘗め床
なめねこ	嘗め猫	なめ猫
なめもの	嘗め物	嘗物	なめ物
なめらまつ	滑ら松	滑マツ
なや	納屋	魚舎
なやみぐさ	悩みぐさ	悩み種
なやみごと	悩み事	悩みごと	惱みごと
なやらい	儺やらひ	追儺
なよせ	名寄せ	名寄
なよたけ	弱竹	なよ竹
なら	枹	楢
ならい	慣い	習い
ならいごと	習い事	習いごと
ならいめ	倣い目	ならい目
ならいもの	習いもの	習い物
ならきん	ナラ菌	楢菌
ならし	慣らし	均し	均らし	馴し	馴らし
ならしいた	均し板	ならし板
ならづけ	奈良漬け	奈良漬
ならび	並び	并
ならびかえ	並び変え	並び替え	並びかえ	並び換え
ならびぐら	並倉	雙倉
ならべかえ	並べかえ	並べ代え	並べ替え
ならわし	慣らわし	慣わし	習わし
なり	那裏	鳴り	容形	形り	形
なりあがり	成上り	成り上がり
なりかけ	成り掛け	なり掛け
なりき	成り木	生り木
なりきん	成り金	成金
なりたち	成り立ち	成立ち
なりづめ	鳴りづめ	鳴り詰め
なりどし	生り年	なり年
なりふり	形振り	なり振り
なりもの	鳴り物	鳴りもの	鳴物	生りもの	生り物
なりものいり	鳴物入	鳴物入り	鳴り物入り
なりゆき	成り行き	成行	成りゆき	成行き	形行
なりわい	生業	業
なるかみ	鳴る神	鳴神	鳴雷
なれ	馴れ	慣れ
なれあい	馴れあい	馴れ合い	なれ合い
なれずし	熟鮓	熟鮨
なれそめ	馴れそめ	馴れ初め	馴初め	なれ初め
なわ	縄	繩
なわあみ	縄あみ	縄編み
なわかけ	縄かけ	縄掛	縄掛け
なわがけ	縄がけ	縄掛け
なわじり	縄じり	縄尻
なわつき	縄付	縄付き
なわて	畷	縄手
なわとび	縄とび	縄跳び	縄飛び	なわ跳び	なわ飛び
なわばしご	縄ばしご	縄梯子
なわばり	縄張り	縄ばり	縄張	繩張り
なん	難	南
なんい	難易	南緯
なんえん	何円	南園	南垣	南縁
なんか	南下	軟化
なんかい	南海	難解	何回
なんかく	軟殻	軟殼
なんがん	南岸	軟岩
なんきょう	南境	南杏	難境	難況
なんきょく	難局	南曲	難曲
なんきん	軟禁	南瓜
なんぎ	難儀	難義
なんけ	南家	難化
なんけん	軟堅	難件
なんこ	南湖	何個
なんこう	難航	軟膏	難攻	南溝	南郊	南高	軟甲	軟鋼
なんご	喃語	難語	なん語
なんさい	何歳	何才
なんざん	難産	南山	難山
なんしょく	難色	男色
なんしん	南進	南伸	南侵
なんじ	南寺	難字	難治	難事
なんせい	南西	南征	軟性
なんせん	南遷	難船	南船
なんそう	南窓	南窗	男僧
なんちょう	難聴	南朝	南帖
なんてん	難点	南天	難転
なんと	南都	南斗
なんとう	南東	軟投	難透	南嶋	南島
なんど	何度	納戸	難度
なんばん	南蛮	南蕃
なんばんづけ	南蛮漬	南蛮漬け
なんぱ	軟派	難破
なんぴと	何ぴと	何人
なんぶ	南部	南武	軟部
なんぷう	南風	軟風	難風
なんぺき	南壁	難壁
なんぽう	南方	南峰	難峰
なんもん	難問	南門
なんよう	何曜	南洋	難溶
なんろ	南路	難路
なんろく	南麓	南ろく
に	尼	丹	荷
にあい	似合い	似合
にあがり	二上がり	二上り	煮上がり	煮上り
にあげ	荷あげ	荷上げ	荷揚	荷揚げ
にあつかい	荷扱	荷扱い
にあわせ	煮合わせ	煮合せ
にあわび	煮アワビ	煮鮑
にい	二位	2尉	二尉	兄	兄ぃ	兄い	兄イ
にいか	煮イカ	煮烏賊
にいにいぜみ	ニイニイ蝉	にいにい蝉
にいまくら	新まくら	新枕
にうけ	荷受	荷受け
にうけにん	荷受け人	荷受人
にうり	煮売	煮売り	荷売り
にえ	贄	沸え	錵	沸
にえばな	煮えばな	煮え端
にえゆ	煮え湯	にえ湯
におい	匂い	臭い	匂	臭
においいり	匂入	匂入り
においぶくろ	匂い袋	匂袋	におい袋
におろし	荷おろし	荷下し	荷下ろし	荷卸	荷卸し	荷降ろし
にか	二科	二化	荷貨
にかけ	荷かけ	荷掛け
にかご	荷かご	荷籠
にかす	煮かす	煮滓
にがき	苦木	苦棟子
にがしお	苦塩	苦潮
にがしべん	逃がし弁	逃し弁
にがて	ニガ手	苦手	にが手
にがみ	ニガ味	苦味	苦み	にが味
にがむし	ニガ虫	苦虫
にがりいり	苦汁入り	にがり入り
にがりみず	苦汁水	にがり水
にがわらい	ニガ笑い	苦笑い	苦笑ひ	にが笑い
にき	二季	二期
にきび	面皰	靤皰
にきびあと	ニキビ痕	ニキビ跡	面皰跡	にきび跡
にきびかくし	ニキビ隠し	面皰隠し
にきびがお	ニキビ顔	面皰顔	にきび顔
にきびづら	面皰面	にきび面
にきびはだ	ニキビ肌	面皰肌	にきび肌
にきびやく	ニキビ薬	面皰薬
にきゅう	2級	二級
にきゅうしょく	2級職	二級職
にきり	煮きり	煮切り
にぎょう	二業	尼形
にぎり	握	握り
にぎりこぶし	握りこぶし	握り拳	握拳
にぎりずし	握りずし	握り寿司	握り鮨	握寿司	握鮨	にぎり寿司	にぎり鮨
にぎりつぶし	握りつぶし	握り潰し
にぎりばさみ	握りばさみ	握り鋏
にぎりばし	握り箸	握箸	にぎり箸
にぎりめし	握りめし	握りメシ	握り飯	握飯	にぎり飯
にぎりや	握り屋	握屋
にぎわい	賑わい	賑ひ
にぎわいぐさ	賑わい草	にぎはひ草
にく	肉	二駆
にくいれ	肉入	肉入れ
にくかい	肉塊	肉界
にくかん	肉感	肉幹
にくき	肉亀	肉鰭
にくぐされ	肉ぐされ	肉腐れ
にくこう	肉交	肉孔	肉攻
にくしょう	肉醤	肉醬
にくしん	肉親	肉唇
にくじゃが	肉じゃが	肉ジャガ
にくずれ	煮くずれ	荷くずれ	荷崩れ	煮崩れ
にくそば	肉そば	肉蕎麦
にくたたき	肉たたき	肉叩き
にくだんご	肉団子	肉だんご
にくづき	肉づき	肉付き	肉月	肉附
にくづけ	肉付け	肉づけ	肉付
にくづめ	肉づめ	肉詰め
にくてん	肉天	肉店
にくはく	肉薄	肉迫
にくばさみ	肉ばさみ	肉挟み
にくばなれ	肉ばなれ	肉離れ
にくひだ	肉ヒダ	肉襞
にくまん	肉まん	肉饅
にくもり	肉盛	肉盛り
にくよく	肉慾	肉欲
にげ	逃	逃げ
にげあし	逃げ足	遁げ足	にげ足
にげかくれ	逃げかくれ	逃げ隠れ
にげぐち	逃げ口	逃口
にげこうじょう	逃口上	逃げ口上
にげみち	逃げ道	遁げ道	にげ道
にこ	二胡	似虎
にこう	二口	尼公
にこげ	和毛	にこ毛
にこごり	煮こごり	煮コゴリ	煮凍り	煮凝り
にこみ	煮こみ	煮込	煮込み
にころがし	煮ころがし	煮転がし
にごしらえ	荷ごしらえ	荷拵え
にごりえ	濁り江	濁江
にごりざけ	濁り酒	濁酒	にごり酒
にごりみず	濁り水	にごり水
にごりゆ	濁り湯	にごり湯
にさ	2佐	二佐
にさばき	荷さばき	荷捌	荷捌き
にさんるい	2\u002C3塁	二、三塁	二三塁
にざかな	烹魚	煮魚
にし	西	2士	二士	辛螺	螺
にしあかり	西明かり	西明り
にしがい	ニシ貝	螺貝
にしがわ	西側	西がは	西がわ
にしきいろ	錦色	にしき色
にしきえ	錦絵	にしき絵
にしきぎれ	錦切れ	錦裂
にしくるわ	西曲輪	西郭
にしづめ	西詰	西詰め
にしどなり	西隣	西隣り
にしび	西陽	西日
にしまわり	西回り	西まわり	西廻り
にしめ	煮〆	煮しめ	煮染	煮染め
にしやぐら	西やぐら	西櫓
にしん	二進	二伸	二心	鯡	鰊	弐心
にしんぐら	ニシン蔵	鰊蔵
にしんそば	ニシン蕎麦	鰊そば	鰊蕎麦	にしん蕎麦
にしんとう	二親等	2親等
にしんりょう	鰊漁	にしん漁
にじ	虹	尼寺
にじいろ	虹色	にじ色
にじしょうにんしゃ	2次承認者	二次承認者
にじへび	虹ヘビ	虹蛇
にじみどめ	滲み止め	にじみ止め
にじめどめ	滲め止め	にじめ止め
にじゅうせん	2重線	二重線
にじょう	荷杖	二乗
にじりぐち	躙り口	躙口	にじり口
にすがた	似姿	荷姿
にせ	偽	偐	贋	二世
にせうらない	ニセ占い	偽占い
にせえ	似せ絵	似絵	似繪	偽絵
にせがね	偽金	贋金
にせくび	偽首	贋首
にせぐすり	偽グスリ	偽薬
にせさつ	ニセ札	偽札	贋札
にせはこ	ニセ箱	偽箱
にせまむし	偽まむし	偽蝮
にせむらさき	偐紫	にせ紫
にせもの	ニセ物	ニセ者	偽物	贋物	偽もの	偽者	贋者	にせ物	にせ者
にせゆび	偽せ指	偽指
にそう	2曹	二曹	尼僧
にぞり	荷ゾリ	荷橇
にたき	煮炊き	煮たき	煮炊	煮焚
にたち	煮立ち	煮たち
にたり	似関船	荷足
にだし	煮出し	荷出し
にだんかいしょうにん	2段階承認	二段階承認
にちえい	日英	日影
にちおう	日欧	日・欧	日王
にちしゅく	日・祝	日祝
にちじ	日時	日字	日次
にちにち	日日	日々
にちべい	日・米	日米
にちよう	日曜	日よう	日用
にちろ	日露	日ロ
にっか	日課	日華	日加	日貨
にっかん	日間	日刊	肉感	肉冠	日韓
にっき	日記	日晷	肉桂
にっけい	日計	肉刑	肉桂	日系
にっこう	日港	日光
にっころがし	煮っころがし	煮っ転がし
にっさん	日参	日産	日酸
にっし	日誌	日子
にっしゅう	入集	日収	日周
にっしょう	日章	日照	入声	入聖
にっしょく	日蝕	日食
にっしん	日進	日清	日新
にっそう	入宋	日宋
にってい	日程	日帝
にっとう	入唐	日唐	日東	日当
にっぽう	日報	日豊
につけ	煮付け	煮つけ	煮付
にづくり	荷作り	荷づくり	荷造り	荷造	荷作
にづみ	荷積	荷積み
にてん	二転	二天
にとう	二刀	二等	二頭	二盗
にとうしん	2等親	二等親
にどめ	荷止	荷止め
にないて	担い手	荷い手	にない手
にぬき	煮抜き	荷抜き
にぬり	丹塗	丹塗り
にのかわり	二の替り	二の替わり
にのまい	二の舞い	二の舞
にのまる	二の丸	二ノ丸
にはずし	荷はずし	荷外し
にはまぐり	煮はまぐり	煮ハマグリ	煮蛤
にびいろ	ニビ色	鈍色	にび色
にびたし	煮びたし	煮浸し
にぶね	荷舟	荷船
にほどき	荷ほどき	荷解	荷解き
にほんし	日本史	日本紙
にほんばれ	日本晴	日本晴れ
にぼし	煮干し	煮干
にまめ	煮豆	煮まめ	煮マメ	に豆
にもち	煮餅	荷持ち
にもつ	「荷」物	荷物
にもの	煮物	煮もの
にやけがお	ニヤケ顔	にやけ顔
にゅういん	入院	入いん
にゅうか	入荷	乳化	乳菓
にゅうかん	入館	入棺	入管	乳管	入艦
にゅうがん	乳がん	乳ガン	乳癌
にゅうき	乳期	入気
にゅうきゅう	入厩	乳丘	入級
にゅうきょ	入居	入渠
にゅうきょう	入京	入鋏	入境
にゅうこう	入港	入坑	入寇	入校	入構	入稿	入行	入貢	乳羹	乳香	入光	入航
にゅうし	入試	乳歯	乳飼	入市
にゅうしつ	入室	乳質
にゅうしゃ	入射	入舎	入車	入社
にゅうしゃいわいきん	入社祝い金	入社祝金
にゅうしゅ	入手	乳酒	入朱
にゅうしゅついん	入・出院	入出院
にゅうしょう	入賞	入省	入廠	乳漿
にゅうしょく	入植	入殖	入職	入蜀
にゅうしょくしゃ	入植者	入殖者	入職者
にゅうしん	入信	入神
にゅうじ	入寺	乳児
にゅうじゃく	入寂	柔弱
にゅうじょう	入場	入城	入定	乳状
にゅうすい	乳水	入水
にゅうせい	乳製	乳清
にゅうせん	入選	入線	乳腺	入川	入船
にゅうたいきょ	入退去	入退居
にゅうだん	入団	入段	入壇
にゅうちょう	入庁	入朝	入釣	入超
にゅうとう	入党	入島	入湯	乳糖	乳頭	入刀
にゅうどう	入道	入洞	入堂
にゅうび	乳び	乳糜
にゅうふ	入府	入夫
にゅうぶ	入峰	入部
にゅうぼう	乳棒	乳房
にゅうみん	入明	入眠
にゅうよう	入用	乳葉	乳用
にゅうらく	入洛	乳酪
にゅうりょう	入寮	入漁	乳量	入猟
にゅうりん	入林	乳輪
にょいん	女院	女陰
にょう	尿	繞	遶	鐃
にょうご	女御	女護
にょうしゅう	尿収	尿臭
にょうまくかんがん	尿膜管がん	尿膜管ガン	尿膜管癌
にょうもれ	尿もれ	尿漏れ
にょしん	女芯	女身	女神
にょたい	女躰	女体
にょほう	女峰	如法
にら	韮	韭
にらみあい	睨みあい	睨み合い	にらみ合い
にらみあな	睨み穴	にらみ穴
にらみだい	睨み鯛	にらみ鯛
にらみまど	睨み窓	にらみ窓
にらもち	韮餅	にら餅
にりゅう	二流	而立
にるい	2塁	二塁
にろう	二臈	二﨟
にわ	院子	庭
にわいじり	庭いじり	庭弄り
にわかあめ	俄雨	にわか雨
にわかおどり	俄踊	俄踊り
にわかじこみ	俄仕込み	にわか仕込み
にわかづくり	俄か作り	にわか作り
にわさき	庭先	庭さき
にわたし	荷渡	荷渡し
にわづくり	庭づくり	庭作り	庭造り
にわづたい	庭づたい	庭伝い
にわとりらん	ニワトリ卵	鶏卵
にわはき	庭掃	庭掃き
にわび	庭火	燎
にわぼうき	庭ぼうき	庭箒
にん	任	仁
にんうん	任運	忍運
にんがい	人界	人外
にんき	人気	任期
にんきつき	任期付き	任期付
にんきょう	仁侠	仁俠	任侠	任俠
にんぎょうづかい	人形遣い	人形づかい
にんげん	人間	人げん	任限
にんげんなみ	人間並み	人間並
にんしょう	認証	人称
にんしん	妊しん	妊娠
にんじゃ	忍者	にん者
にんじょう	刃傷	人長	人情
にんじん	人蔘	人参
にんそうがき	人相書	人相書き
にんち	認知	任地
にんてい	認定	人態	人体
にんにく	葫	大蒜	忍辱
にんのう	人皇	人王
にんぷ	任符	妊婦	人夫
にんべん	人偏	亻
にんぽう	忍法	人法
にんめん	任免	人面
にんよう	任用	認容	妊よう	妊孕
ぬい	繍	繡	縫	縫い
ぬいあげ	縫い上げ	縫い揚げ	縫上げ	縫揚げ
ぬいいと	縫い糸	縫糸	ぬい糸
ぬいかけ	縫いかけ	縫い掛け
ぬいぐるみ	縫いぐるみ	縫い包み	縫ひぐるみ
ぬいこ	縫い子	縫子
ぬいこみ	縫い込み	縫込み
ぬいしろ	縫いしろ	縫い代	縫代
ぬいとり	縫い取り	縫取り	繡い取り	ぬい取り
ぬいどまり	縫いどまり	縫い止まり	縫止り	ぬい止まり
ぬいなおし	縫い直し	縫直し
ぬいはく	縫い箔	縫箔
ぬいはり	縫い針	縫針
ぬいばり	縫い針	縫針	ぬい針
ぬいめ	縫い目	縫目	ぬい目
ぬいもの	縫い物	縫いもの	縫もの	縫物
ぬいもよう	縫模様	縫い模様
ぬいもん	縫い紋	縫紋	繍い紋
ぬえ	鵺	鵼
ぬか	糠	額
ぬかあぶら	糠油	ぬか油
ぬかあめ	糠雨	ぬか雨
ぬかずき	叩頭	額突
ぬかそう	糠層	ぬか層
ぬかづけ	糠漬	糠漬け	ぬか漬け	ぬか漬
ぬかどこ	ヌカ床	糠床	ぬか床
ぬかばたらき	糠働き	ぬか働き
ぬかぶくろ	糠袋	ぬか袋
ぬかぼし	糠星	ぬか星
ぬかよろこび	ヌカ喜び	糠喜び	ぬか喜び
ぬき	抜き	緯	貫
ぬきあし	抜き足	ぬき足
ぬきいと	抜き糸	緯糸
ぬきうち	抜き打ち	抜きうち	抜き討ち	抜打ち
ぬきえり	抜き衿	抜き襟	抜衿	抜襟
ぬきがき	抜き書	抜き書き	抜書	抜書き
ぬきがた	抜き型	ぬき型
ぬきさし	抜き差し	抜き挿し	抜差
ぬきしごと	抜き仕事	ぬき仕事
ぬきずり	抜き刷	抜き刷り	抜刷	抜刷り
ぬきぞめ	抜き染	抜き染め	抜染	抜染め
ぬきつけ	抜きつけ	抜き付け
ぬきて	抜き手	抜手
ぬきとり	抜き取り	拔取
ぬきみ	抜き身	抜身
ぬきよみ	抜き読み	抜読み
ぬぎき	脱ぎ着	ぬぎ着
ぬくもりかん	温もり感	ぬくもり感
ぬぐいうるし	拭い漆	拭漆
ぬぐいがみ	拭い紙	拭紙
ぬけあな	抜け穴	抜穴
ぬけかん	ヌケ感	抜け感
ぬけがけ	抜けがけ	抜け駆け	抜駆け
ぬけがら	抜け殻	抜殻	脱けがら	脱け殻	脱け殼	脱殻
ぬけげ	抜け毛	抜毛
ぬけさく	抜け作	抜作
ぬけに	抜け荷	抜荷
ぬけまいり	抜け参り	抜参り
ぬけみち	抜け道	抜道
ぬけめ	抜けめ	抜け目	抜目
ぬし	主	塗師
ぬすっと	盗っ人	盗人	盗っと	盗ッ人
ぬすびと	盗人	ぬす人
ぬすみぎき	盗みぎき	盗み聞き	盗み聴き	ぬすみ聞き
ぬすみぐい	盗み食い	盗喰
ぬすみみ	盗み見	偸み見	ぬすみ見
ぬたもち	ヌタ餅	ぬた餅
ぬで	樗	白膠木	橳
ぬのおむつ	布おむつ	布オムツ	布御襁褓
ぬのおもちゃ	布おもちゃ	布玩具
ぬのきれ	布切れ	布きれ	布裂
ぬのぎれ	布ぎれ	布切れ
ぬのごし	布ごし	布漉し	布越し
ぬのつなぎ	布つなぎ	布繋ぎ
ぬのとり	布とり	布取り
ぬのはし	布はし	布橋	布端
ぬのばり	布張	布張り
ぬのびき	布引	布引き
ぬのびく	布ビク	布魚籠
ぬのや	布や	布屋
ぬのやすり	布やすり	布鑢
ぬまち	沼地	ぬま地
ぬまべり	沼べり	沼縁
ぬまわに	沼鰐	沼ワニ
ぬめかわ	ヌメ皮	ヌメ革	滑革	ぬめ革
ぬり	塗	塗り
ぬりいた	塗り板	塗板
ぬりえ	塗り絵	塗絵	ぬり絵
ぬりかえ	塗替	塗替え	塗り替え
ぬりかべ	塗り壁	ぬり壁
ぬりがさ	塗り笠	塗笠
ぬりぐすり	塗り薬	塗薬	ぬり薬
ぬりごめ	塗篭	塗籠
ぬりし	塗り師	塗師
ぬりたて	塗りたて	塗り立	塗り立て	塗立	塗立て
ぬりなおし	塗りなおし	塗り直し
ぬりのこし	塗り残し	ぬり残し
ぬりはだ	塗り肌	塗肌
ぬりまくら	塗り枕	塗枕
ぬりむら	塗りむら	塗りムラ	塗り斑
ぬりもの	塗り物	塗りもの	塗物
ぬりわけ	塗り分け	塗分
ぬるかん	温燗	ぬる燗
ぬるでざい	ヌルデ材	白膠木材
ぬるび	微温火	ぬる火
ぬるまゆ	微温湯	ぬるま湯
ぬるゆ	温湯	ぬる湯
ぬれいろ	濡れ色	濡色	ぬれ色
ぬれえん	濡れ縁	濡縁	ぬれ縁
ぬれがみ	濡れ髪	濡髪	ぬれ髪
ぬれぎぬ	濡れ衣	濡れぎぬ	濡衣	ぬれ衣
ぬれこけ	濡れ苔	ぬれ苔
ぬれごと	濡れ事	濡事	ぬれ事
ぬれごろも	濡れ衣	ぬれ衣
ぬれすな	濡れ砂	ぬれ砂
ぬれて	ヌレ手	濡れ手	濡手	ぬれ手
ぬれなわ	濡れ縄	ぬれ縄
ぬれねずみ	濡れねずみ	濡れネズミ	濡れ鼠	濡鼠
ぬれば	ヌレ場	濡れ場	濡れ羽	濡場	濡羽	ぬれ場	ぬれ羽
ぬれぼとけ	濡れ仏	濡仏
ぬれまい	濡れ米	濡米
ぬれむしろ	濡れ筵	濡れ蓆	ぬれ筵
ぬれむら	濡れムラ	濡れ斑
ね	寝	根	音	値	子
ねあか	根アカ	根明
ねあがり	値上がり	値あがり	値上り	根上がり	根上り
ねあらい	値洗い	根洗い
ねあわせ	根合	根合わせ	根合せ
ねいかん	佞奸	佞姦
ねいれ	値入れ	根入れ
ねいろ	音色	音いろ
ねうち	値打ち	値うち	値打
ねえ	姐	嫂	姉
ねおし	寝圧し	寝押し
ねかた	根かた	根方	寝方
ねかぶ	根かぶ	根株
ねがい	願い	願
ねがいごと	願いごと	願い事	願事
ねがいさげ	願いさげ	願い下げ
ねがえり	寝返り	寝がえり	根反り	根返り
ねがお	寝顔	寢顏
ねがかり	根掛かり	根がかり	根掛り
ねがけ	根がけ	根掛	根掛け
ねがさ	値がさ	値ガサ	値嵩
ねきり	根切	根切り
ねぎ	葱	祢宜	禰宜
ねぎあぶら	ネギ油	葱油	ねぎ油
ねぎいり	ネギ入り	葱入り
ねぎしお	ネギ塩	葱塩
ねぎづくり	ネギ作り	葱作り
ねぎぼうず	ネギ坊主	葱坊主	ねぎ坊主
ねぎめ	値ぎめ	値決め
ねぎやき	葱焼き	ねぎ焼き
ねくび	寝頸	寝首
ねぐされ	根ぐされ	根腐	根腐れ
ねぐずり	寝ぐずり	寝愚図り
ねぐせ	寝ぐせ	寝グセ	寝癖
ねぐつ	寝履	寝靴
ねぐら	塒	寝ぐら
ねこあし	ネコ足	猫足	猫脚	ねこ足
ねこあつめ	ネコ集め	猫集め
ねこかし	寝こかし	寝転かし
ねこかぶり	猫かぶり	猫被り
ねこがた	ネコ型	猫型
ねこげ	ネコ毛	猫毛
ねこご	猫語	ねこ語
ねこさらい	猫さらい	猫攫い
ねこじ	根こじ	根掘じ
ねこじた	猫舌	ねこ舌
ねこぜ	猫背	猫脊	ねこ背
ねこっかぶり	猫っかぶり	猫っ被り
ねこっけ	ネコっ毛	猫っ毛	猫ッ毛	ねこっ毛
ねこなで	猫なで	猫撫で
ねこぬま	ネコ沼	猫沼
ねこのみ	猫ノミ	猫蚤
ねこばば	猫ばば	猫ババ	猫糞
ねこふん	猫フン	猫糞
ねこぶ	根こぶ	根瘤
ねこまた	猫また	猫又	猫股
ねこまたぎ	猫またぎ	猫跨ぎ
ねこみみ	ネコ耳	猫耳	ねこ耳
ねこめし	猫めし	猫飯
ねこよけ	猫避け	猫よけ
ねごこち	寝ごこち	寝心地
ねごろ	値ごろ	値頃
ねごろかん	値ごろ感	値頃感
ねさがり	値下がり	値下り
ねざさ	根ざさ	根笹
ねざし	根差し	根ざし
ねざめ	寝ざめ	寝覚	寝覚め	寝醒め
ねざや	値ザヤ	値鞘
ねしびれ	寝しびれ	寝痺れ
ねじ	捩子	捻子	螺子
ねじあたま	螺子頭	ねじ頭
ねじあな	ネジ穴	螺子穴	ねじ穴
ねじうめ	捻じ梅	ねじ梅
ねじき	寝敷	寝敷き
ねじきり	螺子切	螺子切り
ねじくぎ	ネジ釘	螺子釘	ねじ釘
ねじこみ	捩じ込み	捩込み	ねじ込み
ねじたて	螺子立て	ねじ立て
ねじづくり	ネジ作り	螺子作り
ねじどめ	ネジ止め	螺子止め	ねじ止め
ねじばな	捩じ花	捩花	ねじ花
ねじぶた	螺子蓋	ねじ蓋
ねじまき	ネジ巻き	螺子巻き
ねじまわし	ネジ回し	螺子回し	ねじ回し
ねじめ	根じめ	根締	根締め	音締	音締め
ねじやま	ネジ山	螺子山	ねじ山
ねじらみ	根ジラミ	根虱
ねじりあみ	捩り編み	ねじり編み
ねじりぼう	捩りん棒	捩り棒	ねじり棒
ねじりりつ	捩り率	ねじり率
ねじりりょく	捩り力	ねじり力
ねじれもどり	捩れ戻り	ねじれ戻り
ねすがた	寝姿	寝すがた
ねず	杜松	鼠
ねずみあな	ネズミ穴	鼠穴
ねずみいろ	ネズミ色	鼠色	ねずみ色
ねずみおとこ	ネズミ男	鼠男	ねずみ男
ねずみおとし	鼠落し	鼠落とし
ねずみか	ネズミ科	鼠科
ねずみがお	鼠顔	ねずみ顔
ねずみがり	鼠狩り	ねずみ狩り
ねずみこう	ネズミ講	鼠講	ねずみ講
ねずみざん	鼠算	ねずみ算
ねずみとり	ネズミ取り	ネズミ捕り	ネズ捕り	鼠取	鼠取り	鼠捕り	ねずみ取り	ねずみ捕り
ねずみなき	鼠鳴き	ねずみ鳴き
ねずみぶくろ	ネズミ袋	鼠袋
ねずみよけ	鼠除け	ねずみ除け
ねずれ	根ずれ	根ズレ
ねぞう	寝ぞう	寝相
ねたあつめ	ネタ集め	ねた集め
ねたきり	寝たきり	寝た切り
ねたぎれ	ネタ切れ	ねた切れ
ねたさがし	ネタ探し	ねた探し
ねたちょう	ネタ帳	ねた帳
ねたづくり	ネタ作り	ねた作り
ねたどり	ネタ取り	ねた取り
ねたば	寝刃	ねた刃
ねたばなし	ネタ話	ねた話
ねたもと	ネタ元	ねた元
ねだめ	寝だめ	寝ダメ	寝溜め
ねだん	値段	値だん
ねっこ	根っこ	根っ子
ねっさ	熱沙	熱砂
ねっさん	熱讚	熱賛
ねっしょう	熱唱	熱証	熱傷
ねっせい	熱誠	熱性
ねっせん	熱戦	熱線
ねっとう	熱湯	熱闘	熱投	熱禱	熱閙	熱鬧
ねつえん	熱演	熱塩	熱延
ねつかん	熱間	熱感
ねつき	寝つき	寝付き
ねつぎ	根接ぎ	根継ぎ
ねつけ	根付	根付け
ねつさまし	熱さまし	熱冷まし
ねつぞう	捏造	ねつ造
ねつのう	熱悩	熱濃
ねづけ	値づけ	値付け
ねづまり	根づまり	根詰まり
ねとぼけ	寝とぼけ	寝惚け
ねとまり	寝泊まり	寝とまり	寝泊り
ねどこ	寝床	寝所
ねなし	根無	根無し
ねなしぐさ	根無し草	根無草
ねばり	粘ばり	粘り
ねばりけ	粘り気	粘りけ
ねばりごし	粘り腰	ねばり腰
ねばりつち	粘り土	ねばり土
ねばりもの	粘りもの	粘り物
ねばれ	寝ばれ	寝腫れ
ねびき	値引き	値引	根引き
ねぶみ	値踏み	値ぶみ
ねべや	寝べや	寝部屋
ねほり	根掘り	根ほり	根堀り
ねぼう	寝ぼう	寝坊
ねぼけ	寝ぼけ	寝呆け	寝惚け
ねまがり	根曲	根曲がり	根曲り
ねまき	根巻き	寝間着	寝巻	寝まき	寝巻き	寝衣	寢衣
ねまち	寝待	寝待ち
ねまちづき	寝待ち月	寝待月
ねまわし	根回し	根まわし	根廻し
ねまわり	根まわり	根周り	根回り
ねみみ	寝耳	寐耳
ねむけ	眠気	眠け	睡気	ねむ気
ねむのき	合歓の木	合歓木	ねむの木
ねむり	眠り	睡り
ねむりぐさ	眠り草	眠草
ねむりむし	眠り虫	ねむり虫
ねもと	根元	根もと	根許	根本
ねらい	狙い	覗	狙
ねらいうち	狙い撃ち	狙いうち	狙い打ち	ねらい撃ち
ねらいすじ	狙い筋	ねらい筋
ねらいめ	ネラい目	狙い目	狙いめ	ねらい目
ねり	煉	煉り	練り	練
ねりあめ	練り飴	ねり飴
ねりいと	練り糸	練糸
ねりいろ	練り色	練色
ねりうめ	練り梅	ねり梅
ねりえ	練りえ	練り餌
ねりがらし	練りがらし	練り辛子	ねり辛子
ねりがわら	練り瓦	練瓦
ねりきり	練り切り	練切り
ねりぎぬ	練り絹	練絹
ねりげ	練り粥	練粥
ねりこ	練り粉	練粉	ねり粉
ねりこう	練り香	練香
ねりごま	練りゴマ	練り胡麻	練りごま
ねりせいひん	練製品	煉り製品	練り製品
ねりだき	練り炊き	練り焚き
ねりだま	煉玉	練り玉
ねりつち	練り土	ねり土
ねりどころ	練り処	練り所
ねりぬき	練緯	練貫
ねりべい	煉り塀	煉塀	練り塀	練塀
ねりもの	煉り物	煉物	練りもの	練りモノ	練り物	練物	ねり物
ねりようかん	煉り羊羹	練羊羹
ねわざ	寝技	寝業
ねわら	寝わら	寝藁
ねん	年	念
ねんえき	粘液	ねん液
ねんかん	年間	年鑑	年かん	年官	年刊
ねんが	年賀	年画	年が
ねんがら	年がら	年柄
ねんき	年季	年忌	年紀	年期
ねんきゃく	拈却	燃却
ねんきゅう	年休	年級	拈鬮	年給
ねんきん	年金	念経	粘菌
ねんけつ	年欠	粘結
ねんざ	捻挫	ねん挫
ねんし	撚糸	年始	年歯	ねん糸
ねんしゅう	年収	年周
ねんしゅつ	拈出	捻出	ねん出
ねんしょ	念書	年処	年初
ねんしょう	燃焼	年少	年商
ねんじ	念持	年次	年時
ねんじゅ	念誦	念珠
ねんじゅう	年じゅう	年中
ねんじゆうきゅう	年次有休	年次有給
ねんず	念誦	念珠
ねんせい	稔性	粘性
ねんそう	念想	年層
ねんちゃく	粘着	ねん着
ねんちょう	年長	燃調	粘稠	年調
ねんとう	年頭	念頭	粘投
ねんど	年度	粘土	粘度	ねん土
ねんどがわり	年度替り	年度替わり
ねんねん	年々	年年	念々	念念
ねんばらい	年払い	年払
ねんばらし	念晴し	念晴らし
ねんばん	年番	粘板
ねんぱい	年輩	年配
ねんぶつ	念仏	念佛
ねんぷ	年譜	年賦
ねんぽう	年報	年俸	念法
ねんりょう	燃料	ねん料
ねんれい	年齢	年れい	年令	年齡
のあざみ	野アザミ	野薊
のあそび	野あそび	野遊び
のあらし	野荒し	野荒らし
のいちご	野いちご	野イチゴ	野苺
のう	納	脳	腦	膿	嚢	囊	農	能
のうえん	農園	脳炎	濃煙
のうおん	納音	脳温
のうか	膿痂	農家	濃化	脳化
のうかい	能会	納会	能開	農戒	農會	農会
のうかく	能格	脳殻
のうかん	納完	納棺	納竿	脳幹	能幹	能管	農閑
のうがい	農外	脳蓋	脳外
のうがき	能書き	能がき	能書
のうがく	農学	能楽	農楽	納額
のうき	納期	能記	農期	農機
のうきょう	納経	膿胸	農況
のうぎょぎょう	農・漁業	農漁業
のうけ	悩気	能化
のうこう	農高	農耕	脳溝	農工
のうこうそく	脳梗塞	脳硬塞
のうこん	濃紺	農墾
のうさい	濃彩	納采	能才
のうさぎ	野うさぎ	野ウサギ	野兎
のうさつ	悩殺	納札
のうさん	農産	農蚕
のうし	脳死	嚢子	囊子	農試	直衣
のうしゃ	納車	農舎
のうしゅ	嚢腫	囊腫	膿腫
のうしょ	能書	農書
のうしょう	農相	脳漿	脳症
のうじ	脳磁	農事	能事
のうじゅう	脳汁	膿汁	農住
のうじょう	農場	嚢状
のうすいしょう	農水省	農水相
のうせい	農政	濃青	脳性
のうせいしょうにまひ	脳性小児マヒ	脳性小児麻痺	脳性小児まひ
のうせいまひ	脳性マヒ	脳性麻痺	脳性まひ
のうせん	膿栓	膿詮
のうそう	脳槽	衲僧
のうち	農地	納地
のうちくさん	農畜産	農・畜産
のうちゅう	嚢中	囊中
のうちょう	納帳	脳腸
のうてい	嚢底	脳底
のうてんき	能天気	能転気	脳天気
のうでん	脳電	農電
のうとう	納刀	脳頭
のうど	濃度	農奴
のうどう	農道	能動
のうどく	能毒	膿毒
のうない	脳内	農内
のうひ	濃飛	能否
のうびょう	悩病	脳病
のうふ	納付	農夫	農婦
のうふてつづき	納付手続	納付手続き
のうへい	納幣	納陛	農兵
のうほう	農法	嚢胞	囊胞	脳胞	膿疱	のう胞
のうほん	納本	農本
のうぼく	濃墨	農牧
のうみそ	脳味噌	脳みそ
のうむ	濃霧	農務
のうめん	農免	能面
のうよう	農用	膿瘍
のうり	脳裏	脳裡	囊裏	能吏
のうりょう	納涼	脳梁	農料
のうりょく	濃緑	能力
のうろう	膿漏	のう漏
のがも	野ガモ	野鴨
のきごし	軒ごし	軒越し
のきさき	軒先	軒さき	軒先き
のきした	軒下	のき下
のきたけ	軒丈	軒長
のきなみ	軒並み	軒なみ	軒並
のきわり	軒割	軒割り
のぎ	芒	禾
のぎへん	ノ木偏	禾偏
のぐそ	野ぐそ	野グソ	野糞
のけもの	除け者	のけ者
のこぎりそう	鋸草	のこぎり草
のこば	鋸歯	のこ刃
のこばん	ノコ盤	鋸盤
のこみ	鋸身	のこ身
のこりか	残り香	残香
のこりかす	残りかす	残りカス	残り滓
のこりぎれ	残りぎれ	残り切れ
のこりくず	残りくず	残り屑
のこりごはん	残りご飯	残りごはん	残り御飯
のこりだれ	残りダレ	残り垂れ
のこりび	残り火	残火
のこりめし	残り飯	のこり飯
のこりもの	残りもの	残り物
のごい	野ゴイ	野鯉
のざらし	野ざらし	野晒	野晒し
のし	熨斗	延し	伸し
のしいた	伸し板	のし板
のしうめ	熨斗梅	のし梅
のしおさえ	熨斗押	熨斗押さえ
のしがみ	熨斗紙	のし紙
のしだい	伸し台	のし台
のしぶくろ	熨斗袋	のし袋
のしぼう	伸し棒	のし棒
のしもち	伸し餅	のし餅
のじしゃ	野苣	野萵苣
のすみれ	野スミレ	野菫
のずえ	野末	野ずえ
のせごこち	乗せ心地	のせ心地
のせだい	載せ台	のせ台
のぞきあな	覗き穴	のぞき穴
のぞきからくり	覗き機関	覗機関
のぞきぐち	覗き口	のぞき口
のぞきこみ	覗き込み	のぞき込み
のぞきまど	覗き窓	のぞき窓
のぞきみ	覗き見	のぞき見
のぞきよみ	覗き読み	のぞき読み
のぞみ	望み	希み
のぞみうす	望うす	望み薄
のたれじに	野垂れ死に	野たれ死に	野垂死	野垂死に	野垂れ死	のたれ死に
のだいこ	野太鼓	野幇間
のだたら	野ダタラ	野踏鞴
のだち	野太刀	野立	野立ち
のだて	野点	野立て
のちのち	後々	後後
のちほど	後ほど	後程
のっぱら	野っぱら	野っ原
のっぴき	退っぴき	退っ引き	退引
のづら	野づら	野面
のど	咽喉	喉	咽
のどあめ	ノド飴	喉飴	のど飴
のどおと	喉音	のど音
のどがわ	喉側	のど側
のどくび	喉くび	喉頸	喉首	のど首
のどぐろ	喉黒	のど黒
のどごえ	喉声	のど声
のどごし	喉ごし	喉越し	のど越し
のどぶえ	喉笛	のど笛
のどぼとけ	喉ぼとけ	喉ボトケ	喉仏	のど仏
のどもと	ノド元	喉元	咽喉もと	咽喉元	喉もと	喉許	のど元
のどわ	ノド輪	喉輪	のど輪
のねずみ	野ねずみ	野ネズミ	野鼠
ののしりあい	罵りあい	罵り合い
ののしりことば	罵り言葉	ののしり言葉
ののしりごえ	罵り声	ののしり声
のはら	野はら	野原
のばと	野バト	野鳩
のばら	野ばら	野バラ	野薔薇
のび	伸	野火	伸び	延び
のびがわ	伸び側	伸側
のびざかり	伸びざかり	伸び盛り
のびちぢみ	伸び縮み	伸びちぢみ	のび縮み
のびどめ	伸び止め	伸止め
のびりつ	伸び率	延び率	伸率
のぶせり	野伏	野伏せり	野臥	野臥せり
のぶた	野ブタ	野豚
のべ	延べ	延	野辺
のべいた	延べ板	のべ板
のべがね	延べ金	延金
のべざお	延べ棹	延べ竿	延棹	延竿	のべ竿
のべじんいん	延べ人員	延人員
のべすう	延べ数	延数
のべつぼ	延べ坪	延坪
のべにち	延べ日	延日
のべにっすう	延べ日数	延日数
のべばらい	延べ払い	延べ払	延払	延払い
のべぼう	延べ棒	延棒
のべめんせき	延べ面積	延面積
のべもち	延べ餅	のべ餅
のべゆか	延べ床	延床
のべゆかめんせき	延べ床面積	延床面積
のぼせもの	逆上せ者	のぼせ者
のぼり	上り	登り	昇り	幟
のぼりあな	上り穴	昇り穴
のぼりあゆ	上りあゆ	上り鮎
のぼりおり	上り下り	上り降り	昇り降り	登り下り	登り降り
のぼりがつお	上りガツオ	上り鰹
のぼりがま	登り窯	登窯
のぼりくだり	上り下り	のぼり下り
のぼりぐち	登り口	上り口	上口	昇り口	登口	のぼり口
のぼりざか	上り坂	登り坂	昇り坂	のぼり坂
のぼりばた	幟旗	昇り旗	のぼり旗
のぼりぶね	上り舟	上船
のぼりみち	登り道	上り道	のぼり道
のぼりろう	登廊	登り廊
のまわり	野回り	野廻り
のみ	野見	鑿	飲み	蚤
のみあわせ	飲みあわせ	飲み合わせ
のみうち	ノミ打ち	鑿打ち
のみくい	呑み喰い	呑み食い	飮み食ひ	飲み喰い	飲み食い	飲み食ひ
のみくち	飲み口	飲口	のみ口
のみくらべ	飲みくらべ	飲み比べ
のみぐち	呑み口	呑口	飲み口
のみこぼし	飲みこぼし	飲み零し
のみこみ	吞み込み	呑み込み	呑込み	飲み込み	飲込み
のみすけ	呑助	飲み助	飲助
のみで	飲み出	飲みで
のみとり	ノミ取り	蚤とり	蚤取	蚤取り	のみ取り
のみにけーしょん	飲みニケーション	飲みニュケーション
のみのいち	蚤の市	のみの市
のみみず	飲み水	飲水	のみ水
のみもの	飲み物	飲みもの	飲物	吞み物
のみや	ノミ屋	飲み屋	呑み屋	呑屋	飲屋
のみやがい	飲み屋街	飲屋街
のみりょう	飲み料	飲料
のやぎ	野やぎ	野山羊
のらいぬ	野良犬	のら犬
のらぎ	野良着	のら着
のらねこ	ノラ猫	野良猫	野良ネコ	のら猫
のらむすこ	野良息子	のら息子
のり	乗り	矩	海苔	乗	糊	則	法
のりあい	乗り合い	乗あひ	乗合	乗合い	乗り合
のりあげ	乗揚	乗揚げ	乗り上げ
のりあじ	乗り味	海苔味	のり味
のりあみ	ノリ網	海苔網
のりいれ	乗り入れ	乗入れ
のりうち	乗り打	乗り打ち	乗打	乗打ち
のりおり	乗り降り	乗りおり
のりかえ	乗り換え	乗換え	乗りかえ	乗換	乗替	乗り換	乗替え	乗り替え
のりかえかいすう	乗り換え回数	乗換回数
のりかえびん	乗り換え便	乗換便
のりかた	法肩	乗り方
のりき	ノリ気	乗り気	乗りき	乗気	のり気
のりきり	法切り	のり切
のりくみ	乗組	乗り組み	乗組み
のりこし	乗り越し	乗越	乗越し
のりごこち	乗り心地	乗心地	乘ごこち
のりごはん	海苔ごはん	海苔御飯	のりご飯
のりしろ	糊代	のり代
のりじり	法尻	のり尻
のりぞめ	乗りぞめ	乗り初め
のりたま	海苔玉	のり玉
のりちゃ	海苔茶	のり茶
のりつぎ	乗り継ぎ	乗継	乗りつぎ	乗継ぎ
のりつぎびん	乗り継ぎ便	乗継便
のりづけ	ノリ付け	糊づけ	糊付け	のり付け
のりづめ	乗りづめ	乗り詰め
のりて	乗り手	乗手	のり手
のりで	乗り出	乗りで
のりと	祝詞	告門	祝告
のりにげ	乗り逃げ	乗逃げ
のりぬき	糊抜き	のり抜き
のりば	乗り場	乗場
のりばり	糊張り	のり張り
のりまき	ノリ巻き	海苔巻	海苔巻き	のり巻	のり巻き
のりもの	乗り物	乗物	乗りもの
のりものけん	乗り物券	のりもの券
のりゆみ	賭り弓	賭弓
のれんだい	暖簾代	のれん代
のろい	呪	呪い	呪ひ	咒い	詛	詛い
のろけ	惚気	能弄戯
のろけばなし	ノロケ話	惚気話	のろけ話
のろし	狼煙	蜂火
のわき	野分き	野分
のわけ	野分	野分け	野わけ
のんど	咽	喉
のんべえ	飲んべえ	呑んべい	呑んべえ	呑ん兵衛	呑兵衛	飲んべい	飲ん兵衛	飲兵衛
は	歯	破	刃	覇	葉	派	端	羽
はあく	把握	は握
はあたり	歯当たり	歯当り
はあり	羽あり	羽アリ	羽蟻
はい	杯	肺	胚	這い	灰	牌	憊	配	拝	蠅
はいい	廃位	配位	配意
はいいろ	灰色	灰いろ	はい色
はいいん	敗因	配員
はいえい	排英	背影	背泳
はいえき	廃液	排液	稗益	肺液
はいえつ	拝えつ	拝謁
はいえん	排煙	肺炎	肺えん	廃園
はいおとし	灰落し	灰落とし
はいか	配荷	拝火	配下	輩下	俳家	廃家	配架
はいかい	徘徊	俳諧	誹諧
はいかいし	俳諧師	俳諧詩
はいかき	灰掻き	灰搔
はいかぐら	灰かぐら	灰神楽
はいかぶり	灰かぶり	灰被り
はいかん	廃刊	拝観	配管	廃官	廃艦	肺患	肺肝
はいが	拝賀	俳画	俳畫	胚芽	はい芽
はいがい	排外	拝外	灰貝
はいがん	拝顔	肺がん	肺ガン	肺癌
はいき	排気	廃棄	拝跪	廃気	胚期	はい気	肺気
はいきこう	排気坑	排気口
はいきゅう	配給	廃休	排球	胚球	配球
はいきょ	廃虚	廃きょ	廃墟
はいきょう	俳境	背教	背脇
はいきょく	廃曲	敗局
はいきん	排菌	配筋	拝金	背筋
はいけい	背景	拜啓	拝啓	肺系	肺経
はいけつ	排血	敗けつ	敗血
はいけん	拝見	佩剣	廃県
はいこう	廃坑	廃校	廃鉱	拝光	排行	杯行	背光	背甲	輩行	配光	配向
はいこうせい	背光性	配向性
はいご	背後	廃語
はいごう	廃合	配合	俳号
はいさん	廃酸	配算
はいざい	配剤	廃材
はいざん	廃山	廃残	敗残
はいし	廃弛	配祀	廢止	廃止	俳士	俳誌	廃市	拝詞	排紙	敗死	稗史	胚子	廃趾
はいしつ	廃疾	癈疾	肺疾	胚質
はいしゃ	背射	配車	敗者	廃車	拝謝	背斜	歯医者
はいしゅ	拝手	杯酒	盃酒	胚珠
はいしゅつ	排出	輩出
はいしょ	拝所	俳書	配所
はいしょう	拝承	拝請	廃妾	廃娼	廃省	拝誦	敗将
はいしょく	配植	配色	配食	敗色	はい色
はいしん	配信	背信	背唇	背神	背進
はいじ	拝辞	廃寺	俳事	配字
はいじく	敗衄	胚軸
はいじょ	排除	廃除	廢除
はいじょう	拝情	配乗	廃城
はいじん	俳人	廃人	癈人	肺腎	肺塵
はいすい	排水	配水	背水	廃水	はい水
はいすう	拝趨	杯数
はいせい	俳聖	孛星	敗勢	肺性	背勢	胚性
はいせき	排斥	配石	廃石	排石	配席
はいせつ	排せつ	排泄	排雪
はいせつぶつ	排せつ物	排泄物
はいせん	敗戦	配線	敗戰	廃線	廃船	杯洗	盃洗	肺尖	配船
はいせんばん	配線板	配線盤
はいぜん	配ぜん	配膳	陪膳
はいそう	敗走	背走	配送	俳僧	廃掃	拝送
はいそく	背側	背足
はいた	排他	羽板	歯痛
はいたい	敗退	廃退	廃頽	胚胎	俳体
はいだて	佩楯	脛楯
はいだん	俳壇	俳談
はいち	配置	背馳	廃置	背地
はいちゃく	廃嫡	敗着
はいちゅう	排中	杯中
はいちょう	廃朝	拝聴	蠅帳	腓腸	はい帳
はいてい	拝呈	廃帝
はいてん	配点	配転	拝天	配てん
はいでん	配電	拝殿
はいとう	配当	配糖	佩刀	廃刀
はいとく	悖徳	背徳	配特
はいど	廃奴	排土
はいない	肺内	胚内
はいねつ	排熱	廃熱
はいのう	排膿	背のう	背嚢	背囊
はいはん	悖反	背反	背叛	廃版	廃藩	排反
はいばん	廃番	廃盤	廃版	杯盤	胚盤
はいび	拝眉	配備
はいふ	配布	配付	配附	配賦	俳譜	牌譜	肺腑
はいふう	排風	俳風	誹風	邶風
はいふき	灰吹	灰吹き
はいふく	拝伏	拝復	背腹
はいふぜい	配付税	配賦税
はいぶ	廃部	拝舞	背部
はいぶつ	排仏	廃仏	廃佛	廃物
はいぶん	配分	俳文	拝聞
はいへい	廃兵	敗兵	癈兵	胚柄
はいほう	敗報	肺胞	背方
はいぼう	敗亡	廃亡
はいまつ	這松	はい松
はいまぶれ	灰まぶれ	灰塗れ
はいめい	拝命	俳名	背銘
はいめつ	廃滅	敗滅
はいやく	配役	背約
はいゆう	拝揖	俳優	俳友	廃郵
はいよう	佩用	拝陽	廃用	肺葉	背腰	胚葉
はいらん	排卵	拝覧
はいり	背離	悖理	背理	入り
はいりぐち	入り口	はいり口
はいりょ	配慮	配りょ
はいりん	排臨	背臨
はいれい	悖戻	拝礼	背戻
はいれつ	配列	排列
はいろ	廃炉	葉色	羽色
はいろう	拝廊	牌楼	肺癆
はうけ	刃受け	刃承
はうた	端唄	端歌
はうちわ	羽うちわ	羽団扇
はうら	端浦	羽裏	葉裏
はえ	南風	映え	栄え	蠅	蝿	鮠
はえかわり	生え代わり	生え替わり
はえぎわ	生えぎわ	生え際	生際
はえぐせ	生えぐせ	生えグセ	生え癖
はえざ	蠅座	はえ座
はえたたき	ハエ叩き	蝿たたき	蠅叩き
はえとり	蝿取	蠅取	蠅取り	はえ取り
はえなわ	延縄	はえ縄
はえぬき	生え抜き	生えぬき
はえね	ハエ根	はえ根
はおと	羽音	翅音	葉音
はおり	羽織	羽織り
はおりもの	羽織りもの	羽織物
はか	墓	破瓜
はかい	破壊	破かい	破潰	破戒
はかげ	葉影	葉蔭	葉陰
はかしばあ	ハカシ婆	はかし婆
はかせ	博士	佩刀
はかぜ	刃風	羽風	葉風
はかづくり	墓づくり	墓作り
はかなぎ	墓なぎ	墓薙
はかぶ	端株	葉株
はかほり	墓掘	墓掘り
はかまいり	墓まいり	墓詣り	墓参り
はかまぎ	袴着	はかま着
はかまじ	袴地	はかま地
はかまばき	袴ばき	袴履き
はかもり	墓守	墓守り
はからい	図らい	計い	計らい
はかり	秤	秤り	量り	計り	測り
はかりうり	計り売り	量り売り	はかり売り
はかりごと	謀り事	謀
はかりめ	秤目	量り目
はかりもの	計り物	量りもの
はがい	派外	羽がい	羽交	羽交い	羽易
はがいじめ	羽交いじめ	羽交い締	羽交い締め	羽交締	羽交締め	はがい締め
はがき	葉書	葉がき
はがきえ	ハガキ絵	葉書き絵
はがきがわり	葉書がわり	葉書代わり
はがくれ	葉がくれ	葉隠	葉隠れ
はがしいた	剥がし板	はがし板
はがた	歯型	歯形	葉形
はがま	羽がま	羽釜
はがみ	歯がみ	歯噛み	歯嚙	歯嚙み	齒がみ
はがれ	剝れ	剥れ	葉枯	葉枯れ
はがれなみ	剥れ波	はがれ波
はき	破棄	破毀	覇気	覇氣	履き
はきかえ	履き替え	穿き替え
はきくち	履き口	はき口
はきけ	吐き気	吐きけ	吐気	嘔き気	はき気
はきごこち	履きごこち	履き心地	はき心地
はきたて	掃き立て	掃立	掃立て
はきだめ	掃きだめ	掃き溜め	掃溜	掃溜め	芥溜
はきのこし	履き残し	掃き残し	はき残し
はきふるし	履き古し	はき古し
はきもどし	吐きもどし	吐き戻し
はきもの	履きもの	履き物	履物	穿き物	はき物
はぎ	接ぎ	萩	脛
はぎあわせ	接ぎ合わせ	はぎ合わせ
はぎいた	矧ぎ板	矧板
はぎかさね	矧ぎ重ね	矧重ね
はぎしり	歯ぎしり	歯軋り
はぎめ	接ぎ目	接目
はぎょう	ハ行	は行	覇業
はぎり	歯切	歯切り
はぎれ	歯切れ	歯ぎれ	端ぎれ	端切れ	端裂
はく	拍	泊	帛	璞	箔	鎛	魄	伯
はくあ	白亜	白堊
はくうち	箔打	箔打ち
はくうん	白雲	薄運
はくえん	白煙	白猿
はくおう	白桜	白鴎	白鷗
はくが	白河	博雅
はくがん	白眼	白顔
はくさ	白砂	薄紗
はくさい	白菜	剥砕	舶載	伯才	泊寨
はくし	白紙	柏子	白指	白詩	薄志	薄資	博士
はくしゃ	白砂	拍車	薄謝
はくしゅ	拍手	はく手
はくしょ	白書	帛書	薄暑
はくしょく	白色	泊食
はくしん	迫真	迫眞	白身
はくじ	白瓷	白磁
はくじょう	白状	薄情	白壌
はくじら	歯クジラ	歯鯨
はくじん	白人	白刃	白刄
はくすう	泊数	搏数	拍数
はくせい	剝製	剥製	はく製
はくせつ	白晢	拍節	白雪
はくせん	伯仙	白扇	白癬	白線
はくそ	歯くそ	歯屎
はくそう	博捜	薄葬	白槍	薄層
はくたい	百代	白苔
はくだつ	剝奪	剝脱	剥奪	剥脱	はく奪	はく脱
はくち	白痴	泊地
はくちゅう	伯仲	白昼	白柱
はくちょう	白鳥	白丁
はくちょうざ	ハクチョウ座	白鳥座	はくちょう座
はくつけ	ハク付け	箔付け
はくとう	白頭	白塔	白桃	白灯	白燈	白糖
はくどう	拍動	搏動	白道	白銅	はく動
はくはく	白白	白々	伯伯
はくはん	白飯	白斑
はくひ	伯妃	剥皮	白皮	はく皮
はくひょう	薄氷	白票
はくふ	伯父	白布	帛布
はくぶん	白文	博聞	博文
はくへん	剝片	剥片	薄片
はくほう	白峰	白棚	白鳳
はくぼ	薄暮	伯母
はくぼう	白旄	白貌
はくめい	白明	薄命	薄明
はくゆ	白楡	白油
はくよう	柏葉	白楊	白羊	舶用
はくらく	剝落	剥落	伯楽
はくらん	博覧	博らん	白卵
はくり	剝離	剥離	白痢	薄利	はく離
はくりゅう	白龍	白竜
はくりん	白リン	白燐
はくろう	白ろう	白蠟	白蝋
はくろく	白鹿	薄祿	薄禄
はぐき	歯茎	歯ぐき	歯グキ
はぐち	刃口	羽口
はぐるま	歯車	羽車
はぐれからす	逸れ烏	はぐれ鴉
はぐれぐも	逸れ雲	はぐれ雲
はぐれもの	逸れ者	はぐれ者
はぐろ	歯ぐろ	歯黒
はけ	刷毛	捌け
はけぐち	ハケ口	吐け口	吐口	捌け口	はけ口
はけさばき	刷毛さばき	刷毛捌き
はけついで	刷毛序	刷毛序で
はけぬり	刷毛塗り	はけ塗り
はけむら	刷毛むら	刷毛斑
はけん	派遣	覇権	跛蹇
はげ	禿げ	禿	剥げ
はげあたま	ハゲ頭	禿あたま	禿げ頭	禿頭	はげ頭
はげおやじ	ハゲ親父	禿げ親父
はげさや	剝げ鞘	剥げ鞘
はげたか	ハゲ鷹	禿げ鷹	禿鷹	はげ鷹
はげちょろけ	剥げちょろけ	禿ちょろけ
はげねずみ	ハゲ鼠	禿げ鼠	はげ鼠
はげましあい	励まし合い	はげまし合い
はげやま	ハゲ山	禿げ山	禿山	はげ山
はこ	箱	函	匣	筐	筥	筺
はこいり	箱入り	函入り	箱入
はこう	破行	跛行	波高	耙耕	破口
はこおとし	箱落とし	箱落し
はこがき	箱書	箱書き
はこがた	箱形	箱型
はこした	ハコ下	箱下
はこしゃ	ハコ車	箱車
はこずし	箱ずし	箱寿司
はこせこ	筥迫	箱迫
はこぜん	箱ぜん	箱膳
はこづめ	箱詰め	箱詰
はこのみ	箱ノミ	箱鑿
はこひげ	箱ヒゲ	箱髭
はこひだ	箱ひだ	箱ヒダ	箱襞
はこびて	運び手	はこび手
はこふぐ	箱ふぐ	箱河豚
はこぶね	箱舟	方舟	箱船
はこぼれ	刃こぼれ	刃毀れ
はこまくら	箱まくら	箱枕
はこまわし	箱回し	箱廻し
はこむし	箱蒸	箱蒸し
はこもの	箱もの	箱物
はこや	箱屋	函屋
はごたえ	歯ごたえ	歯応え
はさい	破摧	破砕	菠菜
はさき	葉先	刃先	歯先	羽先
はさみ	鋏	挟み
はさみあげ	挟み揚げ	はさみ揚げ
はさみあし	鉗脚	はさみ脚
はさみうち	夾み撃ち	挟み打ち	挟み撃ち	挟み討ち	挾み打ち	はさみ打ち	はさみ撃ち	はさみ討ち
はさみことば	挟詞	挿語
はさみしゃく	鋏尺	はさみ尺
はさみたち	鋏太刀	はさみ太刀
はさみづつみ	挟み包み	はさみ包み
はさみとぎ	ハサミ研ぎ	鋏研ぎ
はさみぬい	挟み縫い	はさみ縫い
はさみばこ	挟み箱	挟箱
はさみむし	鋏虫	はさみ虫
はさん	破産	破算
はざし	刃刺	羽指
はざま	狭間	迫間	はざ間	間
はざわり	歯ざわり	歯触り
はし	橋	端	箸	椅	磴
はしうら	橋占	端裏
はしおき	箸置き	はし置き
はしかけ	橋かけ	橋掛け
はしがかり	橋懸	橋懸かり	橋掛かり	橋掛り
はしがき	端書	端書き
はしぎわ	橋ぎわ	橋際
はしくれ	端くれ	端れ
はしぐい	橋ぐい	橋坑	橋杙	橋杭
はしけ	艀	艀船
はしげた	橋げた	橋桁
はしご	梯子	階子	梯
はしござけ	梯子酒	梯酒	はしご酒
はしごしゃ	梯子車	はしご車
はしごだん	梯子段	梯段	階子段	はしご段
はしごのり	梯乗り	梯子乗り
はしごみち	梯子道	はしご道
はしたがね	端金	はした金
はしため	婢女	卑女	端女
はしづかい	箸づかい	箸遣い
はしづくり	橋づくり	橋作り
はしづめ	橋詰	橋詰め
はしばこ	箸箱	はし箱
はしばし	端々	端ばし	端端
はしばみいろ	ハシバミ色	榛色
はしまわり	橋回り	橋廻り
はしむこう	橋向う	橋向こう
はしゃぎごえ	燥ぎ声	はしゃぎ声
はしやすめ	箸休め	はし休め
はしゅ	播種	は種
はしょく	播殖	波蝕	波食
はしりい	走り井	走井
はしりおさめ	走りおさめ	走り収め
はしりがき	走りがき	走り書き	走書き
はしりたかとび	走高跳	走り高跳び	走り高飛び
はしりづかい	走り使い	走使い
はしりづゆ	走り梅雨	走梅雨
はしりはばとび	走幅跳	走り幅跳び	走り幅飛び
はじ	端	把持	黄櫨	土師	愧	羞	恥
はじかみ	波士加美	波自加彌
はじき	土師器	弾き
はじきおん	弾き音	はじき音
はじきまめ	弾き豆	はじき豆
はじきゆみ	弾き弓	はじき弓
はじけまめ	弾け豆	はじけ豆
はじさらし	恥さらし	恥晒し	恥曝し
はじぞめ	黄櫨染	黄櫨染め
はじまり	始まり	初まり	創まり	始り
はじめ	始め	初め	始メ	始	初
はじめごろ	初めごろ	初め頃
はじめね	始め値	始値
はじゃ	葉茶	破邪
はじゃく	端尺	羽尺
はじょう	波状	波上
はじらい	恥じらい	羞じらい	羞らい
はじらいがお	恥じらい顔	羞じらい顔
はじらいぐも	羞じらい雲	はじらい雲
はす	斜す	斜	蓮	鰣
はすい	破水	破粋
はすいけ	ハス池	蓮池
はすう	端数	歯数	羽数	波数
はすかい	斜かい	斜交い
はすくち	蓮口	はす口
はすこ	ハス子	はす子
はすば	斜歯	蓮葉
はすむかい	斜向かい	はす向い	はす向かい	斜向い
はすむこう	斜向う	斜向こう	はす向こう
はすれ	葉摺れ	葉擦れ
はず	筈	巴豆
はずかしめ	辱しめ	辱め
はずみ	弾み	機み
はずみぐるま	勢車	弾み車	はずみ車
はずり	歯ずり	歯摩り
はずれ	葉ずれ	葉摺れ	葉擦れ	外れ
はずれもの	外れ者	はずれ者
はせい	派生	巴西	波勢
はせん	破線	端銭	破船	波線	派川
はぜ	櫨	沙魚	鯊	黄櫨
はぜつり	ハゼ釣り	鯊釣り
はそく	把捉	波束
はた	端	旗	畑	傍	旌	畠	羽太	側	機
はたあげ	旗揚げ	旗あげ	旗上げ	旗挙	旗挙げ
はたうち	畑打ち	畠打
はたおり	機織	機織り	はた織り
はたきこみ	叩き込み	はたき込み
はたく	波磔	破宅
はたけ	畑	畠	疥
はたけいじり	畑いじり	畑弄り
はたけうない	畑うない	畑耕
はたけしごと	畑仕事	畠仕事
はたけづくり	畑づくり	畑作り	畠作り
はたけもの	畑もの	畑物
はたけわさび	畑ワサビ	畑山葵
はたご	旅篭	旅籠
はたごせん	旅籠銭	旅篭銭
はたごや	旅籠屋	はたご屋	旅篭屋
はたさく	畠作	畑作
はたざお	旗ざお	旗棹	旗竿
はたしあい	果たし合い	果し合い
はたしじょう	果し状	果たし状
はたじるし	旗印	旗標
はたすすき	旗ススキ	旗薄
はたそで	端袖	鰭袖
はたち	二十	畑地	二十歳	畠地
はたなか	畠中	畑中
はたばこ	葉タバコ	葉たばこ	葉煙草
はたふり	旗振り	旗ふり
はため	ハタ目	傍目	はた目	はた眼
はたもち	旗持	旗持ち
はたもと	旗本	旗下
はたらき	働らき	用き	働き
はたらきあり	働きあり	働きアリ	働き蟻
はたらきかけ	働きかけ	働き掛け
はたらきがい	働きがい	働き甲斐
はたらきぐち	働き口	はたらき口
はたらきざかり	働き盛り	働きざかり
はたらきづめ	働きづめ	働き詰め
はたらきて	働き手	はたらき手
はたらきばち	働きばち	働きバチ	働き蜂
はたらきもの	働きもの	働き者
はたん	破たん	破綻	巴旦
はだ	肌	肌膚	膚
はだあい	肌あい	肌合	肌合い
はだあれ	肌あれ	肌アレ	肌荒れ
はだいろ	肌色	はだ色
はだうき	肌ウキ	肌浮き
はだえ	膚	肌
はだおち	肌落ち	はだ落ち
はだか	裸	躶
はだかいわし	裸いわし	裸鰯
はだかぎ	裸木	はだか木
はだかじろ	裸城	はだか城
はだかまつり	裸祭	裸祭り
はだかむぎ	裸麦	はだか麦
はだかんぼ	裸んぼ	裸坊
はだきめ	肌キメ	肌木目
はだぎ	肌着	はだ着
はだこり	肌コリ	肌凝り
はだざわり	肌ざわり	肌触り
はだし	裸足	跣
はだしたび	裸足足袋	跣足袋
はだつけ	肌付	肌付け
はだつや	肌つや	肌艶
はだづくり	肌づくり	肌作り
はだなじみ	肌なじみ	肌馴染み
はだなめずり	肌なめずり	肌舐めずり
はだぬぎ	肌ぬぎ	肌脱ぎ
はだめ	肌目	はだ目
はだれゆき	斑雪	はだれ雪
はだん	破断	破談
はち	蜂	鉢
はちあげ	鉢上げ	鉢あげ
はちあわせ	ハチ合わせ	鉢あわせ	鉢合せ	鉢合わせ
はちうえ	鉢植え	鉢植	はち植え
はちがえ	鉢換え	鉢替え
はちがた	鉢型	鉢形
はちきゅうしょく	8級職	八級職
はちく	淡竹	破竹
はちたい	8耐	八耐
はちたたき	鉢叩	鉢叩き
はちどり	蜂鳥	はち鳥
はちのす	ハチの巣	蜂の巣	はちの巣
はちぶんぎざ	はちぶんぎ座	八分儀座
はちまき	ハチ巻き	鉢巻	鉢巻き	はち巻き
はちみつ	ハチ蜜	蜂蜜	はち蜜
はちゅう	ハ虫	爬虫	は虫
はちゅうるい	爬虫類	は虫類
はちょう	波長	刃長	破調
はっか	発火	白化	白華	薄荷
はっかく	八角	発覚
はっかけ	歯っかけ	歯っ欠け	齒かけ
はっかゆ	ハッカ油	薄荷油	はっか油
はっかん	発刊	発汗	発艦
はっき	発揮	發揮	発輝	八起	発機	白旗
はっきゅう	発給	白球	薄給
はっきん	白金	発禁	白筋	薄筋
はっく	八苦	白駒
はっけん	発見	發見	発券	白繭	白鍵
はっこう	発行	発効	発光	発向	発酵	醗酵	醱酵	八紘	八荒	薄倖	薄幸	博洽	発航	白光	はっ酵	はつ酵
はっしゃ	発射	発車
はっしゅう	八洲	八州
はっしょう	発祥	発症	発蹤
はっしん	八進	発信	発進	発振	発疹	発震
はっしんき	発信機	発振機	発信器	発振器
はっすい	撥水	はっ水
はっせい	発生	発声	發聲
はっせいがく	発生学	発声学
はっそう	発想	発送	発走	發想	撥草	発喪
はったつ	発達	發達
はってん	発展	発てん	發展
はっと	法度	発途
はっとう	八倒	撥鐙
はっぱ	発破	葉っぱ	葉ッぱ
はっぴょう	発表	發表
はっぷ	発付	発布	發布	髪膚
はっぷん	発奮	発憤
はっぽう	八方	発砲	発ぽう	発泡	発疱	八宝	八法
はっぽうしゅ	発砲酒	発泡酒
はつ	初	鈸	撥	般	髪
はついく	発育	發育
はつうぐいす	初うぐいす	初鶯
はつうり	初売	初売り
はつえん	発炎	発煙
はつえんとう	発炎筒	発煙筒
はつおん	発音	撥音
はつがい	初買	初買い
はつがつお	初がつお	初ガツオ	初鰹
はつがま	初がま	初窯	初釜
はつがん	発がん	発ガン	発癌
はつがんせい	発がん性	発ガン性	発癌性
はつがんせいぶっしつ	発がん性物質	発ガン性物質
はつぎ	発議	發議
はつげん	発言	發言	発現	撥弦
はつご	発悟	発語	初仔	初子
はつしぐれ	初しぐれ	初時雨
はつじょう	発情	発条
はつせり	初セリ	初競り
はつちょう	初丁	初帳
はつなり	初なり	初生り
はつね	初音	初値	初子
はつめい	発明	髪名
はつもうで	初詣で	初もうで	初詣
はつもの	初もの	初物
はつや	葉つや	葉艶
はつゆき	初雪	はつ雪
はつらい	発来	発雷	発蕾
はつりこう	削り工	はつり工
はつりめ	把釣孔	はつり孔
はて	涯て	果	涯	果て
はてし	果てし	果し
はでごのみ	派手好み	はで好み
はと	鳩	波戸	波止
はとう	把頭	波濤	波頭
はとざ	鳩座	はと座
はとは	ハト派	鳩派	はと派
はとば	波止場	波戸場	鳩羽
はとむぎ	鳩麦	はと麦
はとむね	ハト胸	鳩胸	はと胸
はとめ	鳩目	はと目
はどう	波動	波導	覇道
はどめ	歯止め	歯どめ	歯止
はな	花	華	洟	鼻	端
はなあかり	花明かり	花明り
はなあて	花あて	花当て	鼻当て
はなあらし	花あらし	花嵐
はなあわせ	花あわせ	花合せ	花合わせ
はないかだ	花いかだ	花筏
はないけ	花活け	花生け	花生
はないちもんめ	花一匁	花いちもんめ
はないばら	花いばら	花茨
はないれ	花入れ	花入
はなうがい	鼻うがい	鼻嗽
はなうさぎ	花うさぎ	花兎
はなうた	ハナ歌	鼻歌	鼻うた	鼻唄	はな歌
はなおけ	花おけ	花桶
はなおち	花落	花落ち
はなおわり	花終わり	花終り
はなかけ	鼻欠け	鼻缺け
はなかげ	花かげ	花影	花蔭	花陰
はなかご	花かご	花篭	花籠	花轎
はなかざり	花かざり	花飾り
はなかぜ	鼻かぜ	鼻風邪
はなかつお	花かつお	花カツオ
はなかつら	花縵	花鬘
はなかんむり	花かんむり	花冠
はながさ	花傘	花がさ	花笠
はながた	花形	花がた	花型
はながつお	花がつお	花ガツオ	花鰹
はながら	花がら	花柄	花殻
はながり	花狩	花狩り
はなぎ	鼻木	鼻縄
はなくそ	鼻くそ	鼻クソ	鼻屎	鼻糞
はなくらべ	花くらべ	花比べ
はなぐし	花ぐし	花櫛
はなぐすり	鼻ぐすり	鼻薬	はな薬
はなぐもり	花ぐもり	花曇	花曇り
はなことば	花言葉	花ことば
はなごよみ	花ごよみ	花暦	華古与見
はなさき	鼻先	鼻さき	花さき	花咲き
はなざかり	花盛り	花ざかり
はなし	話	噺	咄	話し
はなしあい	話し合い	話合い	話し合
はなしか	咄家	噺家	はなし家
はなしがい	放し飼い	放飼	離し飼い	はなし飼い
はなしぐせ	話しグセ	話し癖
はなしことば	話し言葉	話しことば	話言葉
はなしごえ	話し声	話しごえ	はなし声
はなしぼん	噺本	咄本
はなしる	洟汁	鼻汁
はなすじ	花筋	鼻すじ	鼻筋
はなすすき	花すすき	花薄
はなすすり	洟啜り	鼻すすり
はなずし	花ずし	花寿司
はなぞめ	花染	花染め
はなたちばな	花橘	花たちばな
はなたて	花立	花立て
はなたば	花束	花たば
はなたらし	洟垂らし	はな垂らし
はなたれ	洟たれ	洟垂れ	鼻垂れ	はな垂れ
はなだい	花代	花鯛
はなだいろ	縹色	はなだ色
はなだま	花珠	花球
はなだより	花だより	花便り
はなったらし	洟っ垂らし	鼻っ垂らし
はなったれ	洟ったれ	洟っ垂れ
はなつまみ	鼻つまみ	鼻摘み
はなづくし	花尽くし	花尽し
はなづくり	花づくり	花作り
はなづな	花づな	花綱	花綵	鼻綱
はなづまり	鼻づまり	鼻詰まり
はなづら	鼻面	鼻づら
はなどき	花どき	花時
はなどめ	花留	花留め
はなにら	花にら	花ニラ	花韮
はなの	花野	花
はなばさみ	花ばさみ	花鋏
はなばたけ	花畑	花ばたけ	花畠
はなばち	花鉢	花蜂
はなばな	花々	花ばな
はなひげ	鼻ひげ	鼻髭
はなびし	花菱	華菱	花火師
はなびら	花びら	花ビラ	花平	花弁
はなぶさ	花ぶさ	花房	英
はなまがり	鼻曲がり	鼻曲り
はなまつり	花祭り	花まつり	花祭
はなまめ	花マメ	花豆
はなまる	花マル	花丸
はなみ	花見	歯並	歯なみ	歯並み	羽並	羽並み	花実
はなみず	ハナ水	鼻水	洟水	鼻みず	はな水
はなみょうが	花ミョウガ	花茗荷
はなむけ	贐	餞け	餞
はなむこ	花むこ	花婿	花聟
はなむしろ	花筵	花蓆
はなもち	鼻持ち	鼻持	花持ち	鼻もち
はなもの	花もの	花物
はなや	花屋	花や
はなやしき	花屋敷	花やしき	華屋敷
はなゆめ	花ゆめ	花夢
はなよめ	花嫁	花よめ
はならび	歯並び	歯ならび
はなれじま	離れ島	はなれ島
はなればなれ	離ればなれ	離れ離れ
はなれや	離れ家	離れ屋	離家
はなれわざ	放れ業	離れわざ	離れワザ	離れ技	離れ業	はなれ技
はなわ	花輪	鼻輪	花環
はなわさび	花わさび	花ワサビ	花山葵
はにかみ	含差み	含羞み
はにわがお	ハニワ顔	埴輪顔
はぬき	歯ぬき	歯抜き	葉抜き
はね	羽根	跳ね	羽	翅	撥ね
はねあげ	ハネ上げ	跳ねあげ	跳上	跳ね上げ
はねあり	羽根あり	羽根蟻
はねうちわ	羽うちわ	羽根団扇
はねかくし	羽隠し	隠翅虫
はねかざり	羽根飾	羽根飾り	羽飾り
はねがき	羽がき	羽掻き
はねぎ	葉ネギ	葉葱	葉ねぎ
はねぐるま	羽根車	はね車
はねこみ	ハネ込み	跳ね込み
はねず	朱華	唐棣
はねだし	ハネ出し	撥ね出し
はねつき	刎ね突き	羽根突き
はねばし	拮橋	跳ね橋	はね橋
はねばたき	羽根ばたき	羽根叩き
はねび	跳ね火	はね火
はねぶとん	羽布団	羽根布団	羽根蒲団	羽蒲団
はねぼうき	羽ぼうき	羽箒
はねもの	撥ね物	撥物
はは	母	妣
ははいぬ	母イヌ	母犬
ははうし	母ウシ	母牛
ははがめ	母ガメ	母亀
ははがわり	母がわり	母代わり
ははきぎ	帚木	箒木
ははぎつね	母ぎつね	母ギツネ	母狐
ははくじら	母クジラ	母鯨
ははぐま	母グマ	母熊
ははこ	母娘	母仔	母子
ははざる	母ザル	母猿
ははちがい	母ちがい	母違い
ははどり	母鳥	母鶏
ははにわとり	母ニワトリ	母鶏
ははねこ	母ネコ	母猫
ははば	刃幅	歯幅
ははばなれ	母ばなれ	母離れ
ははまかせ	母まかせ	母任せ
ははもの	母もの	母物
ははやぎ	母ヤギ	母山羊
ははゆずり	母ゆずり	母譲り
はば	幅	巾
はばかり	厠	憚り
はばき	巾木	幅木	脛巾
はばぐい	幅ぐい	幅杭
はばとび	幅跳び	幅とび	幅跳	幅飛	幅飛び
はばへん	巾偏	はば偏
はびき	刃引	刃引き
はびん	破びん	破瓶
はふ	羽布	破風	覇府
はふるい	葉フルイ	葉ふるい
はぶ	波布	飯匙倩	飯匙情
はぶすま	刃襖	刄襖
はぶり	羽振り	羽ぶり
はほり	葉ほり	葉堀り	葉掘り
はぼう	破帽	破防
はま	浜	破魔
はまうつぼ	浜靫	列当
はまおぎ	浜おぎ	浜荻
はまおもと	浜おもと	浜万年青
はまおり	浜下	浜降り
はまき	葉巻	葉巻き
はまきたばこ	葉巻きタバコ	葉巻き煙草	葉巻きたばこ
はまぐり	蛤蜊	文蛤	蛤
はまぐりば	蛤刃	蛤端
はましぎ	浜しぎ	浜鴫
はまなし	浜ナシ	浜梨
はまなす	玫瑰	浜なす	浜茄子
はまべ	浜辺	浜べ	濱辺	濱邉
はまやき	浜焼	浜焼き
はまゆう	浜ゆう	浜木綿
はまりぐみ	嵌まり組	はまり組
はまりやく	ハマり役	ハマリ役	嵌まり役	嵌り役	はまり役
はみ	銜み	馬銜
はみうけ	銜受	銜受け
はみがき	歯磨き	歯みがき	歯ミガキ	歯磨
はみだし	食み出し	はみ出し
はむし	羽虫	葉虫
はむしゃ	端武者	葉武者
はむら	葉むら	葉叢
はめ	羽目	破目	葉芽
はめあい	嵌め合い	嵌合い
はめいた	破目板	羽目板	はめ板
はめえ	嵌め絵	はめ絵
はめき	嵌め木	嵌木
はめこみ	嵌め込み	嵌込み	篏め込み	はめ込み
はめころし	嵌め殺し	嵌殺し
はめごろし	嵌め殺し	はめ殺し
はめて	ハメ手	填め手
はめわざ	嵌め技	はめ技
はめん	波面	破面
はもと	歯元	刃元
はもの	刃物	刃もの	端物	葉物
はもん	破門	刃文	刃紋	葉紋	波紋
はや	鮠	早
はやあがり	早アガリ	早上がり
はやあし	早足	速あし	速歩	速足
はやあるき	早歩き	速歩き
はやうち	早打ち	早撃ち
はやうまれ	早生まれ	早生れ
はやおき	早おき	早起き
はやかご	早かご	早駕籠
はやがき	早書き	速書き
はやがわり	早がわり	早変り	早変わり	早替り	早替わり
はやく	破約	夙く	既く	端役	早く
はやざき	早ざき	早咲き
はやし	林	囃	囃子
はやしかた	囃子方	はやし方
はやしことば	囃し言葉	囃子ことば	囃子詞	はやし言葉	はやし詞
はやじに	早死に	早死
はやじまい	早じまい	早仕舞	早仕舞い
はやたま	早玉	速玉
はやとちり	早とちり	早トチリ
はやね	早寝	早ね
はやばん	早版	早番
はやびき	早弾き	早引き	早退き
はやびけ	早引け	早退け
はやま	端山	羽山	葉山
はやまき	早まき	早蒔き
はやむき	早むき	早剥き
はやり	流行	流行り
はやりうた	ハヤリ歌	流行歌	はやり歌	はやり唄
はやりかぜ	流行風邪	はやり風邪
はやりことば	ハヤリ言葉	流行り言葉	流行言葉	はやり言葉
はやりすたり	流行りすたり	流行り廃り	はやり廃り
はやりっこ	流行児	はやりっ子	はやりツ児
はやりめ	流行眼	流行目	はやり目
はやりもの	流行り物	流行りモノ	はやり物
はやわかり	早分かり	早わかり	早分り
はやわざ	早技	早業
はやわり	早割り	早割
はら	肚	胎	腹	原
はらあて	腹当	腹当て
はらあわせ	腹あわせ	腹合せ	腹合わせ
はらい	払い	払	祓い	祓
はらいうけ	払い受け	払受
はらいがい	払いがい	払い甲斐
はらいこみ	払込み	払込	払い込み	払いこみ
はらいこみきげん	払込み期限	払込期限	払い込み期限
はらいこみきじつ	払い込み期日	払込み期日	払込期日
はらいこみづき	払い込み月	払込み月	払込月
はらいこみほうほう	払込み方法	払込方法	払い込み方法
はらいごし	払腰	払い腰
はらいさげ	払い下げ	払いさげ	払下	払下げ
はらいずみ	払済	拂濟
はらいせ	腹いせ	腹癒せ
はらいだし	払い出し	払出	払出し
はらいだしきんがく	払い出し金額	払出し金額	払出金額
はらいだしにん	払い出し人	払出し人	払出人
はらいだしび	払出日	払い出し日	払出し日
はらいっぱい	腹一杯	腹いっぱい
はらいもどし	払い戻し	払戻	払戻し
はらいもどしがく	払い戻し額	払戻額	払戻し額
はらいもどしきん	払い戻し金	払戻金	払戻し金
はらいもどしきんがく	払い戻し金額	払戻金額	払戻し金額
はらいもどしげっすう	払い戻し月数	払戻月数	払戻し月数
はらいもどししんせい	払戻し申請	払い戻し申請	払戻申請
はらいもどしほうほう	払戻し方法	払い戻し方法	払戻方法
はらいわたし	払い渡し	払渡	払渡し
はらおこし	腹おこし	腹起こし	腹起し
はらがけ	腹がけ	腹掛	腹掛け
はらがわり	腹変り	腹変わり
はらきり	腹切	腹切り
はらげい	胆芸	腹芸
はらごしらえ	腹ごしらえ	腹拵え
はらだち	腹だち	腹立ち
はらちがい	腹ちがい	腹違い
はらちら	腹ちら	腹チラ
はらっぱ	原っぱ	原つぱ	原ッぱ
はらつぎ	腹接ぎ	腹継ぎ
はらつづみ	腹つづみ	腹鼓
はらづもり	肚づもり	腹づもり	腹積もり	腹積り
はらばい	腹ばい	腹這い	腹這
はらびれ	腹びれ	腹ビレ	腹鰭
はらぺこ	腹ぺこ	腹ペコ
はらまき	腹まき	腹巻	腹巻き
はらまわり	腹周り	腹回り
はらみいし	孕み石	はらみ石
はらみおんな	孕み女	はらみ女
はらみった	波羅密多	波羅蜜多
はらやぐら	腹櫓	腹矢倉
はらやせ	腹ヤセ	腹痩せ
はらわた	腸綿	腹わた	腹ワタ	腸
はらん	破卵	葉蘭	波乱	波瀾
はり	針	玻璃	鈎	鉤	張り	梁	張	鍼
はりあい	張りあい	張り合	張合	張合い	張合ひ	張り合い
はりあわせ	貼り合わせ	貼合わせ	貼合せ
はりい	針医	鍼医
はりいた	張り板	張板
はりえ	張り絵	貼り絵	貼絵	はり絵
はりおうぎ	張り扇	張扇
はりかえ	張り替え	貼り替え	張替え	貼替え	はり換え
はりかた	張形	貼り方	張り方
はりがかり	針掛かり	針がかり
はりがね	針金	はり金
はりがみ	張紙	貼り紙	貼紙	はり紙	張り紙
はりきゅう	針灸	はり灸
はりぐすり	貼り薬	貼薬
はりこ	張り子	張子	針子
はりこみ	張り込み	張込み
はりさし	針刺し	針さし	針刺
はりしかけ	ハリ仕掛け	針仕掛け
はりした	梁下	はり下
はりじまい	張り仕舞い	張り終い
はりすう	ハリ数	針数
はりたて	針立	針立て
はりだこ	針だこ	針胼胝
はりだし	張り出し	張出	張出し
はりつけ	貼付	貼り付け	張りつけ	貼付け	磔	張り付け
はりつけかた	張り付け方	貼り付け方
はりつけようし	貼付用紙	張り付け用紙	貼り付け用紙	貼付け用紙
はりて	張り手	張手
はりとび	針とび	針飛び
はりどめ	張り止め	針止め
はりぬき	張り抜き	張抜き
はりねずみ	蝟	針ねずみ	針ネズミ	針鼠
はりばこ	貼り箱	貼箱	針箱
はりばん	張番	張り番
はりふだ	張り札	貼りふだ	貼り札
はりべら	針べら	針篦
はりぼて	張ぼて	張りぼて
はりまぜ	張り混ぜ	張交	張混ぜ	貼り雑ぜ	貼雑ぜ
はりみせ	張り店	張り見世	張店	張見世
はりもぐら	針もぐら	針土竜
はりもの	張り物	張物
はりわさび	針わさび	針山葵
はるがすみ	春霞	春がすみ
はるこま	春こま	春駒
はるごろ	春ごろ	春頃
はるさき	春先	春さき
はるつげ	春告	春告げ
はるべ	春べ	春方	春辺
はるまき	春巻き	春まき	春巻	春蒔き
はるまつり	春まつり	春祭り
はるもの	春物	春もの
はるやすみ	春休み	はる休み
はれ	晴	晴れ	腫れ
はれぎ	晴れ着	晴着
はれしょく	晴れ食	晴食
はれすがた	晴れ姿	晴姿
はれつづき	晴れつづき	晴れ続き
はれま	晴れ間	晴間
はれもの	腫れもの	腫れ物	腫物	はれ物
はろう	破牢	波浪
はわさび	葉わさび	葉ワサビ	葉山葵
はわたり	刃渡り	刃渡
はん	汗	班	藩	恨	半	煩	販	範	版	榛	判	反
はんあい	汎愛	泛愛
はんい	範囲	範圍	反意	叛意	犯意	藩医	はん囲
はんいん	半印	班員
はんえい	反映	繁栄	繁榮	繁永	反影	反英	藩営
はんえり	半衿	半襟
はんか	汎化	犯科	半可	半果	半跏	反歌	頒価	般化
はんかい	半壊	半解	半開	反回	班会	阪堺
はんかく	反核	半角
はんかん	反感	半乾	半官	反間	繁簡	繁閑	藩翰	販管
はんかんすう	汎関数	汎函数
はんが	版画	板画	汎我
はんがく	半額	板額	藩学
はんがた	判型	判形
はんがわき	半がわき	半乾き
はんがん	半眼	半顔	斑岩	判官
はんがんびいき	判官贔屓	判官びいき
はんき	反旗	半旗	叛旗	半季	幡旗	搬器	搬機	半期
はんきゅう	班給	半球	阪九	半休	半弓
はんきょう	反響	反共	半凶
はんきん	半金	藩金	攀禽
はんぎ	板木	版木	反義	半疑	はん木
はんぎゃく	反逆	叛逆
はんぎょ	半魚	半漁
はんぐん	反軍	叛軍	藩軍
はんけい	判型	半径	版形	範型	範形	范型
はんけち	手帕	手帛
はんけつ	判決	盤結
はんけん	版権	半券	判検	半腱
はんげき	反撃	繁劇
はんげん	半減	半舷	半言	半間
はんこ	判子	判こ	判コ	藩庫
はんこう	反抗	反攻	反航	板行	版行	犯行	藩侯	藩公	藩校	頒行	阪高
はんこちゅうしゃ	ハンコ注射	判子注射	はんこ注射
はんこつ	反骨	叛骨	飯骨
はんこま	半コマ	半齣
はんごう	飯ごう	飯盒
はんごん	反魂	返魂
はんごんそう	反魂草	返魂草
はんさ	煩さ	煩瑣	繁鎖
はんさい	半裁	燔祭
はんざい	犯罪	斑犀	版材
はんざつ	煩雑	繁雑
はんし	頒賜	半紙	半死	判士	判旨	判詞	半士	半翅	範士	藩司	藩士
はんしき	版式	範式
はんした	版下	判下
はんしゃ	反射	販社	反社
はんしょう	半焼	反証	汎称	泛称	半生	半商	半鐘	反照	帆檣	斑晶	範唱
はんしょく	播殖	繁殖	蕃殖
はんしょくみん	反植民	反殖民
はんしん	半身	半信	半神	反清	反神	反臣	叛神	叛臣	汎神
はんじ	判事	判示	判時	半字	犯時
はんじつ	半日	反実
はんじもの	判じ物	判じもの
はんじゅ	半寿	藩儒
はんじゅう	半獣	飯汁	飯頭
はんじゅくたまご	半熟卵	半熟玉子
はんじょう	繁昌	繁盛	半畳	半錠	斑状	犯情
はんすう	半数	反すう	反芻	反趨	半數
はんせい	半生	反省	藩政	伴性	半成	藩制
はんせき	版籍	犯跡	藩籍
はんせつ	半切	半截	反切
はんせん	反戦	半仙	藩船	帆船
はんぜい	反噬	半済	反税
はんぜん	判然	半膳
はんそ	反訴	反ソ	藩祖
はんそう	帆走	搬送	半僧	半双	帆装
はんそく	反則	反側	犯則	販促	半側	半足	半速	反足	繁息	蕃息
はんそで	半袖	半そで
はんぞく	藩属	反俗
はんた	煩多	繁多
はんたい	反対	反對	繁体
はんだい	盤台	飯台
はんだん	判断	判斷
はんち	判知	半知	犯地	藩地
はんちく	半ちく	半チク	斑竹	版築
はんちゅう	範ちゅう	範畴	範疇	藩中
はんちょう	半丁	半町	反跳	藩庁	班長
はんつう	汎通	飯桶
はんつき	半月	半つき	半搗	半搗き
はんてい	判定	藩邸	半弟	反帝
はんてん	飯店	反転	半転	半天	半纏	半纒	絆纏	袢纏	斑点	班点	はん点
はんと	反徒	叛徒	版図	藩都	半途
はんとう	半島	反騰	反党	攀登	半透
はんとき	半時	半刻
はんとし	半年	半歳
はんとしばらい	半年払	半年払い
はんとり	判取	判取り
はんとりちょう	判取り帳	判取帳
はんどう	半道	反動
はんどく	判読	繙読	反独	範読
はんない	藩内	班内
はんなき	半泣	半泣き
はんにく	半肉	膰肉
はんにち	半日	はん日	反日
はんにちゆうきゅう	半日有休	半日有給
はんにん	犯人	判任	半人
はんねん	班年	半年
はんのう	反応	半納	半農
はんのき	榛の木	はんの木
はんはば	半巾	半幅
はんはん	半々	半半
はんばい	販売	販買	はん売
はんばく	反ばく	反駁	反幕	半爆	半麦
はんぱ	半端	半ぱ
はんぱく	半拍	半白	斑白
はんぱつ	反発	反撥	汎発
はんひ	判批	藩費
はんびらき	半開き	半びらき
はんぶ	半武	藩部
はんぶん	半分	繁文
はんぷ	帆布	頒布	板斧
はんぷく	反復	反ぷく	反覆	叛服
はんべそ	半べそ	半ベソ
はんぺい	蕃屛	藩兵	藩屏	藩屛
はんぺら	半ぺら	半片
はんぺん	半平	半片
はんぼ	半簠	半盙
はんぼう	煩忙	繁忙	範防
はんぽ	半歩	反哺
はんぽん	板本	版本
はんまい	半枚	飯米
はんみん	判民	半民
はんめい	判明	反命	班名	藩命
はんめん	反面	半面	板面	版面
はんもく	反目	半目
はんもと	板元	版元
はんもん	反問	煩悶	半文	斑文	斑紋
はんや	反耶	半夜
はんやく	反訳	半役
はんよう	汎用	半妖	繁用	繁養	はん用
はんらん	氾らん	氾濫	反乱	反亂	叛乱	はん濫
はんり	半里	藩吏
はんりょ	伴りょ	伴侶	煩慮
はんりょう	半量	半両	半猟	藩領	蟠龍	飯量
はんれい	判例	凡例	反例	斑れい	斑糲	範例
はんれつ	班列	範列
はんろ	販路	反盧	坂路
はんろう	煩労	藩老
はんろん	反論	氾論	汎論	藩論
ば	場	歯	婆	刃	葉
ばあや	婆や	婆ぁや
ばい	杯	枚	倍	梅	灰
ばいい	売位	陪位
ばいえん	煤烟	煤煙	梅園	ばい煙
ばいか	倍加	倍化	貝貨	売価	梅花
ばいかん	陪観	売官	焙乾	買官
ばいがい	バイ貝	ばい貝
ばいき	売鬼	貝器
ばいきゃく	売却	倍脚
ばいきん	バイ菌	黴菌	ばい菌
ばいさん	煤山	買参
ばいしゃく	媒妁	媒酌
ばいしゅ	貝種	買首
ばいしゅん	買春	売春
ばいしょう	焙炒	焙焦	焙焼	賠償	売笑
ばいしょく	培植	培殖	陪食	売色
ばいしん	陪審	陪臣
ばいせき	陪席	賠責	倍積
ばいせん	焙煎	売扇	売船	媒染	賣扇
ばいちょう	陪冢	陪塚	陪聴
ばいでん	買電	売電
ばいどく	黴毒	梅毒
ばいにく	梅にく	梅肉
ばいはん	売販	賈販
ばいばい	売買	倍々	倍倍
ばいばいしゅん	売買春	買売春
ばいひん	売品	陪賓
ばいべん	買弁	買辦
ばいやく	売約	売薬
ばいよう	培養	媒熔	貝葉
ばいりつ	倍率	倍りつ	売率
ばえ	映え	栄え	蠅	蝿
ばおり	羽織	羽織り
ばか	莫迦	馬鹿	墓
ばかく	馬格	馬革
ばかさわぎ	バカ騒ぎ	ばか騒ぎ	馬鹿騒ぎ
ばかぢから	バカ力	馬鹿力	ばか力
ばかづら	バカ面	馬鹿面	ばか面
ばかり	秤	秤り
ばかわらい	バカ笑い	ばか笑い	馬鹿笑い
ばぎょう	バ行	ば行
ばく	爆	瀑	貘	漠	獏
ばくえん	爆演	爆炎	爆煙
ばくか	麥盉	麦価	麦盉
ばくが	麦芽	麦蛾
ばくき	麥器	麦器
ばくげき	爆撃	駁撃	莫逆
ばくさい	博才	爆砕
ばくさく	爆炸	縛索
ばくしゃ	幕舎	爆射	ばく射
ばくしょ	曝書	幕初
ばくしょう	爆笑	爆傷
ばくしん	爆進	驀進	爆心	幕臣	ばく進
ばくせい	幕制	幕政
ばくせつ	爆窃	駁説
ばくそう	爆走	爆装
ばくだい	莫大	ばく大
ばくち	博奕	博打	賭奕
ばくと	博徒	貘徒
ばくはん	幕藩	麦飯
ばくふ	幕府	瀑布
ばくりゅう	爆龍	麦粒
ばくりょう	幕僚	幕領	曝涼
ばくれつ	爆裂	爆烈
ばくろ	暴露	曝露	ばく露
ばくろう	伯楽	馬喰	博労
ばけ	化け	化けぇ	刷毛
ばけがく	化け学	化学
ばけぎつね	化けギツネ	化け狐
ばけたぬき	化け狸	化狸
ばけみみず	化けミミズ	化け蚯蚓
ばけもの	化け物	化けもの	化物
ばけもん	化けモン	化けもん
ばけやしき	化け屋敷	ばけ屋敷
ばこ	箱	函	匣	筐	筥	筺
ばこう	馬耕	馬甲	馬蝗	馬蟥
ばさし	馬刺	馬刺し
ばさみ	鋏	挟み
ばし	橋	馬歯	箸	椅
ばしご	梯子	梯	階子
ばしゅ	馬主	馬首
ばしょ	場所	場しょ	場処
ばしょく	馬食	馬謖
ばしん	婆心	馬身
ばじ	罵辞	馬耳
ばせい	バ声	罵声	馬政	馬正
ばそく	馬足	馬速
ばそり	馬そり	馬橇
ばた	機	端	旗	畑	旌	畠
ばたあし	バタ足	ばた足
ばたけ	畑	畠
ばたらき	働らき	用き	働き
ばだい	場台	馬代	場代
ばち	撥	鉢	蜂	罰
ばちあたり	罰あたり	罰当たり	罰当り
ばちがい	場違い	場ちがい
ばちがわり	バチ代わり	撥代わり
ばちさき	撥先	ばち先
ばっか	馬っ鹿	馬ッ鹿	幕下
ばっかいさわ	ばっかぃ沢	ばっかい沢
ばっかく	幕閣	麦角
ばっかん	抜管	麦稈
ばっき	伐期	曝気
ばっく	伐区	抜苦
ばっけん	抜剣	幕譴
ばっこ	跋こ	跋扈
ばっこん	抜根	抜魂
ばっし	抜刺	抜歯	抜糸	末子
ばっしょう	拔抄	跋渉	抜抄
ばっすい	抜粋	抜すい	抜萃
ばっそく	罰則	罸則
ばった	飛蝗	蝗虫	蝗
ばったがた	バッタ型	飛蝗型
ばってい	抜釘	末弟
ばってき	抜てき	抜擢
ばっとう	伐倒	抜刀	抜頭	八倒
ばつ	罰	跋	閥
ばつなぎ	場つなぎ	場繋ぎ
ばつま	跋摩	跋魔
ばづくり	場作り	場づくり
ばてい	馬蹄	馬丁
ばとう	罵倒	抜頭	馬踏	馬頭	ば倒
ばな	花	華	洟	鼻	端
ばなし	話	噺	咄	話し
ばなれ	場慣れ	場馴れ	離れ
ばね	羽根	撥条	弾機	発条	跳ね	羽	翅
ばねいた	発条板	ばね板
ばねした	バネ下	発条下	ばね下
ばねじかけ	バネ仕掛	バネ仕掛け	撥条仕掛け	発条仕掛け	ばね仕掛け
ばねばかり	発条秤	ばね秤
ばねゆび	バネ指	発条指	ばね指
ばはい	馬背	馬脊
ばば	馬場	姥	姥ァ	婆あ	婆ァ	婆ア	婆婆	媼	祖母	婆
ばばこ	婆子	ばば子
ばばすぎ	婆杉	媼スギ
ばばぬき	ババ抜き	婆抜き	ばば抜き
ばふ	馬夫	馬布
ばふたげ	場ふたげ	場塞げ
ばぼう	馬房	馬防
ばめ	羽目	破目
ばめん	場面	場めん
ばやし	林	囃	囃子
ばやり	流行	流行り
ばら	薔薇	荊棘	肚	胎	腹	原
ばらい	払い	払	祓い	祓
ばらいろ	バラ色	薔薇色	ばら色
ばらうり	バラ売り	ばら売り
ばらか	薔薇科	バラ科
ばらがら	バラ柄	薔薇柄
ばらすい	バラ水	薔薇水
ばらせん	バラ銭	茨線	ばら線	ばら銭
ばらたなご	薔薇たなご	薔薇鱮
ばらづみ	バラ積み	散積	ばら積
ばらにく	バラ肉	ばら肉
ばらまど	バラ窓	薔薇窓
ばらもん	婆羅門	波羅門
ばり	針	罵詈	張り	鈎	鉤	張	尿
ばりつぼ	尿壷	尿壺
ばりょう	馬料	馬糧
ばれ	晴	晴れ
ばれい	馬齢	馬鈴
ばればなし	破礼咄	破礼話
ばれん	馬簾	馬楝	馬連
ばん	蛮	版	房	鷭	晩	番	盤	判
ばんい	蕃夷	蛮夷
ばんえん	蛮烟	蠻烟
ばんか	晩夏	萬化	万化	万顆	挽歌	番茄	蛮夏
ばんかい	挽回	ばん回
ばんかん	万巻	万感	晩かん	晩柑
ばんがく	万壑	晩学
ばんがた	晩方	ばん方
ばんき	万機	万騎	晩暉	晩期	蛮機
ばんきょ	盤踞	蟠据	蟠踞
ばんきん	板金	万鈞	鈑金	輓近
ばんぎ	板木	盤木
ばんく	万句	万苦
ばんけい	万頃	晩景	盤景
ばんこう	伴行	万紅	万考	蛮行
ばんこく	万国	万斛	蕃国
ばんこつ	万骨	萬骨	蛮骨
ばんこん	晩婚	板根	盤根
ばんごはん	晩ご飯	晩御飯	晩ごはん	晩ゴハン
ばんごはんだい	晩ご飯代	晩御飯代
ばんさい	挽砕	晩歳	板鰓	ばん砕
ばんさん	晩さん	晩餐	晩産
ばんさんかい	晩さん会	晩餐会
ばんざい	万歳	万才	晩材
ばんし	万死	番士	半紙
ばんしゃ	万謝	蛮社
ばんしゅう	晩秋	万衆	蛮習
ばんしょ	板書	番所	蕃書	蛮書
ばんしょう	万象	万松	万障	晩鐘	蕃椒	番匠
ばんしょく	伴食	晩食
ばんじ	万事	萬事
ばんじゃく	盤石	磐石
ばんじょう	万丈	万乗	盤上	板上	番匠
ばんじん	蕃人	蛮人	万人
ばんせい	晩成	万聖	晩生	伴星	晩声	晩聲	蛮声	蛮性	万世	萬世
ばんせん	万川	番宣	番線
ばんそう	伴走	伴奏	伴僧	晩霜	番僧	盤層	絆創
ばんぞく	蕃族	蛮族
ばんたん	万端	播但	播淡	盤端
ばんだい	万代	盤台	番台
ばんち	番地	蕃地	蛮地
ばんちょう	播鳥	番長
ばんてん	半天	半纏	半纒	絆纏	袢纏
ばんとう	番頭	晩冬	晩唐	晩祷	晩禱	晩稲
ばんにん	万人	蛮忍	番人	萬人
ばんば	万馬	輓馬
ばんばんざい	万々歳	万万歳
ばんばんじー	棒々鶏	棒棒鶏
ばんぱく	万博	萬博
ばんぽう	万邦	蛮方	蛮法
ばんみん	万民	萬民	蛮民	蠻民
ばんめし	晩メシ	晩めし	晩飯
ばんや	番屋	盤屋
ばんゆう	万有	蛮勇
ばんらい	万來	万来	万籟	万雷
ばんりゅう	盤竜	盤龍	蟠竜
ばんりょう	晩涼	蟠龍
ばんりょく	万緑	蛮力
ぱい	牌	杯
ぱく	拍	泊
ぱこ	箱	函	匣	筐	筥	筺
ぱちや	パチ屋	ぱち屋
ぱちんこうち	パチンコ打ち	ぱちんこ打ち
ぱちんこぐるい	パチンコ狂い	ぱちんこ狂い
ぱちんこだま	パチンコ玉	ぱちんこ玉
ぱっちりめ	パッチリ目	ぱっちり目
ぱつきん	パツ金	ぱつ金
ぱり	張り	張
ぱん	班	麪包	麵麭	幇	版
ぱんやき	パン焼	パン焼き
ひ	比	火	日	妃	緋	陽	脾	婢	碑	悲	灯	否	飛	杼	梭	桧	非	樋	檜
ひあかり	火あかり	火明かり	火明り
ひあし	日脚	日足	火脚	火足
ひあそび	火遊び	火あそび
ひあたり	日当たり	日当り	陽あたり	陽当たり	陽当り	日あたり
ひあぶり	火あぶり	火炙り	火焙り
ひあわい	庇間	廂間
ひい	緋衣	脾胃	非違	姫
ひいきめ	贔屓目	ひいき目
ひいれ	火入	火入れ
ひいろ	緋色	火色
ひいん	悲引	碑陰	秘印	秘淫	費隠
ひうお	氷魚	干魚	ひ魚
ひうち	火打	火打ち
ひうちいし	火打ち石	火打石
ひうん	悲運	否運	非運	飛雲
ひえ	稗	冷え
ひえい	匪影	飛影
ひえいり	稗入り	非営利
ひえき	裨益	飛駅
ひえこみ	冷えこみ	冷え込み
ひえしょう	冷え性	冷え症	冷性
ひえぬき	冷え抜き	冷抜
ひえむら	冷えムラ	冷え斑
ひおい	日おい	日覆
ひおう	火王	秘奥
ひおうぎ	桧扇	檜扇
ひおけ	火おけ	火桶
ひおこし	火おこし	火起こし	火起し
ひおもて	日おもて	日面
ひか	皮下	悲歌	比価	砒化	飛花	被加
ひかえ	扣	控	控え
ひかえかべ	控え壁	ひかえ壁
ひかえさく	控え策	控策
ひかえしつ	控室	控え室
ひかえちょう	控え帳	控帳
ひかえづな	控え綱	控綱
ひかえばしら	控え柱	控柱
ひかえへい	控え兵	控兵
ひかき	火かき	火掻	火搔	火搔き
ひかく	比較	非核	皮革	被殻	飛角
ひかげ	日陰	日かげ	日蔭	陽かげ	陽陰	日影
ひかり	光	光り
ひかりごけ	光ごけ	光り苔	光苔	光蘚
ひかりだまり	光溜まり	光溜り
ひかりもの	光り物	光りもの
ひかん	避寒	悲観	被患	卑官	樋管	皮管	被官	被管
ひが	彼我	埤雅	非我
ひがい	被害	鰉	ひ害
ひがえ	杼換	杼換え
ひがき	檜垣	菱垣
ひがく	碑学	費額	非学
ひがけ	日掛	日掛け
ひがさ	日傘	日がさ	檜笠
ひがし	東	乾菓子	干菓子
ひがしいる	東入る	東入
ひがしがわ	東側	東がわ
ひがしづめ	東詰	東詰め
ひがしどなり	東隣	東隣り
ひがしまくら	東まくら	東枕
ひがしまわり	東回り	東廻り
ひがしより	東寄り	東より
ひがめ	ヒガ目	僻目	ひが目
ひがら	日がら	日柄	日雀
ひがわり	日替わり	日変わり	日替り
ひがん	彼岸	悲願	飛雁
ひき	曳き	引き	碾き	弾き	挽き	誹毀	誹譏	非毀	丕基	悲喜	避諱	蟇	引
ひきあい	引き合い	引き合	引合	引合い
ひきあけ	引き明け	引明け
ひきあげ	引き上げ	引上げ	引揚	引揚げ	引き揚げ
ひきあて	引当	引き当て	引当て
ひきあみ	引き網	引網	曳き網	曳網
ひきあわせ	引きあわせ	引き合せ	引き合わせ	引合せ	引合わせ
ひきいわい	引き祝い	引祝ひ	引祝	引祝い
ひきうけ	引き受け	引受	引き請け	引受け	引請	引請け
ひきうけけん	引き受け権	引受権	引受け権
ひきうけさき	引き受け先	引受先	引受け先
ひきうけすう	引き受け数	引受数	引受け数
ひきうす	挽き臼	挽臼	碾き臼	碾臼	ひき臼
ひきうた	引き歌	引歌
ひきうたい	弾き唄い	弾き歌い
ひきうつし	引き写し	引き移し	引写し	引移し
ひきおとし	引き落とし	引落	引落し	引き落し	引落とし
ひきおとしび	引き落とし日	引落日	引き落し日
ひきかえ	引換	引き換え	引きかえ	引換え	引替	引き替え	ひき換え
ひきかえし	引き返し	引返し
ひきかえばらい	引き換え払い	引換え払い	引換払	引換払い	引替払
ひきかけ	引き掛け	引掛
ひきがえる	蟇	蟾蜍	ひき蛙
ひきがし	引き菓子	引菓子
ひきがたり	弾き語り	弾きがたり	弾語り
ひきがね	引き金	引きがね	引き鉄	引金	引鉄	銃爪
ひきぐ	引き具	引具
ひきこ	挽き子	挽子	曳子
ひきこみ	引込	引き込み
ひきこみせん	引込線	引き込み線
ひきこもり	引きこもり	引き篭もり	引き籠もり
ひきごこち	引き心地	弾き心地
ひきさかな	引き魚	引さかな
ひきさき	引き裂き	引裂
ひきさげ	引き下げ	引下	引下げ
ひきさり	引去	引去り	引き去り
ひきさりがく	引去り額	引去額	引き去り額
ひきさりきんがく	引去り金額	引去金額	引き去り金額
ひきざん	引き算	引算	ひき算
ひきしお	引き潮	引汐	引潮	退き潮	ひき汐	ひき潮
ひきしめ	引締め	引締	引き締め
ひきすう	引数	引き数
ひきずり	引き摺り	引摺り	引きずり
ひきぞめ	曳き初め	引き初め	弾き初め	弾初	弾初め
ひきたて	碾きたて	挽き立て	引立て	引き立て	引立
ひきたてやく	引き立て役	引立役	引立て役
ひきだし	引き出し	引出	引出し	抽斗	抽出し	ひき出し
ひきちがい	引き違い	引違い
ひきちゃ	挽き茶	挽茶	碾き茶	碾茶	ひき茶
ひきつぎ	引き継ぎ	引継ぎ	引きつぎ	引継
ひきつぎこうもく	引き継ぎ項目	引継ぎ項目	引継項目
ひきつぎさき	引き継ぎ先	引継ぎ先
ひきつぎもと	引き継ぎ元	引継ぎ元
ひきつけ	引き付け	引付	引付け
ひきつづき	ひき続き	引き続き
ひきつり	引きつり	引き攣り
ひきづくり	引き造り	引き作り
ひきづな	引き綱	引綱	曳き綱	曳綱
ひきて	弾き手	引き手	引手
ひきで	引出	引き出
ひきでもの	引出物	引き出物
ひきとり	引取り	引取	引き取り
ひきど	引き戸	引戸
ひきどき	引き時	引時
ひきなおし	引き直し	引直
ひきなみ	引き波	引波
ひきなわ	引き縄	引縄
ひきにく	挽き肉	挽肉	ひき肉
ひきにげ	轢き逃げ	轢逃げ	ひき逃げ
ひきぬき	引き抜き	引抜き
ひきぬの	疋布	ひき布
ひきのばし	引き延ばし	引き伸し	引き延し	引伸	引伸し	引伸ばし	引延し	引延ばし	引き伸ばし
ひきはずし	引き外し	引外し
ひきばん	挽き板	挽板
ひきひも	引きひも	引き紐
ひきふだ	引き札	引札
ひきふね	引き舟	引き船	引舟	引船	曳き船	曳船
ひきまく	引き幕	引幕
ひきまど	引き窓	引窓
ひきまゆ	引き眉	引眉
ひきまわし	引き回し	引回し	引廻	引廻し	曳き回し	曵き回し
ひきめ	引き目	引目
ひきもどし	引き戻し	引戻
ひきもの	引き物	引物	挽き物	挽物
ひきや	挽き家	挽家
ひきゅう	飛球	悲泣	皮丘	緋弓	豼貅	貔貅	避球
ひきょ	飛去	非挙
ひきょう	卑怯	卑きょう	比況	悲境	悲況	秘境	秘教	飛香
ひきょく	悲曲	秘曲	非極
ひきり	火切	火切り	火鑽	火鑽り	燧
ひきわけ	引き分け	引分	引分け	引き分
ひきわた	引き綿	引綿
ひきわたし	引き渡し	引渡	引渡し
ひきわらい	引き笑い	ひき笑い
ひきわり	引き割り	引割	挽き割り	挽割り	碾き割り	碾割り	ひき割り
ひきんぞく	非金属	卑金属
ひぎ	誹議	非議	被疑	秘儀	秘技	秘義	秘議	氷木
ひぎょう	丕業	罷業	飛香
ひぎり	日切	日切り
ひぐち	杼口	火口
ひぐまおとし	羆落し	羆落とし
ひぐらし	日暮らし	茅蜩	蜩	日暮
ひぐり	日繰	日繰り
ひぐれ	日暮れ	日ぐれ	日暮
ひけい	秘計	肥鶏	脾経
ひけぎわ	引け際	退け際
ひけし	火消し	火消
ひけしやく	火消し役	火消役
ひけつ	否決	秘結	秘けつ	秘決	秘訣
ひけどき	引け時	退けどき	退け時
ひけめ	ヒケ目	引け目	負けめ	ひけ目
ひけん	被験	披見	比肩	丕顕	卑見	祕鍵	秘剣	秘鍵	被検	鄙見	飛剣
ひけんしゃ	被験者	被検者
ひげ	卑下	髭	髯	鬚
ひげあと	髭あと	髭跡
ひげいた	ヒゲ板	髭板
ひげおとこ	ヒゲ男	髭男
ひげき	悲劇	飛檄
ひげくじら	鬚鯨	ひげ鯨
ひげそり	ヒゲ剃り	髭そり	髭剃り	ひげ剃り
ひげづら	ヒゲ面	髭づら	髭面	髯面	ひげ面
ひげね	髭根	ひげ根
ひげまじり	髭混	髭混り
ひげん	鄙言	鄙諺	被減
ひこ	日子	毘古	彦	卑狗	曾孫
ひこう	飛行	披講	肥厚	避航	非行	批孔	比考	比高	皮溝	砒鉱	秘口	秘孔	秘肛	罷工	肥効	費耗	非攻	飛蝗	ひ行
ひこく	被告	碑刻
ひこつ	ヒ骨	腓骨
ひこまご	曾孫	ひこ孫
ひこん	非婚	痞根
ひご	庇護	卑語	批語	蜚語	鄙語	非悟	飛語	ひ護
ひごと	日ごと	日毎
ひごろ	日頃	日ごろ
ひさ	費差	飛砂
ひさい	被災	避災	菲才	非才
ひさかたぶり	久方ぶり	久方振り
ひさぎ	楸	楸木
ひさげ	提子	提
ひさご	瓠	瓢
ひさごがた	瓠形	ひさご形
ひさし	廂	裳層	庇
ひさしがみ	庇髪	ひさし髪
ひさしぶり	久しぶり	久し振り
ひさしまつげ	庇睫	ひさし睫毛
ひさつ	被殺	飛札
ひさびさ	久々	久びさ	久久
ひさめ	氷雨	火雨
ひさん	ヒ酸	飛散	悲惨	悲慘	悲酸	砒酸
ひざうえ	膝上	ひざ上
ひざうち	膝射ち	膝打ち	ひざ打ち
ひざうら	膝裏	ひざ裏
ひざかけ	膝かけ	膝掛	膝掛け	ひざ掛け
ひざかな	干魚	ひ魚
ひざがしら	ヒザ頭	膝頭	膝がしら	ひざ頭
ひざぐみ	膝組	膝組み	ひざ組み
ひざげり	ヒザ蹴り	膝蹴り	ひざ蹴り
ひざさら	膝皿	ひざ皿
ひざし	日差し	陽差し	陽射し	日射し	日ざし	陽ざし	日差
ひざした	膝下	ひざ下
ひざたけ	膝丈	ひざ丈
ひざだち	膝立ち	ひざ立ち
ひざつう	膝痛	ひざ痛
ひざづめ	膝づめ	膝詰め	ひざ詰め
ひざのり	膝のり	膝乗り	ひざ乗り
ひざまくら	膝枕	ひざ枕
ひざもと	膝元	膝もと	膝下	膝許	ひざ元
ひし	菱	卑士	彼此	榧子	皮脂	秘史	秘旨	秘詩	被子	避止
ひしお	醢	醤
ひしがた	ヒシ形	菱形	ひし形
ひしごはん	ヒシご飯	菱御飯
ひしばった	菱飛蝗	菱蝗虫
ひしもち	菱餅	ひし餅
ひしゃ	飛車	被写
ひしゃく	柄杓	杓
ひしゅ	匕首	秘酒	脾腫	非修
ひしゅう	匪襲	悲愁
ひしょ	避暑	秘書	秘所
ひしょう	費消	飛しょう	飛翔	卑しょう	卑小	悲傷	卑称	婢妾	比照	秘抄	非晶	非訟
ひしょく	比色	悲色	被食	非職
ひしん	披針	皮疹	被審	非心	飛信
ひじ	秘事	非時	飛耳	肘	肱	臂
ひじあて	肘あて	肘当て	ひじ当て
ひじうち	肘打ち	ひじ打ち
ひじかけ	肘掛け	肘かけ	肘掛	肱かけ	肱懸	肱掛	ひじ掛け
ひじき	羊栖菜	鹿尾菜	肘木
ひじきごはん	鹿尾菜御飯	ひじきご飯	ひじき御飯
ひじきとり	鹿尾菜採り	ひじき採り
ひじきまつげ	ヒジキ睫	ヒジキ睫毛	鹿尾菜睫	ひじきまつ毛
ひじした	肘下	ひじ下
ひじたけ	肘丈	ひじ丈
ひじつう	ヒジ痛	肘痛	ひじ痛
ひじてつ	肘鉄	ひじ鉄
ひじに	乾死	乾死に	干死	干死に
ひじまくら	肘枕	肱枕	ひじ枕
ひじゅん	批准	比準
ひじょ	被除	婢女
ひじょう	非情	皮状	被乗
ひず	氷頭	秘図
ひずみ	歪	歪み
ひずみえ	歪み絵	ひずみ絵
ひずみけい	歪み計	ひずみ計
ひずみとり	歪み取り	ひずみ取り
ひずみりつ	歪み率	歪率
ひせい	批正	秕政	非勢
ひせき	砒石	碑石	秘跡	秘蹟	肥瘠	飛跡
ひせつ	飛雪	皮切	皮節	秘説	飛節
ひせん	卑賎	卑賤	臂釧	非戦	飛泉	飛銭
ひぜめ	火攻め	火責め
ひそ	ヒ素	檜曽	皮疽	砒素
ひそう	悲壮	悲愴	皮そう	皮相	被葬	砒霜	秘想	肥痩	肥瘦	非僧	非想	飛曹	皮層
ひそうかん	悲壮感	悲愴感
ひそみ	顰	顰み
ひそめごえ	顰め声	ひそめ声
ひぞ	秘藏	秘蔵
ひぞう	秘蔵	脾臓	被贈
ひぞく	卑俗	鄙俗	匪賊	卑属	非俗
ひぞっこ	秘蔵子	秘蔵っ子
ひぞり	乾反り	干反り
ひたあやまり	直謝り	ひた謝り
ひたい	顱	額	皮体	避退
ひたいぎわ	額ぎわ	額際
ひたいしょう	非対象	非対称
ひたおし	直押し	ひた押し
ひたかくし	直隠し	ひた隠し
ひたき	鶲	火たき	火焚	火焚き	火焼	火焼き
ひたしじ	浸し地	ひたし地
ひたしつゆ	浸しつゆ	浸し汁
ひたなき	直泣き	ひた泣き
ひたばしり	直走り	ひた走り
ひたやごもり	直屋隠り	ひたや籠もり	ひたや籠り
ひたん	悲嘆	悲歎	飛湍
ひだい	肥大	干鯛
ひだえり	襞襟	ひだ衿	ひだ襟
ひだおく	襞奥	ひだ奥
ひだすき	火襷	緋襷
ひだね	火種	火ダネ
ひだまり	日だまり	日溜まり	日溜り	陽だまり
ひだやま	襞山	ひだ山
ひだりあし	左脚	左足	ひだり足
ひだりうちわ	左うちわ	左団扇
ひだりうで	左腕	左うで
ひだりからげ	左からげ	左絡げ
ひだりがわ	左側	左がわ
ひだりきき	左きき	左利き
ひだりこし	左腰	ひだり腰
ひだりすね	左すね	左脛
ひだりそで	左そで	左袖
ひだりづま	左づま	左褄
ひだりて	左手	ひだり手
ひだりとじ	左とじ	左綴じ
ひだりどなり	左隣	左隣り
ひだりねじ	左ねじ	左螺子
ひだりはし	左端	左はし
ひだりはらい	左はらい	左払い
ひだりひざ	左ひざ	左膝	左ヒザ
ひだりひじ	左ひじ	左ヒジ	左肘	左肱	左臂
ひだりふくらはぎ	左脹脛	左ふくらはぎ
ひだりへり	左へり	左縁
ひだりほお	左ほお	左頬	左頰
ひだりまぶた	左まぶた	左マブタ	左瞼
ひだりまわり	左回り	左まわり
ひだりめ	左目	左眼
ひだりもも	左もも	左腿
ひだりよせ	左よせ	左寄せ
ひだりわき	左わき	左ワキ	左脇
ひだるま	火達磨	火だるま
ひだん	被弾	匪団	避弾	飛弾
ひちょう	悲調	秘帖	腓腸	飛鳥
ひっか	筆下	筆禍
ひっかかり	引っ掛り	引掛かり	引掛り	引っ掛かり	引っかかり
ひっきり	引きり	引っ切り
ひっけん	必見	筆硯
ひっこし	引っ越し	引越し	引っこし	引越	引っ越
ひっこしがく	引っ越し額	引越し額	引越額
ひっこしきんがく	引っ越し金額	引越し金額	引越金額
ひっこしだい	引っ越し代	引越し代	引越代
ひっこしだいきん	引っ越し代金	引越し代金	引越代金
ひっこしひ	引っ越し費	引越し費	引越費
ひっこしひよう	引っ越し費用	引越し費用	引越費用
ひっこしりょう	引っ越し料	引越し料	引越料
ひっこしりょうきん	引っ越し料金	引越し料金	引越料金
ひっこみ	引っ込み	引っこみ	引ツこみ	引込み
ひっさい	筆彩	筆才
ひっさん	筆算	ひっ算
ひっし	必至	筆紙
ひっしゃ	筆写	筆者
ひっしょう	必勝	必笑	逼蒋
ひっしょく	必食	筆蝕	筆触
ひっせい	畢生	筆勢	筆生
ひっせき	筆跡	筆蹟
ひっせん	必戦	筆尖	筆戦	筆洗	筆線
ひったい	筆躰	筆体
ひったくり	引ったくり	引っ手繰り
ひっち	必置	筆致
ひっちゅう	筆誅	匹儔	必中
ひっちょう	必聴	必釣	筆帖	筆調
ひっつめ	引っ詰め	引詰め
ひっつれ	引っつれ	引っ攣れ
ひっとう	筆頭	筆答	筆筒
ひっぱく	逼迫	ひっ迫
ひっぱり	引張	引っ張り
ひっぽう	筆法	筆鋒
ひつぎ	棺	筆技	柩	日嗣	日次	火継	火継ぎ
ひつぎがわり	棺代わり	棺替わり
ひつけ	火付	火付け	火つけ
ひつじ	羊	未
ひつじかい	羊飼	羊飼い
ひつじぐさ	未草	羊草
ひつじぐも	ヒツジ雲	羊雲
ひつじさる	坤	未申
ひつじどし	未年	ひつじ年
ひつじゅ	筆受	必需
ひつぼく	筆墨	筆木
ひつよう	必要	必用
ひづけ	日付	日附	日づけ	日付け
ひてい	否定	比定	飛程
ひてん	飛天	批点	秘典	秘点	非天
ひでり	日照り	日でり	旱
ひでん	悲田	秘伝	飛電
ひでんか	比電荷	妃殿下
ひと	人	他人	費途	女
ひとあし	ひと足	一足	人足
ひとあじ	一味	ひと味
ひとあせ	一汗	ひと汗
ひとあたり	人当り	人あたり	人当たり
ひとあつめ	人集	人集め
ひとあばれ	一暴れ	ひと暴れ
ひとあめ	一雨	ひと雨
ひとあわ	一泡	ひと泡
ひとあんしん	一安心	ひと安心
ひといき	一息	ひと息
ひといきれ	人いきれ	人熱
ひとう	被倒	飛騰	批闘	秘湯	飛頭
ひとえ	一重	単衣	単被	単
ひとおじ	人おじ	人怖じ
ひとおもい	一思	ひと思い
ひとおよぎ	一泳ぎ	ひと泳ぎ
ひとかい	人買	人買い
ひとかかえ	一抱え	ひと抱え
ひとかげ	人影	人かげ	人蔭	人陰	火蜥蜴
ひとかたまり	一固まり	一かたまり	一塊り	一塊	ひと固まり	ひと塊	ひと塊り
ひとかど	一とかど	一廉	一角
ひとがかり	人掛かり	人掛り
ひとがき	人垣	人がき
ひとがた	人型	人形
ひとがら	人柄	人がら
ひときり	人切り	人斬り	人斬
ひときりぼうちょう	人斬包丁	人斬庖丁	人斬り包丁	人斬り庖丁
ひとく	秘匿	避匿
ひとくい	人食い	人くい	人喰い
ひとくくり	一くくり	一括り
ひとくさり	一くさり	一鎖
ひとくせ	一クセ	一癖
ひとくだり	一くだり	一行
ひとくち	一口	ひと口
ひとくもり	一曇り	ひと曇り
ひとけ	人気	人け	ひと気
ひとこえ	一声	ひと声
ひとこし	一腰	一越
ひとこと	一言	一と言	ひと言	一語
ひところ	一頃	一ころ	ひと頃
ひとごと	人ごと	人事	ひと事	他人事
ひとごみ	人ごみ	人ゴミ	人混み	人込み
ひとごろし	ヒト殺し	人殺し
ひとさし	人差し	人さし	人指し	人差	ひと指し
ひとさしゆび	人差し指	人さし指	人指し指	人差指
ひとさらい	人さらい	人攫い
ひとさわがせ	人さわがせ	人騒がせ
ひとさわぎ	一騒ぎ	人騒ぎ	ひと騒ぎ
ひとじに	人死に	人死
ひとじらみ	人じらみ	人虱
ひとすじ	ヒト筋	一筋	一すじ	ひと筋
ひとぞろい	人揃い	ひと揃い
ひとたまり	一たまり	一溜まり	一溜り
ひとたらし	人蕩らし	人誑し
ひとだかり	人だかり	人集り
ひとだま	人魂	人だま
ひとだまり	人だまり	人溜まり
ひとちがい	人ちがい	人違	人違い
ひとっとび	一っ飛び	ひとっ飛び
ひとつおぼえ	ひとつ覚え	一つ覚え
ひとつかみ	一つかみ	一掴み	ひと摑み
ひとつづき	一続き	ひと続き
ひとつまみ	一つまみ	一摘み	一撮み
ひとづき	人付	人付き
ひとづくり	人づくり	人作り	人造り
ひとづて	人づて	人伝て	人伝
ひとてま	一手間	ひと手間
ひとで	人手	人出	海星
ひととおり	一通り	一とおり	ひと通り
ひととき	一時	ひと時
ひとところ	一ところ	一所
ひととなり	為人	人となり
ひとなつ	一夏	ひと夏
ひとなみ	人波	人並	人並み
ひとなれ	人馴れ	人慣れ
ひとにぎり	一握り	ひと握り
ひとねいり	一寝入り	ひと寝入り
ひとねむり	一眠り	ひと眠り
ひとはた	一旗	ひと旗
ひとはだ	人肌	人はだ	人膚
ひとはな	一花	ひと花
ひとばらい	人ばらい	人払い	人掃
ひとびと	人々	人びと	人人
ひとふで	一筆	ひと筆
ひとふでがき	一筆書	一筆書き	ひと筆書	ひと筆書き
ひとふね	一舟	一船
ひとぶた	人ぶた	人豚
ひとべらし	人べらし	人減らし
ひとまえ	人まえ	人前	ひと前
ひとまかせ	人まかせ	人任せ
ひとまぜ	人交ぜ	人雑ぜ
ひとまち	人待	人待ち
ひとまちがお	人待ち顔	人待顔
ひとまとまり	一まとまり	一纏り
ひとまとめ	一まとめ	一纏め
ひとまね	人まね	人真似
ひとまわり	一回り	ひと回り
ひとみ	睛	瞳	人身
ひとむかし	一昔	ひと昔
ひとむすび	一結び	ひと結び
ひとむれ	一群れ	人むれ	人群れ	ひと群れ
ひとめ	一目	一と目	人眼	人目	ひと目	ひと眼	一眼
ひとめぐり	一めぐり	一巡り
ひともうけ	一もうけ	一儲け
ひともし	火ともし	火点し
ひとや	人屋	獄
ひとやく	一役	ひと役
ひとやすみ	一休み	ひと休み
ひとやま	一山	人山
ひとり	1人	一人	孤り	獨り	独り	火取	火取り	火採り
ひとりあそび	一人遊び	ひとり遊び
ひとりあたま	一人頭	ひとり頭
ひとりあるき	独り歩き	一人歩き	ひとり歩き
ひとりい	独り居	ひとり居
ひとりうらない	独り占い	ひとり占い
ひとりおや	一人親	ひとり親
ひとりおやせたい	一人親世帯	ひとり親世帯
ひとりがち	一人勝ち	独り勝ち	ひとり勝ち
ひとりがてん	独り合点	ひとり合点
ひとりがみ	独り神	独神
ひとりきゃく	一人客	ひとり客
ひとりぎめ	独り決め	獨ぎめ	ひとり決め
ひとりぐらし	1人暮らし	1人暮し	一人暮らし	一人ぐらし	一人暮し	独り暮らし	独り暮し	ひとり暮らし	ひとり暮し
ひとりご	独り子	一人子	ひとり子
ひとりごと	一人言	独り言	独りごと	独言	ひとり言
ひとりざけ	一人酒	ひとり酒
ひとりしばい	独り芝居	ひとり芝居	一人芝居
ひとりじめ	独りじめ	独り占め	一人占め	ひとり占め
ひとりずまい	一人住い	一人住まい	独り住まい
ひとりずみ	一人住み	独り住み
ひとりずもう	一人相撲	独り相撲	ひとり相撲
ひとりたび	独り旅	ひとり旅	一人旅
ひとりだち	独り立ち	ひとり立ち
ひとりっこ	一人っ子	独りっ子	ひとりっ子
ひとりどまり	独り泊まり	一人泊まり
ひとりね	一人寝	独り寝	ひとり寝
ひとりのみこみ	独り呑み込み	ひとり呑み込み
ひとりひとり	1人1人	1人ひとり	一人一人	一人ひとり	一人々々	ひとり一人
ひとりぼっち	一人ぼっち	独りぼっち
ひとりまい	一人舞	ひとり舞い	一人舞い
ひとりまえ	一人前	ひとり前
ひとりみ	独り身	ひとり身
ひとりむすこ	一人息子	ひとり息子
ひとりむすめ	一人娘	ひとり娘
ひとりもの	独り者	ひとり者
ひとりよがり	一人よがり	独りよがり	独り善がり
ひとわたり	一わたり	一渡り
ひどう	悲慟	非道	樋道
ひどり	日取り	日どり
ひな	雛	鄙
ひなあそび	雛あそび	雛遊び
ひなあられ	雛あられ	雛霰
ひなうた	鄙歌	ひな歌
ひなかざり	雛飾り	ひな飾り
ひなが	日永	日長
ひながた	雛型	雛形	ひな型	ひな形
ひながも	ヒナ鴨	雛鴨
ひなぎく	雛菊	ひな菊
ひなくもり	日曇	ひな曇り
ひなこうもり	鄙蝙蝠	雛蝙蝠
ひなし	日なし	日済し
ひなた	日向	日なた
ひなたぼっこ	日なたぼっこ	日向ぼっこ
ひなたみず	日向水	ひなた水
ひなだん	ヒナ段	雛段	雛壇	ひな壇
ひなどり	ヒナ鳥	ヒナ鶏	雛鳥	ひな鳥	ひな鶏
ひなにんぎょう	雛人形	ひな人形
ひなまつり	雛祭	雛まつり	雛祭り	ひな祭り
ひなみ	日並	日並み
ひなもり	卑奴母離	夷守
ひなわ	火なわ	火縄
ひなん	避難	非難	批難	疲難
ひにく	皮肉	脾肉	髀肉
ひにち	日日	日にち
ひにん	否認	避妊	避姙	非人	ひ妊
ひねくれもの	捻くれ者	捻ねくれ者	ひねくれ者
ひねりわざ	捻り技	ひねり技
ひのき	檜	桧木	檜木	桧
ひのきづくり	ヒノキ造り	檜づくり	檜造り
ひのきばやし	檜林	ひのき林
ひのきぶたい	桧舞台	ひのき舞台
ひのこ	火の粉	火粉
ひのし	火のし	火熨斗
ひので	日の出	日之出
ひのとひつじ	丁末	丁未
ひのべ	日延	日延べ
ひのまる	日の丸	日ノ丸
ひのめ	日の目	日のめ	陽の目
ひのもと	火の元	日の本
ひはい	疲廃	疲憊	飛灰
ひはぎ	引剝	引剥
ひはく	菲薄	飛白
ひはつ	披髪	飛鉢
ひはん	批判	肥胖
ひば	肥馬	檜葉	乾葉	干葉
ひばい	肥培	非売	非買
ひばく	被爆	被ばく	被曝	飛瀑
ひばくしゃ	被爆者	被曝者
ひばさみ	火ばさみ	火挟	火挟み
ひばし	火ばし	火箸
ひばな	火花	火ばな	火華
ひばら	脾	脾腹
ひばりむすび	雲雀結び	ひばり結び
ひばん	日番	非番	皮板	碑版
ひひ	狒々	狒狒	非々	非非
ひび	日々	日び	日日	皸	皹	罅
ひびき	響き	響	韻き
ひびきあい	響き合い	ひびき合い
ひびきせん	響き線	ひびき線
ひびわれ	ヒビ割れ	罅割れ	ひび割れ
ひふ	皮膚	皮ふ	皮フ	秘府	被布	被風	鄙夫
ひふか	皮膚科	皮ふ科	皮フ科
ひふかい	皮膚科医	皮ふ科医	皮フ科医
ひふがん	皮膚がん	皮膚ガン	皮膚癌
ひふく	被覆	腓腹	被服
ひふん	悲憤	皮粉	肥糞
ひぶ	日歩	日賦	秘部
ひぶくれ	日ぶくれ	火ぶくれ	火脹れ	火膨れ
ひぶせ	火ぶせ	火伏	火伏せ
ひぶた	火ぶた	火蓋
ひぶつ	秘仏	非仏
ひぶん	非分	碑文	飛蚊
ひへん	日偏	火偏
ひべつ	日別	跛鼈
ひべん	皮弁	非弁
ひほう	悲報	秘宝	秘峰	秘方	秘法	緋鵬	非法	飛報
ひぼう	誹謗	非望
ひぼし	干ぼし	干乾	干乾し	日乾	日乾し	日干	日干し
ひま	暇	蓖麻	隙	閑
ひまく	被膜	皮膜
ひまご	曽孫	曾孫	ひ孫	ひい孫
ひまし	蓖麻子	日増し	日まし	日増
ひましゆ	蓖麻子油	ひまし油	ヒマシ油
ひまじん	ヒマ人	暇人	閑人
ひまつ	飛まつ	飛沫
ひまつぶし	暇つぶし	暇潰し
ひまつり	火まつり	火祭	火祭り
ひまひま	暇々	暇暇	隙隙
ひまわりあぶら	ヒマワリ油	向日葵油	ひまわり油
ひまわりがら	向日葵柄	ひまわり柄
ひまわりぐみ	向日葵組	ひまわり組
ひまわりばたけ	向日葵畑	ひまわり畑
ひみず	日不見	火水
ひみつ	秘密	祕密
ひむし	火虫	灯虫
ひめ	日女	姫	比咩	比売	比賣	毘売	毘賣	媛
ひめい	悲鳴	悲めい	碑銘	秘命	非命
ひめいちご	姫いちご	姫苺
ひめがき	姫垣	姫墻
ひめご	姫御	媛語
ひめごと	秘めごと	秘め事	秘事
ひめづか	姫塚	姫塚
ひめのり	ヒメ糊	姫糊
ひめほたる	ヒメ蛍	姫蛍
ひめみこ	王女	姫みこ	姫御子	皇女
ひめゆり	姫ユリ	姫百合
ひめん	罷免	碑面
ひもう	皮毛	被毛	飛毛
ひもくつ	ヒモ靴	紐靴	ひも靴
ひもち	火もち	火保ち	火持ち	日もち	日保ち	日持ち
ひもつき	紐付	紐付き	ひも付き
ひもつち	紐土	ひも土
ひもづくり	紐づくり	紐作り
ひもと	火元	火もと
ひもとおし	紐通し	ひも通し
ひもの	乾物	干物	干もの	檜物	ひ物
ひもむし	紐虫	ひも虫
ひもろぎ	籬	神籬
ひもん	樋門	秘文
ひゃくしょう	百姓	百しょう
ひゃくせつ	百折	百説
ひゃくせん	百戦	百千
ひゃくぶん	百分	百聞
ひゃくよう	百葉	百様
ひゃくれん	百錬	百聯	百連
ひゃっか	百科	百花	百貨	百家
ひゃっかん	百貫	百官
ひゃっきん	100金	百均
ひゃっけい	百景	百計
ひや	火矢	火箭	冷や	冷
ひやあせ	冷や汗	冷汗	ひや汗
ひやかし	冷かし	冷語し	素見	冷やかし
ひやく	飛躍	秘薬	秘鑰	非役	飛駅
ひやけ	日焼け	日灼け	日焦け	陽やけ	陽灼け	陽焼け	日焼
ひやごはん	冷ご飯	冷やごはん	冷やご飯	冷や御飯
ひやざけ	ヒヤ酒	冷や酒	冷酒
ひやしあめ	冷やしあめ	冷やし飴
ひやしちゅうか	冷やし中華	冷し中華
ひやしめん	冷やしめん	冷やし麺
ひやじる	冷や汁	冷汁
ひやとい	日雇い	日雇	日傭	日傭い
ひやといじゅうぎょういん	日雇い従業員	日雇従業員
ひやといはけん	日雇い派遣	日雇派遣
ひやといろうどう	日雇い労働	日雇労働
ひやみず	冷や水	冷水
ひやむぎ	冷や麦	冷麦
ひやめし	冷や飯	冷飯
ひややっこ	冷ややっこ	冷や奴	冷奴
ひゆ	比喩	譬喩
ひょう	表	雹	鏢	飄	豹	票	標	俵	評	平
ひょうい	憑依	表意	氷衣	漂移
ひょういつ	飄逸	ひょう逸
ひょうおん	表音	氷温
ひょうか	評価	苹果	氷菓	氷華	表化
ひょうかい	氷解	氷塊	氷海	漂海
ひょうかく	嫖客	飄客
ひょうが	氷河	馮河
ひょうがい	表外	雹害	ひょう害
ひょうがら	ヒョウ柄	豹柄	ひょう柄
ひょうき	表記	標記	標旗	氷期	驃騎
ひょうきゅう	氷丘	氷球
ひょうぐ	表具	兵具
ひょうぐい	標くい	標杭
ひょうけい	表形	表敬	表けい	表慶
ひょうけつ	氷結	票決	評決	表決	氷穴
ひょうげん	表現	表げん	評言	氷原
ひょうこう	漂行	標高
ひょうご	表語	標語	評語
ひょうごう	標号	表号
ひょうさ	漂砂	票差
ひょうさつ	標札	表札
ひょうざい	表在	表材
ひょうし	表紙	拍子	ひょう紙	幖幟	標幟	びょう紙
ひょうしき	標識	標式	表式
ひょうしつ	漂失	氷質	氷室
ひょうしゃく	氷釈	評釈
ひょうしょう	表彰	評唱	平声	標章	氷床	氷晶	表章	表証	表象
ひょうしょく	氷食	表色
ひょうじ	表示	標示
ひょうじゅん	標準	表準
ひょうじょう	評定	氷上	表情	兵仗	平調
ひょうすう	票数	標数
ひょうせつ	剽窃	氷雪	評説
ひょうせん	漂船	標線
ひょうそ	瘭疽	ひょう疽
ひょうそう	表装	表層	氷艙	裱褙
ひょうそく	平仄	表側
ひょうぞう	氷蔵	氷像
ひょうたん	瓠子	瓢箪	瓢簞	氷炭
ひょうだい	表題	標題
ひょうだいさく	表題作	標題作
ひょうちゅう	標柱	氷柱	表忠	表注	評注	評註	表中
ひょうちょう	標徴	漂鳥	表徴
ひょうてい	標定	評定	表定
ひょうてん	氷点	標点	評点
ひょうでん	評伝	票田
ひょうとう	表頭	剽盗	標灯	氷島	豹頭	氷塔
ひょうど	表土	氷土
ひょうのう	氷のう	氷嚢	氷囊
ひょうはく	表白	漂泊	漂白
ひょうばん	評判	氷板	氷盤
ひょうふ	氷斧	漂布
ひょうぶん	表文	評文
ひょうへん	豹変	氷片	ひょう変
ひょうほう	兵法	氷棚
ひょうぼう	標ぼう	標榜
ひょうめん	氷面	表面
ひょうりゅう	漂流	表流
ひょうりょう	ヒヨウ量	秤量	ひょう量
ひょうれい	氷冷	憑霊
ひょうろう	兵糧	兵粮	漂浪
ひょうろく	兵六	表六
ひょうろくだま	表六玉	兵六玉
ひょっとこがお	ヒョットコ顔	ひょっとこ顔
ひよう	飛揚	費用	日傭	被用	肥養	被傭	飛妖
ひようしゃ	被用者	被傭者
ひよく	肥よく	肥沃	比翼
ひよけ	火除け	火よけ	火除	日よけ	日除	日除け	陽よけ
ひよこいろ	ヒヨコ色	雛色	ひよこ色
ひよこまめ	雛豆	ひよこ豆
ひよどり	鵯	ひよ鳥
ひらあやまり	平謝り	平あやまり	ひら謝り
ひらい	飛来	避雷
ひらうち	平打	平打ち
ひらおし	平押	平押し
ひらおよぎ	平泳ぎ	平泳
ひらおり	平織	平織り
ひらがな	平仮名	平がな
ひらきばしら	葱柱	開き柱
ひらくび	平頚	平頸	平首
ひらぐけ	平ぐけ	平絎
ひらけずり	平けずり	平削り
ひらざむらい	平侍	平士
ひらざや	平ざや	平莢
ひらづくり	平づくり	平作り
ひらなべ	平なべ	平鍋
ひらのし	平のし	平伸し
ひらば	平場	平刃
ひらひも	平ひも	平紐
ひらまさ	平政	平鰤
ひらまめ	平豆	ひら豆
ひらむし	平虫	ひら虫
ひらめ	平目	比目魚	鮃
ひらめがお	ヒラメ顔	鮃顔
ひらめきん	ヒラメ筋	平目筋
ひらめづり	ヒラメ釣り	平目釣り
ひらもの	平もの	平物
ひらや	平屋	平家
ひらやすり	平ヤスリ	平鑢
ひり	鄙俚	非理
ひりき	非力	菲力
ひりゅう	脾粒	飛流	飛竜	飛龍
ひりょう	肥料	ひ料
ひりょく	非力	臂力
ひりん	賁臨	批林	比倫	比鄰	碑林	比隣
ひる	昼	蒜	蛭	晝	午
ひるあんどん	昼行灯	昼行燈
ひるがお	旋花	昼顔
ひるげ	昼げ	昼餉	昼食
ひるごはん	昼御飯	昼ご飯	昼ゴハン	昼ごはん
ひるごろ	昼ごろ	午頃	昼頃
ひるさがり	昼下り	午下り	昼さがり	昼下がり
ひるざき	昼咲	昼咲き
ひるすぎ	昼過ぎ	昼すぎ	晝すぎ	午過ぎ	午すぎ
ひるどき	昼どき	昼時
ひるね	午睡	昼寝	昼ね	ひる寝
ひるま	昼間	昼ま	ひる間
ひるまえ	昼前	昼まえ
ひるまき	蛭巻	蛭巻き
ひるむしろ	蛭莚	鹿子菜	蛭蓆
ひるめし	昼めし	昼メシ	昼飯	ひる飯
ひるやすみ	昼休み	午休み
ひるれん	昼練	昼錬
ひれ	鰭	比礼	領巾
ひれあし	鰭脚	ひれ足
ひれい	比例	非礼
ひれき	披歴	披瀝
ひれざけ	鰭酒	ひれ酒
ひれつ	卑劣	鄙劣	披裂
ひろ	尋	濶	広
ひろいぐい	拾いぐい	拾い食い
ひろいもの	拾いもの	拾い物	拾物
ひろいや	拾い屋	拾屋
ひろいよみ	拾い読み	ひろい読み
ひろう	疲労	披露	卑陋	鄙陋	非労
ひろがり	広がり	拡がり
ひろがりはば	広がり幅	ひろがり幅
ひろっぱ	広っぱ	広っ原
ひろはば	広幅	広巾
ひろやま	広山	ひろ山
ひわ	秘話	悲話	鶸
ひわい	卑猥	卑わい	鄙猥
ひわだ	桧皮	檜皮
ひわだいろ	檜皮色	桧皮色
ひわだぶき	檜皮葺	檜皮葺き
ひわり	日割り	日割
ひわりがく	日割り額	日割額
ひわりけいさん	日割り計算	日割計算
ひわりけいさんしき	日割計算式	日割り計算式
ひわりしき	日割り式	日割式
ひわりしきゅう	日割り支給	日割支給
ひわりてあて	日割り手当	日割手当
ひわりにっすう	日割り日数	日割日数
ひん	貧	嬪	賓	品
ひんかく	賓客	賓格	品格
ひんきゅう	貧窮	貧究	殯宮
ひんこう	品行	貧鉱
ひんし	品詞	浜死	瀕死	賓師	ひん死
ひんしつ	品隲	品質	稟質
ひんしゅ	品種	賓主
ひんせい	品性	稟性
ひんせん	貧賎	貧賤
ひんど	頻度	貧土
ひんよう	頻用	牝羊
び	日	美	陽	火	微
びい	微意	美衣
びいん	鼻咽	鼻音
びう	微雨	眉宇
びえ	冷え	稗
びえん	美援	美演	美艶	鼻炎	鼻煙
びおん	鼻音	微温	微音	美音
びか	美化	美果	鼻下
びかえ	扣	控	控え
びかん	美観	微官	微寒	微甘	美感
びき	曳き	美姫	引き	碾き	弾き	挽き	引
びきゃく	美脚	飛脚
びきゅう	備給	眉弓
びぎ	美技	美妓
びぎょ	備御	備禦
びく	比丘	魚篭	魚籃	魚籠
びけい	美形	美景
びけし	火消し	火消
びげん	微減	美言
びこ	媚蠱	日子	毘古	彦
びこう	尾行	「微」香	微行	微光	備考	鼻孔	備荒	媚香	微香	美校	鼻腔
びこつ	鼻骨	尾骨
びさい	微細	尾刺	美彩
びさし	廂	裳層	庇
びし	微視	微志	美詞	菱
びしお	醢	醤
びしつ	美質	微質
びしゃく	柄杓	杓
びしゅう	微臭	美醜
びしょう	微笑	微傷	美称	美粧
びしょうがん	微小がん	微小癌	微小ガン
びしょく	美食	微食	美色
びしょぬれ	ビショ濡れ	びしょ濡れ	びしよ濡れ
びしん	微震	美神	美身	鼻唇
びじ	美事	美辞
びじゅつ	美術	美じゅつ	媚術
びじゅつか	美術家	美術科
びじょう	尾状	尾錠
びすい	微酔	美水
びせい	美声	微誠
びせき	美績	微積
びせん	微賎	微賤	美専	美洗	鼻尖
びそ	鼻疽	鼻祖	檜曽
びそう	美僧	美想	美相	美装
びそく	微速	尾側	鼻息
びたい	媚態	顱	額
びたいちもん	鐚一文	ビタ一文	びた一文
びたおし	ビタ押し	びた押し
びたせん	鐚銭	びた銭
びだい	美大	尾大
びだん	美談	尾断
びちゅう	尾虫	微衷
びっくりみず	ビックリ水	びっくり水
びてい	尾てい	尾底	尾骶
びていこつ	尾骶骨	尾てい骨
びと	人	他人	女
びとう	尾灯	微糖
びとく	美徳	美德
びどう	微動	美童	鼻道
びな	毘那	雛
びにく	媚肉	美肉
びにゅう	微乳	美乳
びはだ	美ハダ	美肌
びひん	美品	備品
びふう	微風	美風
びぶつ	微物	美物
びぶん	微分	美文
びほう	弥縫	彌縫	備砲
びぼう	美ぼう	美貌	備亡	備忘
びまん	弥漫	彌漫	瀰漫	び漫
びみ	媚味	美味
びめ	日女	姫	比咩	比売	比賣	毘売	毘賣	媛
びゃくし	辟支	白紫	白芷
びゃくしょう	百姓	百しょう
びゃくだん	白檀	檀木
びゃくれん	白僉	白蘞	白蓮
びゃっこ	白狐	白虎
びや	火矢	火箭
びょう	鋲	票	秒	俵
びょういん	病院	病因
びょううち	鋲打	鋲打ち	びょう打ち
びょうえん	猫苑	病猿
びょうかん	病間	秒間	病患
びょうが	描画	病臥
びょうき	病気	病木	病氣	病期	びょう気
びょうきざみ	秒きざみ	秒刻み
びょうぎ	廟議	病義
びょうく	病苦	病躯	病軀
びょうさい	描彩	病妻	病災
びょうさつ	秒殺	秒札
びょうし	病死	廟祀	病豕	表紙	拍子
びょうしつ	病室	病疾	病質
びょうしゃ	描写	病者	病舎
びょうしょ	廟所	病処
びょうしょう	病床	病牀	屏障	病症	病証	病象
びょうしん	病身	描針	病診	秒針	びょう針
びょうじょく	病蓐	病褥
びょうせい	病勢	病性
びょうそう	病巣	病竈	病僧	病相
びょうそく	秒速	病側
びょうぞう	描像	病像
びょうたい	病態	病体
びょうたん	瓠子	瓢箪	瓢簞
びょうちく	猫竹	病畜
びょうちょう	病徴	病鳥
びょうとう	病棟	猫頭	苗頭
びょうどう	平等	廟堂
びょうのう	病悩	病惱
びょうふ	病夫	病婦	病父
びょうぶ	屏風	屛風
びょうほう	描法	兵法
びょうぼ	廟墓	廟謨	病母
びょうぼつ	病歿	病没
びょうま	病間	病魔
びよう	備要	微恙	美容
びよく	尾翼	美欲	鼻欲	鼻翼
びらくばり	ビラ配り	びら配り
びらめ	平目	比目魚	鮃
びらん	糜爛	び爛
びりあらそい	ビリ争い	びり争い
びりょう	微量	鼻梁
びりん	弥綸	彌綸	美林
びる	蒜	蛭
びれん	尾聯	尾連
びろう	檳榔	蒲葵	鼻漏
びろうど	天鵞絨	天鷲絨
びろく	微禄	美禄	鼻勒
びわ	枇杷	琵琶
びん	便	瓶	壜	鬢	敏
びんかき	鬢掻	鬢掻き
びんが	頻伽	頻迦
びんざさら	拍板	編木
びんざさらまい	編木舞	びんざさら舞
びんしょう	愍笑	憫笑	敏しょう	敏捷
びんじょう	便乗	便乘
びんせん	便箋	便せん	便船	緡銭
びんつけ	鬢つけ	鬢付け	鬢付
びんつけあぶら	鬢付油	鬢付け油
びんづめ	ビン詰め	壜詰	壜詰め	瓶詰	瓶詰め	罎詰め	びん詰	びん詰め
びんらん	紊乱	便覧
びーたん	ビー誕	ヴィー誕
びーだま	ビー玉	ビー球
びーる	麦酒	麥酒
ぴ	日	陽
ぴょう	票	俵
ぴるま	昼間	昼ま	ぴる間
ぴんさつ	ピン札	ぴん札
ふ	府	歩	負	麩	麸	附	桴	腑	賦	巫	訃	譜	斑	付
ふぁっくすばんごう	ファックス番号	FAX番号
ふい	不意	布衣
ふいうち	不意打ち	不意討ち
ふいく	傅育	扶育	不育
ふいご	火鞴	鞴
ふいり	不入り	斑入り	ふ入り
ふいん	府印	府尹	父音	訃音	負因
ふう	風	楓	封
ふうあい	風合い	風あい	風合
ふうあつ	風圧	封圧
ふうい	諷意	風位
ふういん	封印	風韻
ふうえい	諷詠	風営
ふうか	風化	富家	フウ科
ふうかく	風格	風角
ふうかん	封かん	封緘	諷諌	諷諫	風乾	風寒
ふうき	富貴	風紀	風気
ふうきょう	瘋狂	風教	風橋	風況	風狂
ふうきり	封切	封切り
ふうけい	風景	風系
ふうげつ	凮月	風月
ふうこう	封口	風光	風向
ふうさ	封鎖	風砂
ふうさい	風采	風災
ふうし	封止	諷刺	風刺	夫子	風姿
ふうしゅ	封主	風趣
ふうしょう	諷誦	風尚	風衝
ふうしょく	風蝕	風食	風色
ふうしん	風疹	風しん	風信
ふうじ	封じ	封事	諷示
ふうじゅ	諷誦	風樹
ふうじん	風人	風塵
ふうすい	封水	風水
ふうせい	風勢	風声	風成
ふうせつ	風雪	風説
ふうせん	風選	風船
ふうそう	風葬	風霜	風騒
ふうたい	風体	風袋
ふうち	風致	風池
ふうちょう	風潮	風蝶	風鳥	風調
ふうちょうざ	ふうちょう座	風鳥座
ふうてい	風体	風態
ふうてん	瘋癲	風癲
ふうど	風土	風度
ふうどう	風導	風洞
ふうは	風刀	風波
ふうび	風び	風靡
ふうぼう	風ぼう	風貌	風防
ふうゆ	諷諭	風諭
ふうらい	風来	風雷
ふうりん	風鈴	風りん	楓林	風林	風輪
ふうりんそう	風輪草	風鈴草
ふうれい	風霊	風冷
ふうろう	封蝋	封蠟	風浪
ふうん	不運	浮雲
ふえ	笛	不会	不壊	増え
ふえき	不易	賦役
ふえふき	笛ふき	笛吹	笛吹き
ふえん	布衍	敷延	敷衍	赴援	不縁
ふか	孵化	付加	附加	負荷	賦課	鱶	不可	富化	富家	浮華	符化	府下	ふ化
ふかい	不快	府会	付会	附会	腐海
ふかいり	深入り	深いり	深煎り
ふかおい	深か追い	深追い
ふかく	不覚	俯角	不確
ふかし	蒸かし	不可視
ふかしいも	蒸かし芋	蒸し芋	ふかし芋
ふかしなべ	蒸かし鍋	ふかし鍋
ふかせづり	フカセ釣り	ふかせ釣り
ふかぞり	深ぞり	深剃り
ふかつ	賦活	不活
ふかつり	鱶釣	鱶釣り
ふかづめ	深づめ	深爪
ふかで	深傷	深手
ふかなべ	深なべ	深鍋
ふかみ	深み	深味	深見
ふかみどり	深みどり	深緑
ふかん	俯瞰	不堪	不感	不換	付冠	付款	普勧	附款	不完
ふかんしょう	不干渉	不感症
ふがい	不甲斐	腑がい	府外
ふがく	不学	冨嶽	富岳	富嶽	府学
ふき	付記	附記	蕗	葺	葺き	不羈	不覊	不帰	不記	不軌	腐気	不起	袘	吹き	噴	噴き	吹
ふきあげ	吹上げ	吹上
ふきあらい	拭き洗い	ふき洗い
ふきいし	葺き石	葺石
ふきいた	葺き板	葺板
ふきいど	噴井戸	噴き井戸	吹井戸	吹き井戸
ふきうるし	拭き漆	拭漆
ふきかえ	葺き替え	葺替え	吹替	吹替え	吹き替え
ふきかえばん	吹き替え版	吹替え版	吹替版
ふきさらし	吹きさらし	吹き晒し	吹き曝し	吹曝し
ふきしょ	吹き所	吹所
ふきそうじ	ふき掃除	拭き掃除	拭きそうじ
ふきぞめ	吹き染め	ふき染め
ふきだし	吹き出し	吹出	吹出し	噴き出し	ふき出し
ふきだまり	吹きだまり	吹き溜まり	吹き溜り	吹溜まり	吹溜り	ふき溜まり
ふきっさらし	吹きっさらし	吹きっ晒し	吹きっ曝し
ふきつけ	吹き付け	吹付
ふきつち	葺き土	ふき土
ふきでもの	吹出物	吹き出物
ふきとり	蕗取り	拭き取り	ふき取り
ふきながし	吹き流し	吹流し	ふき流し
ふきぬき	吹きぬき	吹き抜き	吹抜き
ふきぬけ	吹き抜け	吹きぬけ	吹抜け
ふきのこし	拭き残し	ふき残し
ふきのとう	蕗のとう	蕗の薹
ふきぶり	吹き降り	吹降り
ふきまき	蕗巻き	ふき巻き
ふきまわし	吹きまわし	吹き回し	吹き廻し	吹回し
ふきむら	拭きムラ	拭き斑
ふきや	吹き矢	吹屋	吹矢
ふきゅう	普及	腐朽	不急	不休	不及	不朽
ふきょう	布教	不況	不興	富強	不協
ふきょく	付曲	負極
ふきよせ	吹き寄せ	吹寄	吹寄せ
ふきわた	拭き綿	ふき綿
ふきん	不均	付近	布巾	附近	賦金
ふぎ	付議	附議	不義	府議
ふく	服	袱	鍑	複	福	腹
ふくい	復位	腹囲	複胃
ふくいん	復員	幅員	福音	副因
ふくえん	復円	復縁	複塩
ふくかん	副官	複管
ふくが	伏臥	腹臥
ふくがい	伏臥位	腹臥位
ふくがん	複眼	復顔
ふくぎょう	復業	副業	複業
ふくけい	副茎	復啓
ふくげん	復元	復原	複弦	ふく元
ふくげんりょく	復元力	復原力
ふくこう	伏閤	匐行
ふくごう	複合	復号
ふくさ	帛紗	服紗	袱紗	覆砂
ふくざい	伏在	服罪
ふくし	副詞	福祉	伏屍	副使	復氏	腹笥	複糸	複視
ふくしき	複式	腹式
ふくしちょう	副士長	副市長
ふくしゃ	複写	輻射	伏射	福者	腹斜	ふく射
ふくしゃねつ	輻射熱	ふく射熱
ふくしゅ	副守	副手
ふくしゅう	復しゅう	復讐	復售	復讎	復習
ふくしょ	復所	副書	副署
ふくしょう	復唱	復誦	副賞	副将	副章	腹症	複勝
ふくしょく	復職	服飾	副食	復食	服色	副職
ふくしん	覆審	副審	腹心	腹臣	複信
ふくじ	服事	副次	服地
ふくじん	副腎	副じん	福神
ふくじんづけ	福神漬け	福神漬
ふくすい	復水	腹水	覆水
ふくすう	複数	ふく数
ふくせい	複製	復姓	副性	副成	副生	服制
ふくせき	復席	復籍
ふくせん	複線	伏線	複占
ふくそう	副葬	輻そう	輻湊	輻輳	服装	服そう	複層	福相	複相	複綜
ふくそく	腹側	腹足
ふくぞう	腹蔵	覆蔵
ふくぞく	服属	複属
ふくたい	副体	複体
ふくたん	腹端	副担
ふくちょう	復調	複調	副長
ふくと	復都	複都	副都
ふくはい	復配	腹背
ふくびき	福引	福引き
ふくふくせん	複々線	複複線
ふくぶん	副文	復文	福分	複文
ふくへき	復辟	腹壁	複壁
ふくべ	匏	瓠	瓢
ふくほう	副砲	福報	複方
ふくほん	複本	副本
ふくみゆすぎ	含みゆすぎ	含み濯ぎ
ふくむ	服務	副務
ふくめい	復命	腹鳴
ふくめに	含め煮	ふくめ煮
ふくめん	覆面	腹面
ふくよう	服用	服よう	服膺	複葉
ふくらしこ	膨らし粉	ふくらし粉
ふくらしば	膨柴	膨ら柴
ふくらはぎ	脹ら脛	脹脛	膨脛	ふくら脛
ふくらはぎたけ	膨脛丈	ふくらはぎ丈
ふくらみ	膨み	膨らみ
ふくり	福利	複利
ふくりゅう	伏流	副流	復溜
ふくりょう	伏竜	伏龍
ふくれがお	膨れ顔	ふくれ顔
ふくれっつら	脹れっ面	膨れっ面	ふくれっ面
ふくれつら	膨れ面	ふくれ面
ふくろ	袋	復路
ふくろあみ	嚢網	袋網
ふくろいり	袋入り	ふくろ入り
ふくろうびん	梟便	ふくろう便
ふくろおり	袋織	袋織り
ふくろがけ	袋がけ	袋掛け
ふくろしぼり	袋搾り	袋絞り
ふくろたけ	袋茸	ふくろ茸
ふくろだたき	袋だたき	袋叩き
ふくろづめ	袋づめ	袋詰	袋詰め
ふくろとじ	袋とじ	袋綴	袋綴じ
ふくろぬい	袋縫	袋縫い
ふくろめん	袋めん	袋麺
ふくろもの	袋もの	袋物
ふくん	夫君	父君
ふぐ	不俱	不倶	不具	河豚	鰒
ふぐさし	フグ刺	フグ刺し	河豚刺し
ふぐん	俘軍	府郡
ふけ	雲油	敷華	普化	雲脂
ふけい	不敬	父系	父兄	婦警	父型	賦形	噴井	府警
ふけいざい	不経済	賦形剤	不敬罪
ふけとり	雲油取り	ふけ取り	雲脂取り
ふけどめ	雲脂止め	ふけ止め
ふけやく	フケ役	老け役	老役	ふけ役
ふけん	府県	不謙	夫権	婦権	布憲	父権
ふけんせい	府県制	父権制	不顕性
ふげん	付言	附言	不言	富源	普現	普賢
ふこ	封戸	巫蠱	府庫
ふこう	不幸	不孝	富鉱	浮光	賦香
ふこく	布告	誣告	富国
ふご	不悟	不語	畚
ふごう	付合	符合	附合	富豪	符号	負号	不合
ふさ	浮渣	房	総
ふさい	付載	附載	夫妻	負債	不才	府債	莆菜
ふさかざり	房飾り	総飾り
ふさく	不作	不錯	斧鑿
ふさすぐり	総酸塊	房酸塊
ふさつ	布薩	賦札
ふさん	不参	布衫
ふざい	不在	負罪
ふし	父子	五倍子	節	付子	腐屍	不死	府市
ふしあな	フシ穴	節穴	ふし穴
ふしあわせ	不仕合せ	不仕合わせ	不幸せ
ふしおり	節織	節織り
ふしおろし	節おろし	節下ろし
ふしかぎ	伏し嗅ぎ	伏嗅
ふしぎ	不思議	不しぎ	不・思・議
ふしくさ	伏し草	伏草
ふしくれ	節くれ	節榑
ふしづけ	節づけ	節付け
ふしど	臥床	臥所
ふしぶし	節々	節節
ふしまち	臥し待ち	臥待
ふしまわし	節回し	節まわし	節廻し
ふしめ	節目	伏し目	伏し眼	伏目	俯目
ふしゃ	不射	富者	巫者
ふしゃく	不惜	譜尺
ふしゅ	浮腫	府主
ふしゅう	不銹	俘囚	腐臭
ふしょう	府省	不承	負傷	不詳	不祥	富商	不肖	不請	付章	夫唱	婦唱	父称
ふしょうち	不正知	不承知
ふしょく	扶植	扶殖	腐しょく	腐蝕	腐食	不織	不食	付繊	父職	腐植
ふしん	普請	腐心	不審	不振	不信	不寝	不臣	扶清	父神	負薪
ふじ	不治	不二	不時	布字	府事	譜字	藤
ふじいろ	藤色	ふじ色
ふじかずら	藤かずら	藤葛
ふじがさね	藤襲	藤襲ね
ふじごろも	藤衣	ふじ衣
ふじだな	藤棚	ふじ棚
ふじつ	不実	富実	富實
ふじづる	藤づる	藤蔓
ふじなみ	藤浪	藤波
ふじねず	藤ねず	藤鼠
ふじのみ	藤の実	藤実
ふじむらさき	藤紫	ふじ紫
ふじゅ	諷誦	不受	腐儒
ふじゅう	付従	附従	不住	腐汁
ふじゅうぶん	不十分	不充分
ふじゅく	腐熟	不熟
ふじゅん	不純	不順
ふじょ	扶助	婦女	巫女
ふじょう	浮上	不浄	府城	浮城
ふじん	婦人	夫人	布陣	不尽	不仁	富人	父人
ふじんかい	婦人会	婦人科医
ふすべがわ	熏韋	燻革
ふすま	襖	衾	麩
ふすまえ	襖絵	襖繪	ふすま絵
ふすまぎわ	襖ぎわ	襖際
ふすまこうじ	フスマ麴	麩麹
ふすまごし	襖ごし	襖越し
ふず	付図	附図
ふずい	付随	附随	不ずい	不随	夫随	婦随
ふせ	伏せ	不施	布施
ふせい	腐生	不正	不斉	府政	不省	布政	扶正	斧正	父性	不整	浮世
ふせがね	伏せ鉦	伏鉦
ふせぎや	防き矢	防ぎ矢
ふせこみ	伏せ込み	伏込
ふせご	伏せ籠	伏籠
ふせじ	伏字	伏せ字
ふせぜい	伏せ勢	伏勢
ふせつ	付設	布設	敷設	附設	付節	付説	浮説	符節
ふせや	伏せ屋	伏屋
ふせん	富贍	膚浅	付箋	不宣	婦選	布線	府宣	普選	浮線	符箋	譜線	附箋	不戦	付せん	附せん
ふぜい	風情	風ぜい	賦税	府税
ふぜん	不全	不善
ふそ	父祖	腐鼠
ふそう	扶桑	誣奏	不争
ふそく	不足	不測	附則	不即	付則	斧足
ふそん	不そん	不遜	賦存
ふぞく	付属	付嘱	附属
ふたあけ	蓋明け	蓋開け	ふた明け
ふたあじ	二味	ふた味
ふたい	付帯	附帯	不耐	浮体	不退
ふたいし	蓋石	ふた石
ふたいとこ	二いとこ	二従兄弟
ふたがわり	蓋がわり	蓋代わり
ふたく	付託	負託	附託
ふたくせ	二クセ	二癖
ふたこ	双子	二子
ふたご	双子	双児	ふた児	ふた子	二子
ふたござ	双子座	ふたご座
ふたつき	蓋つき	蓋付	蓋付き	ふた付き
ふたて	二手	ふた手
ふたば	双葉	二葉	ふた葉
ふたまた	二また	二股	ふた又	ふた股
ふため	不ため	不為
ふたもの	蓋もの	蓋物	ふた物
ふたり	2人	二人
ふたりぐみ	2人組	二人組
ふたりたび	二人旅	ふたり旅
ふたりづれ	二人連れ	ふたり連れ
ふたりのり	2人乗り	二人乗り
ふたん	負担	負擔
ふだ	簡	札
ふだい	譜代	譜第
ふだつき	札付き	札つき	札付	札附き
ふだどめ	札どめ	札止	札止め
ふだらく	普陀洛	普陀落	補陀洛	補陀落
ふだん	普段	不断
ふち	扶持	付置	布置	附置	渕	不智	不知	淵	縁	不治
ふちかざり	フチ飾り	縁飾り	ふち飾り
ふちどり	縁取り	ふち取り
ふちぬい	縁縫	縁縫い
ふちゃく	付着	附着	不着
ふちゅう	不忠	付注	附註
ふちょう	府庁	不調	婦長	不凋	符丁	符牒
ふちん	不沈	浮沈
ふっか	フッ化	弗化	ふっ化
ふっかく	覆覈	伏角
ふっかん	復刊	副官
ふっき	復帰	沸起	富貴
ふっきゅう	復旧	復仇
ふっきん	腹筋	復金
ふっけい	仏京	佛京
ふっけん	復権	復權
ふっこう	復興	復交	復航	腹候	腹甲	腹腔	腹行	覆工
ふっこく	復刻	複刻	覆刻	復国
ふっさん	フッ酸	弗酸
ふっしょく	払しょく	払拭
ふっそ	フッ素	弗素	仏ソ	ふっ素
ふっとう	沸とう	沸騰
ふつい	仏伊	不対
ふつう	不通	普通
ふつかん	仏艦	佛艦
ふつどく	佛獨	仏独
ふつのみたま	赴屠能瀰哆磨	韴霊
ふつぶん	仏文	黻文
ふつへい	仏兵	佛兵
ふつりあい	不釣り合い	不釣合い
ふてい	不貞	不定	不逞
ふていきばらい	不定期払	不定期払い
ふてね	フテ寝	不貞寝	ふて寝
ふてん	付点	普天
ふであと	筆跡	ふで跡
ふでがき	筆書き	筆書
ふでさばき	筆さばき	筆捌き
ふでたて	筆立	筆立て
ふでづかい	筆づかい	筆使い	筆遣い
ふでづくり	筆づくり	筆作り
ふでむら	筆ムラ	筆斑
ふと	浮図	浮屠
ふとい	太藺	莞
ふとう	埠頭	不倒	不党	不凍	不撓	不等	斧頭	不登	ふ頭
ふとうこう	不登校	不凍港
ふとおり	太織	太織り
ふとく	不徳	婦徳	不得
ふところ	懐裏	懐中	懐	懐ろ
ふところえだ	フトコロ枝	懐枝
ふところがたな	懐ろ刀	懐刀	ふところ刀
ふところで	懐ろ手	懐手	ふところ手
ふところば	フトコロ葉	懐葉
ふところめ	フトコロ芽	懐芽
ふとざお	太ざお	太棹
ふとっちょ	太っちょ	太ッちょ
ふとっぱら	太っ腹	ふとっ腹
ふとどき	不届き	不届
ふとまに	太占	布止麻邇
ふともも	太もも	太モモ	太股	太腿	髀
ふとん	布団	蒲団
ふど	普度	風土
ふどう	浮動	不同	婦道	巫堂	府道	斑道	父道	不道	不動
ふどうたい	不導体	不動態
ふな	鮒	船	舟
ふなあげ	船揚	船揚げ
ふなあし	船脚	船足
ふなあそび	舟遊	舟遊び	船遊び
ふないくさ	船戦	船軍
ふないた	舟板	船板
ふなうた	舟歌	舟うた	舟唄	船唄	船歌
ふなおろし	船卸	船卸し
ふなかげ	舟影	船影
ふながかり	船掛かり	船繋り
ふながた	舟型	船型	船形
ふなくだり	舟下り	船下り
ふなぐら	船倉	船蔵
ふなさわぎ	鮒さわぎ	鮒騒ぎ
ふなじるし	舟印	船印	船標
ふなずし	フナ鮓	鮒寿司	ふな寿司
ふなぞこ	船底	舟底
ふなぞろえ	船ぞろえ	船揃え
ふなたび	船旅	舟旅
ふなだま	船玉	船霊	船魂
ふなだまり	船だまり	船溜まり	船溜り
ふなちん	舟賃	船賃
ふなつき	舟着	舟着き	船着	船着き
ふなつきば	船着き場	船着場
ふなづり	舟釣り	船釣り
ふなで	舟出	船出
ふなど	舩渡	船門
ふなどまり	船息	船泊
ふなどめ	舟留め	船留め
ふなどんや	舟問屋	船問屋
ふなぬし	舟主	船主
ふなのこ	舟鋸	船鋸
ふなのり	船乗り	船のり
ふなばた	舟ばた	舟端	船端	舷
ふなひき	舟曳	船引き
ふなびと	舟人	船人
ふなべり	船縁	舟べり	船べり
ふなまつり	船まつり	船祭
ふなもり	舟盛り	舟盛	舟守	船守
ふなやど	舟宿	舩宿	船宿
ふなよい	船よい	船暈	船酔い	船酔ひ	船酔
ふなれ	不慣れ	不馴れ	不慣
ふなわたり	舟渡り	船渡り
ふにん	赴任	不妊
ふね	船	舩	舟
ふねころがし	船ころがし	船転がし
ふねん	不燃	不稔
ふねんごみ	不燃ゴミ	不燃塵	不燃ごみ
ふねんせい	不燃性	不粘性
ふのう	不能	富農	不納	浮嚢	浮囊
ふのり	布ノリ	布海苔
ふはい	腐敗	不敗	不背
ふはく	浮薄	布帛
ふはつ	膚髪	不発
ふばい	不売	不買
ふばらい	不払い	不ばらい	不払
ふひょう	歩兵	付表	不評	附表	付票	浮標	浮氷	譜表	附票
ふびん	不びん	不愍	不憫	不敏
ふぶ	布武	阜部
ふへい	府兵	不平
ふへん	不変	普遍	不偏	布片
ふべん	不便	不弁
ふほう	訃報	府報	譜法	ふ報
ふぼく	榑木	浮木	腐木
ふまき	文卷	文巻
ふまじめ	不まじめ	不真面目
ふまん	不満	浮慢
ふみ	冊子	不味	文	書
ふみいし	踏み石	踏石	ふみ石
ふみいた	文板	踏み板	踏板	ふみ板
ふみうす	踏み臼	踏臼
ふみえ	踏み絵	踏絵
ふみきり	踏み切り	踏切
ふみくわ	踏み鍬	踏鍬
ふみぐるま	踏み車	踏車
ふみこみ	踏込み	踏みこみ	踏み込み
ふみさん	踏さん	踏み桟
ふみだい	踏み台	踏台	ふみ台
ふみだな	踏だな	踏み棚
ふみだん	踏み段	踏段
ふみづかい	文使	文使い
ふみづら	踏み面	踏面
ふみど	踏み所	踏所
ふみぬき	踏み抜き	踏抜	踏抜き
ふみはば	踏み幅	踏幅
ふみば	踏み場	踏場	ふみ場
ふみもち	不身持	不身持ち
ふみん	府民	不眠	富民
ふめん	譜面	普免
ふもん	不問	普門
ふや	不夜	麩屋
ふゆ	冬	不輸
ふゆう	府有	浮游	浮遊	富有	富裕	富友	蜉蝣
ふゆがれ	冬枯	冬枯れ
ふゆきとどき	不行届	不行届き	不行き届き
ふゆごもり	冬ごもり	冬篭もり	冬籠	冬籠もり	冬籠り
ふゆぶとん	冬布団	冬蒲団
ふゆやすみ	冬休み	ふゆ休み
ふよ	付与	附与	賦与	不予	不豫
ふよう	扶養	浮揚	芙蓉	付庸	扶揺	扶搖	浮葉	腐葉	附庸
ふようこく	付庸国	附庸国
ふようひん	不用品	不要品
ふようぶつ	不要物	不用物
ふらく	不落	不楽
ふらち	不らち	不埒	不埓
ふらん	孵卵	腐乱	腐爛	不乱	腐卵	ふ卵
ふらんき	孵卵器	ふ卵器
ふり	振り	不離	付利	不利	降り
ふりあい	振り合い	振合い
ふりあらい	振り洗い	ふり洗い
ふりうり	振り売	振り売り	振売	振売り
ふりかえ	振りかえ	振替	振替え	振り替	振り替え
ふりかえきゅうか	振りかえ休暇	振り替え休暇	振替え休暇	振替休暇
ふりかえきゅうかしんせい	振りかえ休暇申請	振り替え休暇申請	振替休暇申請
ふりかえきゅうじつ	振りかえ休日	振替え休日	振り替え休日	振替休日
ふりかえさき	振替先	振替え先	振り替え先
ふりかえしんせい	振り替え申請	振替え申請	振替申請
ふりかえび	振替日	振り替え日	振替え日
ふりかえもと	振替元	振替え元	振り替え元
ふりかけ	振り掛け	振掛け
ふりがな	振り仮名	振りがな	振仮名	ふり仮名
ふりきゅう	振り休	振休
ふりきゅうしんせい	振り休申請	振休申請
ふりこ	振り子	振子
ふりこみ	振込み	振り込み	振りこみ	振込	振り込
ふりこみさき	振込み先	振り込み先	振込先
ふりごと	振り事	振事
ふりしお	振り塩	ふり塩
ふりそで	振りそで	振り袖	振袖
ふりだし	振り出し	振りだし	振出	振出し	振り出	ふり出し
ふりつ	不律	府立
ふりつけ	振り付け	振り付	振付	振付け
ふりつけし	振り付け師	振付け師	振付師
ふりつこう	府立高	府立校
ふりはた	振り幡	振幡
ふりふり	振りふり	振り振り
ふりゅう	浮流	不立
ふりょ	不慮	俘虜
ふりょう	不良	不漁	不猟	布量
ふりょく	浮力	富力
ふりわけ	振り分け	振分	振分け	振りわけ
ふりん	不倫	富隣
ふるい	篩	震い
ふるいした	篩下	ふるい下
ふるいと	古糸	古絲
ふるいわけ	篩い分け	ふるい分け
ふるえ	震え	慄え	顫え	古枝
ふるえおん	震え音	ふるえ音
ふるえごえ	震え声	ふるえ声
ふるかわ	古川	古河
ふるきず	古傷	古疵
ふるぎつね	古ぎつね	古ギツネ	古狐
ふるくぎ	古クギ	古釘
ふるさと	古里	故里	故郷	ふる里
ふるだぬき	古だぬき	古ダヌキ	古狸
ふるだね	古ダネ	古種
ふるだる	古だる	古樽
ふるつわもの	古つわもの	古兵	古強者
ふるづけ	古漬	古漬け
ふるなじみ	古なじみ	古馴染み	古馴染
ふるまい	振舞い	振る舞い	振るまい	振舞	振舞ひ	ふる舞い
ふるまいそば	振る舞いそば	振る舞い蕎麦
ふれ	触	触れ	振れ
ふれあい	触れ合い	触れあい	触合い	触れ合	ふれ合い
ふれい	布令	不例	府令	譜例
ふれがき	触れ書	触れ書き	触書	触書き
ふれがしら	触れ頭	触頭	觸頭
ふれこみ	触れ込み	ふれ込み
ふれした	触下	觸下
ふれじょう	触れ状	触状
ふれだし	触れ出し	触出し
ふれぶみ	触れ文	触文
ふれん	婦聯	府連
ふろ	風呂	腐盧	風炉
ふろあがり	フロ上がり	風呂上り	風呂上がり	風呂あがり	ふろ上がり
ふろう	浮浪	不労	不老	父老
ふろかび	風呂カビ	風呂黴
ふろがま	風呂釜	風呂がま
ふろぎらい	フロ嫌い	風呂嫌い
ふろく	付録	附録
ふろこうじ	フロ小路	風呂小路
ふろしき	フロ敷き	風呂敷
ふろたき	風呂たき	風呂焚き
ふろだい	風呂代	ふろ代
ふろば	風呂場	ふろ場
ふろみず	風呂水	ふろ水
ふろめぐり	風呂めぐり	風呂巡り
ふろや	風呂屋	ふろ屋
ふわ	付和	附和	不和
ふわけ	腑分	腑分け
ふわたり	不渡り	不渡
ふん	糞	吻	分
ふんいき	雰囲気	雰囲氣	雰圍氣	ふんい気	ふん囲気
ふんえん	噴煙	憤怨	粉煙
ふんか	噴火	ふん火
ふんがい	憤がい	憤慨	糞害
ふんき	奮起	憤起	噴気
ふんきゅう	紛糾	墳丘	分給
ふんけい	刎頸	墳形	焚刑
ふんげき	奮激	憤激
ふんこう	紛更	噴口	粉鉱	糞口
ふんし	憤死	粉子	粉脂
ふんしょく	扮飾	粉食	粉飾
ふんしん	奮進	分針	噴進
ふんじょう	紛擾	糞壌	粉状
ふんじん	粉じん	粉塵	奮迅
ふんすい	噴水	ふん水
ふんせん	奮戦	噴泉
ふんそう	紛争	扮装	粉粧	ふん装
ふんたい	粉体	粉黛
ふんたん	粉炭	吻端
ふんづまり	糞づまり	糞詰まり	糞詰り	ふん詰まり
ふんとう	奮闘	粉糖
ふんど	憤怒	忿怒	糞土
ふんどし	犢鼻褌	褌
ふんどしかつぎ	褌担ぎ	ふんどし担ぎ
ふんどしすがた	フンドシ姿	褌姿	ふんどし姿
ふんにょう	糞尿	ふん尿
ふんぬ	忿怒	憤怒
ふんばい	糞培	噴灰
ふんばり	踏ん張り	踏張り
ふんぱつ	奮発	憤発
ふんぱん	噴版	噴飯
ふんまん	忿懣	憤まん	憤懣	ふん饅
ふんむき	噴霧機	噴霧器
ふんもん	噴門	憤悶	糞門
ふんりゅう	噴流	粉瘤	粉粒	糞粒
ぶ	部	武	麩	麸	歩	分
ぶあいきょう	無愛嬌	無愛敬
ぶい	部位	撫慰	武威
ぶいん	無音	部員
ぶおとこ	ブ男	不男	醜男
ぶおんな	不女	醜女
ぶか	武科	部課	部下	鱶
ぶかちょう	部・課長	部課長
ぶかっこう	不格好	不恰好
ぶかん	武鑑	武官
ぶがかり	歩掛	歩掛かり	歩掛り
ぶがり	歩刈	歩刈り
ぶき	武器	蕗	葺	葺き
ぶきみ	無気味	不気味
ぶきょう	武侠	武俠	武経
ぶきょく	部局	舞曲
ぶぎ	武技	舞妓
ぶくさ	帛紗	服紗	袱紗
ぶくん	武勲	武訓
ぶげん	侮言	誣言	分限
ぶこく	誣告	ぶ告
ぶさ	房	総
ぶさほう	無作法	不作法
ぶざつ	蕪雑	ぶ雑
ぶざま	不様	無様
ぶし	武士	附子	星	五倍子	節	付子
ぶしつけ	不仕付け	不躾	無躾
ぶしゅ	部首	仏手
ぶしょ	部署	撫署
ぶしょう	不承	無精	不精	武将	舞唱	部将
ぶしょうひげ	無精髭	無精ひげ	不精髭	不精ひげ
ぶしん	普請	武神	武臣
ぶじ	無事	武事	蕪辞
ぶじん	武人	舞人
ぶすい	無粋	不粋	撫綏
ぶすま	襖	衾
ぶせ	伏せ	布施
ぶそう	武装	奉奏
ぶぞく	部属	部族
ぶた	豚	蓋
ぶたあわび	豚あわび	豚鮑
ぶたい	部隊	舞台
ぶたおとこ	ブタ男	豚男
ぶたがわ	豚皮	豚革
ぶたがわり	豚がわり	豚代わり
ぶたくさ	ブタ草	豚草
ぶたげ	ブタ毛	豚毛
ぶたこま	豚こま	豚コマ	豚細	豚小間
ぶたしなみ	不嗜	無嗜み
ぶたしゃぶ	豚しゃぶ	豚シャブ
ぶたにく	豚肉	ぶた肉
ぶたばこ	ブタ箱	豚箱
ぶたばな	ブタ鼻	豚鼻
ぶたばら	豚ばら	豚肋	豚バラ
ぶたまめ	豚マメ	豚豆
ぶたむし	ブタ虫	豚虫
ぶためし	豚めし	豚飯
ぶたもも	豚もも	豚モモ	豚腿
ぶだい	武鯛	撫台
ぶだて	部立	部立て
ぶだん	武断	武斷
ぶち	扶持	斑	渕	淵	縁
ぶちこわし	打ち壊し	ぶち壊し
ぶちょう	不調	部長
ぶちょうほう	不調法	無調法
ぶっか	物価	仏家	仏果	物貨	物化
ぶっかい	仏界	物界
ぶっき	仏器	服忌
ぶっきょう	仏教	佛教	仏経
ぶっけん	物件	物権
ぶっこう	仏光	仏工	物交
ぶっこみ	打っ込み	ぶっ込み
ぶっさん	仏参	物産
ぶっし	仏師	物資	仏子	仏歯	仏氏
ぶっしゃ	仏者	佛舎	仏舎
ぶっしょ	仏所	仏書
ぶっしょう	物証	仏性	佛性	物象
ぶっしん	仏神	仏身	物神	物心	仏心
ぶっせき	仏跡	仏蹟
ぶっそう	仏桑	仏僧	仏葬
ぶったい	仏体	物体	佛体	物躰
ぶっちょう	仏頂	佛彫
ぶっつづけ	打っ続け	ぶっ続け
ぶってき	仏的	仏敵
ぶってん	仏典	仏天
ぶっと	仏徒	仏都
ぶっとう	仏塔	仏頭	佛頭
ぶっとおし	打っ通し	ぶっ通し
ぶっぱん	仏飯	物販
ぶっぽう	仏法	佛法
ぶつ	仏	物
ぶつえん	仏炎	仏縁
ぶつおん	仏恩	仏音
ぶつが	仏画	物我
ぶつじ	仏事	仏寺
ぶつじょう	物上	物情
ぶつだ	仏陀	佛陀
ぶつでん	仏伝	仏殿
ぶつどう	仏道	仏堂
ぶつぶつ	仏仏	物々	物物
ぶつぶつこうかん	物々交換	物物交換
ぶつみょう	仏名	佛名
ぶつめつ	仏滅	佛滅
ぶつや	仏耶	佛耶
ぶつよく	物慾	物欲
ぶつりょう	物量	物療
ぶづみ	歩積	歩積み
ぶとう	舞踏	武闘	舞刀
ぶとうか	舞踏家	武闘家
ぶとうかい	舞踏会	武闘会
ぶとん	布団	蒲団
ぶどう	武道	無道	葡萄
ぶどうしゅ	ブドウ酒	葡萄酒	ぶどう酒
ぶどうとう	ブドウ糖	葡萄糖	ぶどう糖
ぶどまり	歩どまり	歩止まり	歩留	歩留まり	歩留り
ぶな	山毛欅	橅
ぶなばやし	ブナ林	橅林	ぶな林
ぶにん	補任	無人
ぶね	船	舩	舟
ぶねん	不念	無念
ぶばらい	賦払	賦払い
ぶびき	分引き	歩引き
ぶふうりゅう	不風流	無風流
ぶぶづけ	ぶぶ漬	ぶぶ漬け
ぶぶん	部分	舞文	ぶ分
ぶみ	冊子	文	書
ぶみん	撫民	部民
ぶめい	武名	部名
ぶもん	部門	武門
ぶもんごと	部門ごと	部門毎
ぶゆう	武勇	武遊
ぶようじん	無用心	不用心
ぶらく	豊楽	部落
ぶらんこあそび	ブランコ遊び	ぶらんこ遊び
ぶらんこのり	ブランコ乗り	ぶらんこ乗り
ぶらんこまつり	ブランコ祭り	ぶらんこ祭り
ぶり	鰤	降り	振り
ぶりかえし	振り返し	ぶり返し
ぶりょう	無りょう	無聊
ぶるい	部類	篩	震い
ぶるまい	振舞い	振る舞い	振るまい	振舞	振舞ひ	ぶる舞い
ぶれ	触	触れ
ぶろしき	ブロ敷き	風呂敷
ぶん	分	文
ぶんい	文意	文為	分位
ぶんえん	分煙	文苑	分園
ぶんか	文化	分化	分科	分荷	分課	文華	文科
ぶんかい	分解	分かい	分塊	分界	分会	文会	文匯	文界
ぶんかかい	分科会	文化会
ぶんかく	分画	文革
ぶんかけい	文化系	文科系
ぶんかつ	分割	分轄
ぶんかん	分館	分敢	文官	文間
ぶんがい	分外	文外
ぶんがく	文学	文學
ぶんがっ	文学	文學
ぶんき	分岐	分期
ぶんきょう	文教	文鏡
ぶんきょく	分局	分極
ぶんぐん	文群	蚊軍
ぶんけい	文系	文型
ぶんけつ	分けつ	分ケツ	分蘖
ぶんけん	分遣	分県	分権	文献	文件	文検	分間
ぶんげい	文芸	文藝
ぶんげつ	分げつ	分蘖
ぶんげん	分限	文言
ぶんこう	分光	分校	文工	文攻	文稿	聞香	分行
ぶんごう	分合	文豪
ぶんさい	分載	文才	文債	文彩	文采
ぶんし	分子	分枝	文士	分祀	分詞	文思	文詩	分支
ぶんしゅう	分周	分収	分習	文集	聞集
ぶんしょ	文書	分署	分所
ぶんしょう	文章	分掌	文しょう	文相	分廠	分省	分章
ぶんしん	分身	文身
ぶんじ	文事	文辞	文治
ぶんじょう	分乗	分譲	分場
ぶんすいれい	分水れい	分水嶺
ぶんすう	分数	文数
ぶんせい	分生	文勢
ぶんせき	分析	分籍	文責
ぶんせつ	文節	分節	分設
ぶんせん	文選	分線	分繊	文銭
ぶんそう	分争	分相	文草	文藻
ぶんそん	分村	分損
ぶんたい	分隊	分体	文体
ぶんたん	分担	分たん	文旦
ぶんだい	文題	文台
ぶんだん	分断	文段	分団	文壇	分段
ぶんち	分置	聞知	分地	分治	分知	文痴	文治
ぶんちゅう	文中	分注	分駐
ぶんちょう	分庁	文鳥	分町
ぶんちん	文ちん	文鎮
ぶんてん	分店	分点	文典	文展
ぶんとう	分党	分島	分灯	文頭
ぶんぴつ	分泌	分筆	文筆
ぶんぴつせん	分泌腺	分泌せん
ぶんぶ	文武	分部
ぶんぷ	分布	分賦
ぶんぷく	分服	文福	分福
ぶんべつ	分別	分べつ
ぶんべん	分べん	分娩
ぶんぼう	文房	文ぼう	蚊虻
ぶんぽう	文法	分封	分包
ぶんみつ	分みつ	分蜜
ぶんみゃく	文脈	分脈
ぶんめい	文明	文名
ぶんや	ブン屋	分野	文野	聞屋
ぶんり	分離	文理
ぶんりき	分離機	分離器
ぶんりゅう	分溜	分留	分流
ぶんるい	分類	分類
ぶんれい	分霊	文例	文礼	文禮
ぶんれつ	分裂	分列
ぶんろく	分禄	文祿	文禄
ぶーとばん	ブート版	ブート盤
ぷうたろう	プー太郎	ぷう太郎
ぷじん	婦人	夫人
へい	兵	丙	塀	屛	屏	聘	弊	幣
へいい	平易	兵衣	弊衣	敝衣
へいいん	閉院	兵員
へいえい	併営	併映	兵営
へいえん	閉園	平衍
へいおん	平穏	平温
へいか	併科	併課	平価	兵家	兵戈	兵火	兵禍	兵科	閉架	閉花	陛下
へいかい	閉会	閉會
へいかく	兵革	平角	閉殻
へいかん	兵諌	閉館	併観	并官	弊舘	弊館	閉管
へいがく	兵学	兵額	閉学
へいがん	併願	閉眼	平元
へいき	併記	萍寄	兵器	平気	平氣	兵気
へいきょ	閉居	並居
へいきん	平均	屏禁	聘金
へいきんりつ	平均率	平均律
へいぎわ	塀ぎわ	塀際
へいけがに	平家がに	平家ガニ	平家蟹
へいこう	平行	並行	併行	平衡	閉口	並航	閉校	平曠	瓶口	秉公	閉講
へいこうせい	平行性	並行性
へいごし	塀ごし	塀越し
へいさい	併催	併載
へいざん	併算	閉山	平残
へいし	兵士	併祀	斃死	閉止	瓶子	並歯	幣贄	へい死
へいしき	兵式	閉式
へいしゃ	兵舎	弊社	兵車	平射
へいしゅ	丙種	兵種
へいしゅう	併修	弊習
へいしゅつ	併出	迸出	平出
へいしょ	兵書	閉所
へいしょう	並称	併照	併称	平章	平牀
へいしょく	兵食	秉燭
へいしん	並進	併進	平身	丙審	丙辰	併信	嬖臣	平信
へいじ	平時	兵事	閇字	閉字	瓶子
へいじょう	平常	閉場	兵仗
へいじん	兵刃	平塵
へいすう	兵数	兵數
へいせい	平静	兵制	兵勢	幣制	弊政	平西
へいせん	兵戦	兵戰	兵燹	兵船
へいそう	並走	併走	兵曹	兵争	兵爭	兵装
へいそく	閉塞	屏息	閉そく	閉息	幣束
へいそん	併存	並存	閉村	兵村	弊村
へいぞん	並存	併存
へいたん	平坦	平たん	平淡	兵站
へいだい	閇大	閉大
へいだん	兵団	兵談	餅餤	餠餤
へいち	並置	併置	平地
へいちょう	兵長	閉庁	平潮
へいてい	閉廷	兵丁	平定
へいてん	閉店	弊店
へいとう	平頭	弊竇
へいどん	併吞	併呑
へいは	平坡	平波
へいはん	平版	弊藩
へいば	兵馬	斃馬
へいひ	兵匪	閉扉
へいふう	弊風	秉風
へいふく	平復	兵服	平服	平伏
へいへい	平々	平平	平瓶
へいほう	平方	兵法
へいよう	併用	聘用	平葉
へいらん	兵乱	丙欄
へいりつ	並立	併立
へいれつ	並列	へい列
へいわ	平和	平話
へき	碧	癖
へきが	壁画	壁畫	碧瓦
へきがん	壁岩	壁龕	碧眼
へきこう	壁厚	壁孔
へきしょ	壁書	僻処	僻處
へきしん	壁心	壁芯
へきち	僻地	へき地
へきろん	僻論	癖論
へぎいた	剥板	へぎ板
へぎぬり	ヘギ塗	へぎ塗り
へくらべ	屁くらべ	屁比べ
へげきず	ヘゲ傷	折げ傷
へこおび	ヘコ帯	兵児帯	兵児帶	兵兒帶	兵子帯	兵子帶
へこき	屁えこき	屁こき	屁放き
へごぼう	ヘゴ棒	へご棒
へさき	舳先	舳	へ先
へしあい	圧し合い	へし合い
へそがわ	臍側	へそ側
へそした	ヘソ下	臍下
へそのお	臍の緒	へその緒
へそまがり	臍曲がり	臍曲り	へそ曲がり	へそ曲り
へた	下手	蔕
へたくそ	下手くそ	下手クソ	下手糞
へたっぴ	下手っぴ	下手っぴい	下手ッぴい
へだたり	隔たり	距たり	距り	隔り
へちまえり	ヘチマ襟	糸瓜襟	へちま襟
へちますい	ヘチマ水	糸瓜水	へちま水
へっぴり	屁っぴり	屁っ放り
へなつち	埴土	粘土
へびおやじ	蛇おやじ	蛇親父
へびおんな	ヘビ女	蛇女
へびがら	ヘビ柄	蛇柄
へびがわ	ヘビ皮	蛇皮	蛇革	へび革
へびざ	蛇座	へび座
へびだま	蛇玉	へび玉
へびつかい	蛇使い	蛇遣い
へびつかいざ	へびつかい座	蛇遣い座
へびとり	ヘビ捕り	蛇捕り
へびどく	蛇毒	へび毒
へびふえ	ヘビ笛	蛇笛
へびみち	ヘビ道	蛇道
へや	部屋	室
へやずみ	部屋住	部屋住み
へやちがい	部屋ちがい	部屋違い
へやづくり	部屋づくり	部屋作り
へやほし	部屋干	部屋干し
へやわり	部屋割り	部屋割
へら	箆	篦
へらざお	ヘラ竿	箆竿
へらじか	篦鹿	へら鹿
へらぶな	篦鮒	へら鮒
へらやがら	平矢柄	篦矢柄
へりうち	縁打ち	へり打ち
へりかえし	縁返し	へり返し
へりぐち	減り口	減口
へりとり	縁取	縁取り
へん	辺	邉	變	篇	汳	編	偏	変
へんい	偏倚	変位	変異	変移	偏位	偏移	辺夷
へんいき	変域	辺域
へんおん	変温	変音
へんか	変化	貶価	返歌
へんかい	変改	遍界
へんかく	変革	變革	偏角	変格
へんかん	返還	変換	返翰
へんがく	変額	扁額	返額
へんき	偏奇	偏諱
へんきゅう	返球	変朽
へんきょう	辺境	偏狭	褊狭	辺疆
へんきょく	編曲	変局	変曲
へんく	片句	辺区
へんくつ	偏屈	偏窟	変屈	へん屈
へんけい	変形	偏傾	偏形	偏軽	偏輕	変型	扁形
へんけん	偏見	へん見
へんげ	貶下	遍計	変化
へんげん	変幻	片言
へんこ	偏固	匾壺	扁壺
へんこう	変更	變更	偏向	変光	偏光	変項
へんこうてつづき	変更手続	変更手続き
へんさ	偏差	変差	変詐
へんさい	返済	変災	辺塞
へんさん	編さん	編纂	偏衫	褊衫
へんざい	偏在	遍在	辺材	辺際
へんし	変死	編旨	駢死
へんしつ	変質	偏執
へんしゅ	変種	篇首	編首	騙取
へんしゅう	編修	編緝	編輯	編集	偏執	扁舟
へんしょう	返照	偏将	偏小	偏晶	篇章	編章	辺牆
へんしょく	偏食	変色
へんしん	変身	返信	偏心	変心	変針	偏身	褊心	へん身
へんじ	返事	返辞	変字	變字	変事	變事	片時
へんじょう	返上	遍昭	遍照	変状	片状	辺上
へんじん	偏人	変人
へんすう	変数	編数	辺陬	辺数
へんずつう	偏頭痛	片頭痛
へんせい	編成	編制	変成	偏西	変勢	変声	編製	変性
へんせいき	変成器	変声期
へんせき	砭石	篇籍	編籍
へんせつ	変節	変説	偏説
へんせん	変せん	変遷	片箭
へんそう	変奏	変装	返送	変相
へんそく	変速	変則
へんたい	変態	変体	編隊
へんちゅう	編注	扁虫
へんちょう	変調	偏重	偏張
へんつぎ	偏つぎ	偏継ぎ
へんてつ	編綴	変てつ	変哲
へんでん	変電	返電
へんとう	返答	偏党	扁桃
へんとうせん	扁桃腺	へんとう腺
へんどう	変動	偏導
へんねん	変年	編年
へんのう	返納	片脳
へんばい	反閇	反閉
へんぱ	偏頗	偏波	偏跛
へんぱい	変敗	返杯	返盃
へんぴ	辺ぴ	辺鄙
へんぶつ	偏物	変物
へんぷ	返付	返附
へんぺい	扁平	偏ぺい	偏平	扁ぺい	へん平
へんぺいじょうひがん	扁平上皮がん	扁平上皮ガン	扁平上皮癌
へんぺいそく	扁平足	偏平足
へんぼう	変ぼう	変貌	變貌	偏旁
へんぽう	返報	変報	変法
へんめい	変名	編名
へんもく	篇目	編目
へんよう	変容	変様	辺要
へんりん	片鱗	片りん
へんれい	返戻	返礼
べい	米	塀	屛	屏
べいえい	米映	米英
べいえん	米塩	米援
べいか	米果	米菓	米価	米貨	米加
べいし	米紙	米誌
べいせい	米製	米西
べいせん	米潜	米銭
べいどく	米独	米獨
べいなす	米なす	米茄子
べいろ	米ロ	米露
べかぶね	べか舟	べか船
べきじょう	冪乗	べき乗	ベキ乗
べたぐみ	ベタ組	ベタ組み	べた組み
べたぼめ	ベタ褒め	ベタ誉め	べた褒め
べたぼれ	ベタ惚れ	べた惚れ
べたやき	ベタ焼	べた焼き
べっか	別火	別課	別科
べっかん	別館	別巻
べっき	別記	別姫	別器
べっけん	瞥見	別件
べっこう	鼈甲	別稿	べっ甲	別項
べっこうあめ	ベッコウ飴	鼈甲飴	べっこう飴	べっ甲飴
べっし	蔑視	別紙	別使
べっしゅ	別趣	別種
べっしょ	別墅	別所
べっしょう	別称	別章	蔑称
べっせい	別姓	別製
べっそう	別送	別荘	別曹
べったらづけ	べったら漬	べったら漬け
べっちょう	別丁	別帳	別蝶	別調
べっとう	別棟	別当
べっぱい	別杯	別盃
べっぴん	別品	別嬪
べっぽう	別報	別法
べつあつかい	別あつかい	別扱い
べつあつらえ	別あつらえ	別誂え
べつぎ	別儀	別義
べつぎょう	別行	別業
べつじ	別字	別辞	別事
べつじょ	別除	蔑如
べつじょう	別状	別条	別條
べつずり	別刷	別刷り
べつだて	別建て	別立	別立て
べつでん	別伝	別殿	別電
べつどう	別働	別動
べつめい	別名	別命
べつもの	別物	別もの
べつゆで	別ゆで	別茹で
べにいろ	紅いろ	紅色
べにかなめ	紅カナメ	紅要
べにこうじ	紅麹	紅柑子	紅こうじ
べにざけ	紅ざけ	紅鮭
べにずり	紅摺	紅摺り
べにぞめ	紅染	紅染め
べにたで	紅たで	紅蓼
べにだま	紅玉	べに玉
べにはこべ	紅はこべ	紅繁縷
べにばな	紅花	べに花
べにばなゆ	紅花油	ベニバナ油
べにばら	紅ばら	紅バラ	紅薔薇
べにます	紅ます	紅鱒
べや	部屋	室
べら	遍羅	箆	篦
べらぼう	便乱坊	可坊	箆棒	篦棒	べら棒
べん	便	弁	瓣	辨	冕	偏
べんい	便意	便衣
べんえ	弁慧	辨慧
べんかい	弁解	弁開
べんき	便壺	便器
べんきょう	勉強	べん強
べんぎ	便宜	弁義	辨義
べんこう	弁公	弁口	弁巧	弁甲
べんさい	弁済	弁才	弁鰓
べんざ	便座	便坐	弁座
べんざい	弁才	弁財
べんしき	弁識	弁色
べんしょう	弁償	弁証
べんせい	鞭声	便性
べんぜつ	弁舌	弁説
べんちゅう	便中	便柱	鞭虫
べんどう	弁道	辦道	辧道	辨道
べんにょう	便尿	便溺
べんぱつ	弁髪	辮髪
べんぴ	便秘	便ぴ
べんふた	便ふた	便蓋
べんぶ	抃舞	弁部
べんほう	弁法	鞭砲
べんぼう	便房	弁棒
べんぽう	便法	鞭法
べんもう	便蒙	鞭毛	べん毛
べんり	便利	弁理
べんれい	勉励	駢儷
べんろん	弁論	辯論
べーたせん	β線	ベータ線
ぺてんし	ぺてん師	ペテン師
ぺん	辺	邉	偏	篇	編
ぺんぺんぐさ	ペンペン草	ぺんぺん草
ほ	保	帆	葡	捕	穂	歩
ほあげ	帆あげ	帆上げ
ほい	布衣	補遺
ほいく	保育	輔育	哺育	ほ育
ほいん	保因	補陰
ほう	放	邦	法	方	礮	幇	苞	袍	俸	鵬	報
ほうあん	奉安	宝案	方案	法案
ほうい	包囲	奉慰	方位	包衣	布衣	法医	法意	法衣	芳意	豊衣
ほういつ	放佚	放逸
ほういん	宝印	方印	法印	訪印	法院
ほうえ	法衣	法会
ほうえい	放映	訪英	奉曳	泡影
ほうえつ	法悦	訪越
ほうえん	方鉛	豊艶	包炎	報怨	方円	方圜	法縁	砲煙
ほうおう	訪欧	法王	法皇	鳳凰	宝王
ほうおうざ	ほうおう座	鳳凰座
ほうおん	報恩	方音	法苑	法音	芳恩
ほうか	放火	放下	放歌	法科	砲火	法家	法貨	烽火	蜂窠	蜂窩	訪加	訪花	邦家	邦貨	放課
ほうかい	崩壊	崩潰	抱懐	帮会	方解	法界
ほうかく	方格	胞隔	鳳閣
ほうかつ	包括	抱括
ほうかん	訪韓	奉還	放還	訪看	宝冠	宝巻	宝簡	宝鑑	幇間	法官	砲艦
ほうが	奉加	奉賀	萌芽	邦画	法衙	砲架
ほうがい	方外	袍褂
ほうがく	法学	方角	邦楽
ほうがん	砲丸	包含	方眼	方がん	判官
ほうき	蜂起	放棄	抛棄	箒	法規	宝器	宝基	方軌	法器	邦機	芳紀	ほう起
ほうきぐさ	箒草	ほうき草
ほうきたけ	箒茸	ほうき茸
ほうきぼし	ホーキ星	箒星	ほうき星
ほうきゅう	俸給	封給	抱球	蜂球	法休
ほうきょう	奉教	宝筐	宝篋	宝鏡	庖供	豊凶	豊況	豊胸	豊頬	豊頰	邦境
ほうきん	報禁	方金	砲金
ほうぎょ	崩御	鮑魚
ほうぎん	放吟	邦銀
ほうぐ	法具	反故
ほうぐん	蜂群	ほう群
ほうけい	法経	方形	奉掲	包茎	法系	硼珪	芳契
ほうけいさん	ホウケイ酸	硼珪酸
ほうけつ	放血	鳳闕
ほうけん	奉献	封建	宝剣	宝剱	放権	法権
ほうげい	奉迎	逢迎
ほうげん	放言	方言	法原	法源	法眼	法諺	法言
ほうこ	宝庫	布袴	法炬	蓬壺	豊庫
ほうこう	方向	奉公	咆吼	咆哮	報効	彷徨	放光	放校	芳香	包交	方広	砲口	砲工	砲熕	縫工	豊鉱	方こう
ほうこうせい	方向性	芳香性
ほうこく	報告	奉告	報国	報國	宝国	方国	豊国
ほうご	奉護	崩後	法語	邦語	反故
ほうごう	縫合	抱合	法号	訪豪	咆号
ほうさい	報祭	報賽	奉斎	奉賽
ほうさく	豊作	方策	封冊
ほうさん	ホウ酸	奉讃	奉賛	放散	宝算	硼酸	ほう酸
ほうざ	法座	砲座
ほうざい	方剤	包材
ほうし	法師	奉仕	奉伺	奉祀	奉私	放恣	放肆	奉使	封豕	庖氏	放資	法司	法嗣	胞子	芳志	蜂矢	褒詞	鋒矢
ほうしき	方式	法式
ほうしゃ	ホウ砂	放射	報謝	奉車	砲車	硼砂
ほうしゃく	宝積	封爵
ほうしゅ	宝珠	幇主	法主	法聚	砲手	鳳首
ほうしゅく	奉祝	包縮	縫縮
ほうしゅつ	放出	萌出
ほうしょ	倣書	奉書	宝処	彷書	方処	芳書	苞苴	邦書
ほうしょう	法相	報奨	報償	奉唱	褒賞	放縦	包晶	報賞	彭殤	放松	褒章
ほうしょく	奉職	飽食	宝飾
ほうしん	方針	放心	放神	奉神	封神	捧心	疱疹	砲身	芳信	芳心	芳辰
ほうじ	榜示	奉持	抱持	捧持	法事	報時	奉事	宝字	捧侍	法時	褒辞	邦字
ほうじちゃ	焙じ茶	ほうじ茶
ほうじゅ	奉授	宝寿	宝珠
ほうじゅう	放縦	放銃
ほうじゅつ	方術	法術	炮術	砲術
ほうじゅん	芳純	芳醇	豊潤
ほうじょ	幇助	ほう助
ほうじょう	奉醸	豊穣	豊穰	豊饒	放生	方丈	法城	法条	泡状	胞状	芳情	褒状	法帖
ほうじん	法人	邦人	報身	方陣
ほうすい	放水	抱水	烹炊	豊水
ほうせい	法制	縫製	方正	倣製	奉請	放精	法世	砲声	鳳声	法政
ほうせき	宝石	宝籍	ほう石
ほうせつ	包摂	包接	抱接
ほうせん	奉遷	訪船	放線	法線	砲戦	縫線	邦船	鳳仙
ほうぜん	宝前	封禅
ほうそ	ホウ素	訪ソ	宝祚	寶祚	硼素	ほう素
ほうそう	放送	包装	奉送	疱瘡	法曹	宝相	法窓	芳草
ほうそうかい	法曹界	放送回
ほうぞう	包蔵	法蔵	宝蔵
ほうたい	奉体	奉戴	奉體	訪台	包帯	繃帯	邦貸	ほう帯	法体
ほうだい	放題	砲台	邦題	法大
ほうだん	放談	方壇	法壇	法談	芳談	砲弾
ほうち	報知	放置	奉置	法治	封地
ほうちき	報知機	報知器
ほうちゃく	逢着	宝鐸
ほうちゅう	訪中	包虫	庖厨	庖廚	放虫
ほうちょう	訪朝	放鳥	包丁	包ちょう	庖丁	鳳鳥
ほうてい	法廷	奉呈	捧呈	法定	方程	宝鼎	方鼎	法弟	鵬程
ほうてき	抛擲	放てき	放擲	法敵
ほうてん	奉奠	訪店	法典	宝典	方天
ほうでん	放電	宝殿	寶殿	豊臀
ほうとう	奉答	放蕩	砲塔	宝塔	宝刀	宝灯	宝燈	峰頭	朋党	法灯	法統
ほうど	報土	封土	崩土	方土	豊度	邦土
ほうどう	報道	法堂	法幢
ほうどく	訪独	奉読	捧読
ほうない	封内	法内
ほうにん	放任	法認
ほうねん	放念	豊年	崩年	豊稔
ほうはい	奉拜	奉拝	胞胚
ほうはいぶし	ホーハイ節	ほうはい節
ほうはん	訪販	縫帆
ほうばい	傍輩	宝貝	寶貝	朋輩
ほうひ	放屁	包皮	法匪	訪比	豊肥
ほうび	褒美	鳳尾
ほうびき	宝引	宝引き
ほうふく	報復	彷復	抱腹	捧腹	法服
ほうふつ	髣髴	訪仏	彷彿
ほうふん	方墳	芳芬
ほうぶつ	報仏	抛物	放物
ほうぶつせん	抛物線	放物線
ほうぶん	法文	芳文	邦文
ほうへい	宝瓶	砲兵	奉幣	法幣
ほうべい	訪米	宝瓶
ほうほう	方法	方ほう	法法	這々
ほうぼう	方ぼう	方方	竹麦魚	蓬茅	謗法	鋒鋩	魴鮄	方々
ほうぼく	放ぼく	放牧	方木	芳墨
ほうまい	包埋	包米
ほうまん	飽満	豊満
ほうみん	方民	鳳眠
ほうむしょう	法務省	法務相
ほうめい	芳名	邦名
ほうめん	方面	放免	訪緬
ほうもん	訪問	法文	法門	砲門	法問	ほう問
ほうやく	邦訳	宝鑰
ほうゆう	包有	朋友
ほうよう	包容	抱擁	法要	包葉	放鷹	苞葉	豊腰
ほうよく	豊沃	鵬翼
ほうら	訪「ラ」	訪ラ
ほうらい	砲雷	蓬莢	蓬莱	蓬萊
ほうらく	崩落	包絡	放楽	法楽	炮烙	焙烙	豊楽
ほうらつ	放らつ	放埒	放埓	ほう埒
ほうらん	包卵	抱卵	放卵	訪蘭	包攬	峰巒	芳蘭	鳳蘭
ほうり	方里	法理	祝
ほうりゅう	放流	芳流
ほうりょう	法量	豊漁	封領
ほうりん	法輪	芳林	豊琳
ほうるい	堡塁	砲塁
ほうれい	法令	放冷	豊麗	峰嶺	法例
ほうれいじゅんしゅ	法令遵守	法令順守
ほうれつ	放列	砲列
ほうれん	菠蓮	菠薐	宝蓮	鳳輦
ほうれんそう	ホウレン草	菠薐草	ほうれん草	報連相	法蓮草
ほうろ	訪露	訪ロ	方路
ほうろう	彷浪	放浪	琺瑯	報労	法臘
ほうろく	俸禄	封禄	焙烙
ほうわ	飽和	法話
ほえき	補益	補液
ほえぐせ	吠えグセ	吠え癖
ほえごえ	吠え声	吠声	ほえ声
ほえざる	吠え猿	吠猿
ほえづら	吠え面	ほえ面
ほお	頰	頬	朴
ほおあて	頬当て	頰当て
ほおかぶり	頬かぶり	頬冠り	頬被り	頰かぶり	頰かむり	頰被	頰被り
ほおげた	頬桁	頰げた	頰桁
ほおざし	頬刺	頬刺し
ほおじろ	頬白	頰白
ほおずき	酸漿	鬼灯
ほおずきいち	酸漿市	ホオズキ市	ほおずき市	鬼灯市
ほおずり	頰ずり	頬擦り	ほお擦り
ほおづえ	頬づえ	頬杖	頰づえ	頰杖
ほおにきび	頬ニキビ	頬面皰
ほおのき	朴の木	ほおの木
ほおば	朴歯	朴葉	ほお歯
ほおひげ	頬ひげ	頬髭	頬髯	頰ひげ	頰髭	頰髯
ほおぶくろ	頬袋	ほお袋
ほおべに	頬紅	頰べに	頰紅	ほお紅
ほおぼね	頬骨	頰骨	ほお骨
ほおやけ	頬焼	頬焼け
ほおん	保温	捕音
ほか	他	外
ほかい	外居	行器
ほかく	捕掴	捕獲	保革	補角
ほかけ	帆掛	帆掛け
ほかげ	帆影	火影	灯かげ	灯影
ほかべん	ホカ弁	ほか弁
ほかん	補間	保管	補完	保監	補巻
ほき	補記	歩騎	簠簋	補機
ほきゅう	補給	捕球
ほきん	保菌	補勤
ほくい	北緯	北夷
ほくし	北子	北師
ほくしん	北進	北侵	北辰
ほくせい	北西	北征	北星
ほくそう	北窓	北走
ほくち	北地	火口
ほくてい	北低	北庭
ほくてん	北天	北転
ほくと	北斗	北都
ほくとう	北東	北塔
ほくへん	北偏	北辺
ほくほくせい	北北東	北北西
ほくりょう	北寮	北稜	北陵
ほくろ	黒子	北路
ほくろうらない	黒子占い	ほくろ占い
ほくろおとこ	黒子男	ほくろ男
ほぐしあらい	解し洗い	ほぐし洗い
ほぐしみ	解し身	ほぐし身
ほけつ	補血	補欠	補缺	補闕
ほけん	保険	保險	保健
ほけんい	保険医	保健医
ほけんか	保険課	保健課
ほけんがく	保健学	保険額
ほけんし	保健士	保健師
ほこ	戈	戟	矛	鉾
ほこう	歩行	保香	補講	保甲	匍行	葆光
ほこさき	ホコ先	矛先	鉾先	鋒先	鋒	ほこ先
ほこてん	ホコ天	ほこ天
ほこり	埃	埃り	誇り	矜り	誇
ほこりおとし	ホコリ落し	埃落とし	ほこり落とし	埃落し
ほこりがお	傲り顔	誇り顔
ほこりとり	ホコリ取り	埃取り	ほこり取り
ほこりまみれ	埃まみれ	埃塗れ
ほころび	綻	綻び
ほころびなおし	綻び直し	ほころび直し
ほご	保護	捕護	反故	反古	補語
ほさ	補佐	輔佐	保佐	保査
ほさき	穂先	帆先	ほ先
ほさにん	補佐人	保佐人
ほざ	帆座	ほ座
ほし	星	干し	法師	干
ほしあい	星合	星合い
ほしあかり	星あかり	星明かり	星明り
ほしあじ	干しあじ	干し鯵
ほしあわび	干あわび	干し鮑	干鮑	干しアワビ	干アワビ	干しあわび
ほしい	干し飯	糒
ほしいい	乾し飯	乾飯	干し飯
ほしいも	乾し芋	乾芋	干しイモ	干し芋
ほしいわし	干しいわし	干しイワシ	干し鰯
ほしうお	干魚	干し魚
ほしえび	乾し海老	干しえび	干しエビ	干し海老	干し蝦
ほしか	乾し鰯	乾鰯	干し鰯	干鰯
ほしかげ	星影	星かげ
ほしがい	干し貝	干貝
ほしがき	干し柿	乾し柿	乾柿	干しがき	干柿	ほし柿
ほしがた	星形	星型
ほしくさ	干し草	乾し草	乾草	干草	ほし草
ほしくず	星くず	星クズ	星屑
ほしこ	乾し海鼠	乾海鼠
ほしざお	乾棹	干棹	干竿	干し竿
ほしじるし	☆印	星印
ほしするめ	干し鯣	干鯣
ほしそば	干しそば	干し蕎麦
ほしぞら	星空	星ぞら	ほし空
ほしだこ	干しダコ	干し蛸	干しだこ
ほしつ	保湿	補湿
ほしとり	星取	星取り
ほしとりひょう	星取り表	星取表
ほしにく	乾し肉	干し肉
ほしのり	乾しのり	乾し海苔	乾海苔	干しのり	干し海苔	干海苔
ほしぼし	星々	星ぼし	星星
ほしまつり	星祭り	星まつり	星祭
ほしまわり	星回り	星廻り
ほしめ	星目	星眼
ほしめぐり	星めぐり	星巡り
ほしもち	干し餅	干し餠
ほしもの	乾物	干し物	乾し物	干物
ほしゃ	歩車	補写	補瀉	輔車
ほしゅ	保守	捕手
ほしゅう	補修	補習	保修	捕囚	捕集
ほしょう	補償	保証	保證	保障	保償	歩哨	歩墻	鋪床
ほしょうがく	補償額	保証額	保障額
ほしょうきん	保証金	保障金
ほしょうきんがく	補償金額	保障金額
ほしょうないよう	補償内容	保障内容
ほしょく	捕食	補職	補植	補色	補食
ほしよもぎ	干しヨモギ	干し蓬
ほしわかめ	干しわかめ	干しワカメ	干し若布
ほじ	保持	保字
ほじょ	補助	輔助	保助	ほ助
ほじょう	圃場	捕縄	ほ場
ほじりだし	穿り出し	ほじり出し
ほすい	保水	補水
ほすう	歩数	穂数	補数
ほせい	補正	補整
ほせき	舗石	鋪石
ほせつ	補節	補説
ほせん	補選	保線	補箋
ほぜん	保全	保善
ほそう	舗装	鋪装	補装
ほそうで	細うで	細腕
ほそえだ	細枝	ほそ枝
ほそおもて	細おもて	細面
ほそがた	細型	細形
ほそぎり	細切り	ほそ切り
ほそく	補足	捕そく	捕捉	歩測	補測	保息	歩速	補則
ほそざお	細ざお	細棹
ほそつ	捕卒	歩卒
ほそづくり	細づくり	細作り	細造り
ほそねぎ	細ねぎ	細葱
ほそひも	細ひも	細紐
ほそびき	細びき	細引	細引き	細挽き
ほそみ	細身	細み
ほそみち	細道	ほそ道
ほそめ	細布	細め	細目
ほぞ	蔕	臍
ほぞあな	ホゾ穴	枘穴	ほぞ穴
ほぞおち	臍落ち	蔕落ち	ほぞ落ち
ほぞく	保続	保續
ほぞぐみ	枘組	ほぞ組
ほぞづくり	臍作り	ほぞ作り
ほぞとり	臍取り	ほぞ取り
ほぞぬけ	臍抜け	ほぞ抜け
ほぞのお	臍の緒	ほぞの緒
ほぞろい	穂ぞろい	穂揃い
ほぞん	保存	保ぞん
ほたぎ	榾木	ほた木
ほたて	帆立	帆立て	帆たて
ほたる	螢	火垂る	蛍
ほたるいか	蛍いか	蛍烏賊
ほたるいし	ホタル石	蛍石	ほたる石
ほたるがり	蛍狩	蛍狩り
ほたるねずみ	蛍ネズミ	蛍鼠
ほたるび	蛍火	螢火	ほたる火
ほたるぶくろ	螢袋	蛍袋
ほたるまつり	蛍祭り	ほたる祭り
ほだい	補題	保大
ほだし	絆し	絆
ほちゅう	捕虫	補注	補中	補虫	補註
ほちょう	補聴	歩調
ほっ	法	北
ほっかい	法界	北海
ほっき	発起	発企	北寄	北帰
ほっきょう	北境	法橋
ほっく	法句	発句
ほっけ	法華	法花	北家
ほっこう	北寇	北行	北郊
ほっこく	北國	北国
ほっしん	発しん	発疹	法身	発心
ほっす	払子	法主
ほったい	法躰	法體	法体
ほったて	掘っ立て	掘っ建て	掘立	掘立て
ほったてばしら	掘っ立て柱	掘立柱
ほっぺ	頬っぺ	頰っぺ
ほっぺがわ	頬っぺ側	ほっぺ側
ほっぺた	頬っぺた	頰っぺた	頰つぺた	頰ぺた	頰辺
ほっぺたきん	頬っぺた筋	ほっぺた筋
ほっぽう	北方	北邦
ほつれがみ	解れ髪	ほつれ髪
ほづくり	穂づくり	穂作り
ほてい	保定	補綴	補訂
ほてり	火照り	熱味
ほてん	補てん	補塡	補填	補添
ほてんきん	補塡金	補填金
ほとう	蒲桃	補刀	補湯
ほとけおろし	仏オロシ	仏降ろし
ほとけごころ	仏心	ほとけ心
ほととぎす	不如帰	時鳥	杜鵑	杜鵑草	郭公	霍公鳥	子規
ほとり	滸	畔り	辺
ほとんど	殆ど	殆んど	殆ド
ほど	歩度	程
ほどあい	程合	程合い
ほどう	補導	輔導	歩道	鋪道	舗道
ほどき	紐解	解き
ほどほど	程々	程程
ほなみ	穂並	穂並み	穂波
ほにゅう	哺乳	補乳	補入	ほ乳
ほにゅうるい	哺乳類	ほ乳類
ほねうさぎ	骨ウサギ	骨兎
ほねぐみ	骨組み	骨ぐみ	骨組
ほねつき	骨つき	骨付き
ほねなし	骨なし	骨無し
ほねぬき	骨抜き	骨ぬき	骨ヌキ
ほねぼね	骨々	骨骨
ほのお	炎	焔	焰
ほはば	歩幅	歩はば	歩巾
ほばしら	帆ばしら	帆柱	檣
ほひ	保秘	保肥	補肥
ほひつ	補弼	補筆	輔弼
ほほ	保保	頬	頰
ほほう	補法	歩法
ほほえみ	頰笑み	ほお笑み	ほほ笑み	微笑み
ほほにく	ホホ肉	頬肉	頰肉	ほお肉
ほぼ	保母	保姆
ほまれ	誉れ	誉
ほむら	焔	炎
ほむらいろ	焔色	焰色
ほめうた	誉め歌	ほめ歌
ほめことば	ホメ言葉	褒めことば	褒め言葉	誉め言葉	賞めことば	賞め言葉	ほめ言葉
ほめごと	褒め事	ほめ事
ほめごろし	ホメ殺し	褒め殺し	ほめ殺し
ほめじゅつ	褒め術	ほめ術
ほや	海鞘	火屋
ほやがい	ホヤ貝	海鞘貝
ほやく	補薬	補訳
ほゆう	保有	葡有	保卣
ほよう	保養	補養	歩容	歩揺	補陽
ほよく	補翼	輔翼
ほら	法螺	洞
ほらあな	洞穴	ほら穴
ほらふき	ホラ吹き	法螺吹き
ほり	濠	捕吏	彫り	彫	堀	掘	掘り
ほりあげ	彫り上げ	彫上げ	掘り上げ
ほりあと	堀跡	彫り跡	掘り跡
ほりあな	掘り穴	掘穴
ほりかえ	掘り替え	掘替え
ほりかえし	掘返し	掘り返し
ほりこ	掘り子	掘子
ほりし	彫り師	彫師	掘り師
ほりだし	掘出	掘出し	掘り出し
ほりだしもの	掘り出しもの	掘り出し物	掘出しもの	掘出し物	掘出物
ほりづたい	堀づたい	濠づたい
ほりて	彫り手	掘り手
ほりぬき	堀抜	掘り抜き	掘抜き
ほりばた	堀端	濠端
ほりぶか	ホリ深	彫り深	彫深
ほりぼう	堀り棒	堀棒
ほりもの	彫り物	彫りもの	彫物
ほりもん	彫り紋	彫りもん
ほりゅう	保留	蒲柳
ほりょ	捕虜	捕りょ	補りょ
ほりわり	堀割	堀割り	掘り割	掘り割り	掘割	掘割り
ほるい	保塁	堡塁
ほれぐすり	惚れ薬	ほれ薬
ほろ	保侶	母衣	幌
ほろうけ	幌受	幌受け
ほろかや	幌蚊帳	ほろ蚊帳
ほろほろちょう	ホロホロ鳥	ほろほろ鳥
ほろよい	ホロ酔い	ほろ酔い	ほろ酔
ほんあん	翻案	飜案	本案
ほんい	翻意	本位	本意
ほんいん	本院	本員	本因
ほんえい	本営	本營
ほんえん	本円	本縁
ほんか	本科	本歌	本課
ほんかい	本懐	本会
ほんかん	本館	本幹	本官	本巻	本款	本管	本翰	本艦
ほんがく	本覚	本学
ほんがん	本願	本貫
ほんき	本気	本氣	本機	本記
ほんきょう	本鏡	翻経	本経	本教
ほんきょく	本局	本曲
ほんきん	本菌	本金
ほんぎ	本紀	本起	本義
ほんぎまり	本決まり	本極まり	本極り	本決り
ほんぎょう	本業	本行
ほんくじ	本くじ	本籤	本鬮
ほんぐもり	本曇	本曇り
ほんぐん	本郡	本軍
ほんけ	本家	本卦
ほんけん	本件	本券	本権	本絹	本県
ほんげつ	本月	奔月
ほんこう	本項	本港	本稿	本校	本坑	本講	本工
ほんこわ	本怖	ほん怖
ほんごしらえ	本ごしらえ	本拵え
ほんさい	本妻	本祭
ほんざい	本剤	本罪
ほんし	本紙	本誌	本四	本師	本志	本旨	本姿	本市
ほんしめじ	本しめじ	本占地	本シメジ	本湿地
ほんしょ	本書	本初	本署	本所
ほんしょう	本性	本章	本省	本症	本廠	本生	本証	本證	本しょう	本賞
ほんしん	翻心	翻身	本心	本震
ほんじ	翻字	本児	本地	本字	本寺	本時	本事
ほんじゃく	本尺	本迹
ほんじょう	本城	本生	本条
ほんせい	本姓	本青	本性
ほんせき	本籍	本席
ほんせん	本選	本戦	本船	本銭	本線
ほんぜい	本税	本誓
ほんぜん	本然	本膳
ほんそう	奔走	本葬	本宗
ほんたい	本体	本隊	本態
ほんたて	本立	本立て
ほんだい	本題	本代
ほんだち	本裁	本裁ち
ほんだな	本棚	本だな
ほんち	奔馳	本治	本知
ほんちょう	本庁	本丁	本朝
ほんてん	本店	本展	翻転
ほんでん	本殿	本伝	本田
ほんと	本当	本途
ほんとう	本当	本っ当	本當	奔騰	本島	本党	本盗
ほんとじ	本とじ	本綴じ
ほんどう	本堂	本道
ほんどおり	本通り	本通
ほんにん	本人	本神
ほんねん	本年	本念	本然
ほんば	本場	本葉	奔馬
ほんびき	本びき	本引き
ほんぶん	本文	本分
ほんぺん	本編	本篇
ほんぼう	奔亡	奔忙	本坊
ほんぼし	本ぼし	本ボシ
ほんぽ	本舗	本圃
ほんぽう	本報	本邦	本俸	本峰	本法
ほんまぐろ	本鮪	本マグロ	本まぐろ
ほんみりん	本味醂	本みりん
ほんめい	奔命	本命
ほんめぐり	本めぐり	本巡り
ほんもう	本望	本毛
ほんもの	真物	本物	本もの
ほんもん	本門	本問	本文
ほんやく	翻訳	飜訳	飜譯	本薬	本厄	本役
ほんりゅう	奔流	本流
ほんるい	本塁	本類
ほんれい	本例	本霊
ほんろう	翻弄	飜弄	奔狼
ぼ	戊	謨	帆	穂
ぼいん	母音	母印	戊寅	拇印
ぼう	貿	某	房	暮雨	芒	紡	棒	坊	暴	帽
ぼうあつ	暴圧	防あつ	防圧	防遏	膨圧
ぼうう	暴雨	防雨
ぼううたい	棒うたい	棒歌い
ぼうえいしょう	防衛省	防衛相
ぼうえき	貿易	防疫	某駅	防液
ぼうえん	望遠	防炎
ぼうえんきょうざ	ぼうえんきょう座	望遠鏡座
ぼうおう	暴横	暴王
ぼうおん	防音	忘恩
ぼうか	防火	望火	膨化	ぼう火
ぼうかび	防かび	防カビ	防黴
ぼうかん	傍観	暴漢	防寒	坊官	坊間	貿管	防扞	防捍
ぼうが	忘我	亡我
ぼうがい	妨害	妨碍	妨礙	暴害
ぼうき	忘機	望気	紡機	箒
ぼうきょ	妄挙	暴挙
ぼうきょう	紡協	望郷	防共
ぼうぎ	謀議	謗議	防蟻
ぼうぎゃく	暴虐	暴逆
ぼうぎょ	防御	防ぎょ	防禦
ぼうぎれ	棒きれ	棒ぎれ	棒っきれ	棒っ切れ	棒切れ	ぼう切れ
ぼうくん	暴君	亡君	傍訓	某君
ぼうぐい	棒ぐい	棒杙
ぼうぐみ	棒組	棒組み
ぼうけい	亡兄	傍系	謀計
ぼうけん	冒険	冒險	剖検	剖見	望見	某県
ぼうげん	妄言	暴言	謗言
ぼうこ	望湖	房戸	暴虎
ぼうこう	暴行	奉公	棒鋼	傍孔	膀胱	謀攻
ぼうこうがん	膀胱がん	膀胱ガン	膀胱癌
ぼうこく	旁国	亡国	忘国	某国	謀克	防穀
ぼうさい	防災	亡妻	暴妻	防塞
ぼうさつ	忙殺	謀殺
ぼうさび	防さび	防サビ	防錆
ぼうざさら	棒ざさら	棒簓
ぼうし	防止	暴死	紡糸	法師	帽子	亡姉	某市	某氏	眸子	茅茨	謀士	鋩子
ぼうしつ	亡失	忘失	房室	防湿
ぼうしばり	棒縛	棒縛り
ぼうしゅ	防守	亡主	卯酒	房守	芒種	謀主	宝珠
ぼうしゅく	防縮	房宿
ぼうしゅつ	紡出	剖出
ぼうしょ	某所	防暑
ぼうしょう	傍証	帽章	旁証	某省	謀将
ぼうしょく	暴食	望蜀	紡織	防蝕	防食
ぼうしわ	防しわ	防皺
ぼうしん	亡親	帽針	望診	膨疹	謀臣	防振	防浸	防震
ぼうじ	榜示	亡児	房事	某寺	牓示
ぼうじま	棒じま	棒縞
ぼうじょ	防除	某女
ぼうじょう	棒状	帽状	暴状
ぼうじん	傍人	妄人	暴人	防じん	防刃	防塵
ぼうすい	防水	房水	紡錐	紡錘
ぼうせい	仿製	暴政	防勢	防声	防錆
ぼうせき	紡績	防石	剖析
ぼうせん	防染	防戦	傍線	棒線	忘筌	紡繊	防潜
ぼうそう	暴走	傍層	疱瘡
ぼうたい	棒タイ	暴対
ぼうたかとび	棒高跳び	棒高跳
ぼうだい	膨大	尨大	厖大	傍題	望台	棒大	ぼう大
ぼうだに	防ダニ	防壁蝨
ぼうだら	棒ダラ	棒鱈	棒だら
ぼうち	亡地	某地
ぼうちゅう	膀注	傍注	坊中	忙中	房中	防虫
ぼうちょう	傍聴	膨張	膨脹	坊長	防潮	防諜	防長	包丁	包ちょう	庖丁
ぼうてい	亡弟	亡帝
ぼうとう	暴騰	冒頭	暴投	某党
ぼうとく	冐黷	冒とく	冒涜	冒瀆
ぼうねん	忘年	亡念	某年
ぼうはち	亡八	忘八
ぼうひょう	妄評	暴評	防ひょう	防雹
ぼうび	忘備	防備
ぼうびき	棒引	棒引き
ぼうふ	亡夫	亡父	暴冨	暴富	防腐
ぼうふう	暴風	防風
ぼうぼう	某々	某某
ぼうまん	妄漫	暴慢	膨満
ぼうゆう	亡友	忘憂	暴勇
ぼうよう	亡羊	冒用	望洋
ぼうらん	暴乱	暴亂
ぼうりゅう	傍流	暴流	暴竜	膨隆
ぼうれい	暴戻	亡霊
ぼうろう	望楼	防漏
ぼうろん	傍論	暴論
ぼえん	墓園	墓苑
ぼか	慕何	簿価
ぼかし	暈し	暈かし
ぼかしがら	暈かし柄	ぼかし柄
ぼかしごえ	ボカシ肥	暈し肥
ぼかしまゆ	暈し眉	ぼかし眉
ぼがい	母貝	簿外
ぼき	簿記	慕帰	戊己	母機
ぼきん	募金	ぼ金
ぼく	木	牧	朴	北
ぼくさい	墨彩	牧宰
ぼくしゃ	卜者	牧者	牧舎
ぼくしゅ	墨守	木主
ぼくじ	卜辞	卜辭
ぼくじょう	牧場	卜定	墨縄	ぼく場
ぼくせき	墨跡	墨蹟	木石
ぼくち	卜知	墨池
ぼくちく	墨竹	木竹	牧畜
ぼくちょく	朴直	樸直
ぼくとう	木刀	朴刀
ぼくとつ	木訥	朴とつ	朴訥	木とつ
ぼくねんじん	木念仁	朴念仁
ぼくふ	牧夫	牧父
ぼくや	僕射	牧野
ぼけ	呆け	惚	惚け	木瓜
ぼけあし	ボケ足	惚け足	ぼけ足
ぼけあじ	ボケ味	惚け味
ぼけい	母型	母系
ぼけん	母健	母権
ぼこう	母校	墓壙	母公	母后	母港
ぼこり	誇り	矜り	誇
ぼさい	募債	母妻
ぼさつ	菩薩	簿冊
ぼし	星	母子	墓誌	拇指	暮四	母指	母趾	干し	法師	干
ぼしゅ	墓主	母種
ぼしゅう	募集	暮秋	ぼ集
ぼしょう	暮鐘	母床
ぼしん	戊辰	戌辰	戊申	母神
ぼじゅつ	戊戌	戊戍
ぼじょう	墓上	慕情
ぼせい	母性	墓制	母星
ぼせき	墓籍	墓跡	墓石
ぼせん	母線	母船	母川
ぼそう	墓相	母巣
ぼたい	母体	母胎
ぼたもち	牡丹餅	ぼた餅
ぼたやま	ボタ山	ぼた山
ぼたる	螢	火垂る	蛍
ぼたん	釦	牡丹
ぼたんなべ	ボタン鍋	牡丹鍋
ぼたんゆき	ボタン雪	ぼたん雪	牡丹雪
ぼっ	坊っ	坊	北
ぼっか	墨家	墨花	歩荷	牧歌
ぼっきゃく	没却	墨客
ぼっくい	木杭	棒っくい	棒杭
ぼっけん	木剣	木劒
ぼっこう	勃興	墨光	墨行	墨香
ぼったくりよばわり	ボッタクリ呼ばわり	ぼったくり呼ばわり
ぼっぱつ	ボッ発	勃発	ぼっ発
ぼつ	没	歿
ぼつご	没後	歿後
ぼつぜん	歿前	没前
ぼつねん	没年	歿年
ぼつらく	沒落	没落
ぼてかずら	ボテ鬘	ぼて鬘
ぼてふり	ボテ振り	棒手振	棒手振り
ぼとう	墓塔	暮頭
ぼにゅう	母乳	募入
ぼはん	母斑	墓畔
ぼひょう	墓標	墓表
ぼぼひき	ボボ引き	ぼぼ引き
ぼめい	墓銘	墓名
ぼや	暮夜	小火
ぼやさわぎ	ボヤ騒ぎ	小火騒ぎ
ぼら	鯔	法螺
ぼり	濠	彫り	彫	堀
ぼろ	襤褸	梵論
ぼろあつめ	襤褸集め	ぼろ集め
ぼろいち	ボロ市	ぼろ市
ぼろかぶ	ボロ株	襤褸株
ぼろがい	ボロ買い	襤褸買い
ぼろがち	ボロ勝ち	ぼろ勝ち
ぼろきれ	ボロ切れ	襤褸切	襤褸切れ	ぼろ切れ
ぼろぎ	ボロ着	襤褸着
ぼろくそ	襤褸糞	ぼろ糞
ぼろぐつ	ボロ靴	襤褸靴	ぼろ靴
ぼろすみ	襤褸炭	ぼろ炭
ぼろなき	ボロ泣き	ぼろ泣き
ぼろぬの	ボロ布	襤褸布	ぼろ布
ぼろまけ	ボロ負け	ぼろ負け
ぼろもうけ	ボロ儲け	ぼろ儲け
ぼろや	襤褸屋	ぼろ家
ぼろわた	襤褸綿	ぼろ綿
ぼん	梵	盆	凡	本	坊
ぼんうた	盆唄	盆歌
ぼんおどり	盆踊	盆踊り
ぼんき	盆器	盆期
ぼんきょう	梵筐	梵篋
ぼんくれ	盆暮	盆暮れ
ぼんさい	盆栽	凡才	梵妻
ぼんさく	凡作	凡策
ぼんざる	盆ざる	盆笊
ぼんしゅ	凡主	凡手
ぼんしょう	凡将	凡小	凡聖	梵鐘
ぼんじ	梵字	凡事
ぼんじょう	凡情	盆状
ぼんせん	凡戦	梵仙
ぼんのう	煩悩	煩愡
ぼんのくぼ	盆のくぼ	盆の窪	ぼんの窪
ぼんぼりまつり	雪洞祭り	ぼんぼり祭り
ぽいすて	ポイ捨て	ぽい捨て
ぽっとで	ポッと出	ぽっと出
ぽんこつぐるま	ポンコツ車	ぽんこつ車
ぽんず	ポン酢	ぽん酢
ぽんひき	ポン引き	ぽん引き
ぽんびき	ポン引	ポン引き	ぽん引き
ま	間	魔	真
まあい	間合い	間合
まい	幣	儛	舞い	舞
まいか	毎夏	毎家	真烏賊
まいかい	毎回	玫瑰
まいこ	舞妓	毎戸	舞子
まいご	迷子	迷い子	迷児
まいさい	埋祭	毎歳
まいしゅう	毎秋	毎週
まいしょく	埋植	毎食
まいしん	邁進	まい進
まいじ	毎時	毎次
まいすう	枚数	まい数
まいすがた	舞い姿	舞姿
まいそう	埋葬	昧爽
まいたけ	舞たけ	舞茸	まい茸
まいて	舞い手	舞手
まいとし	毎年	まい年
まいど	毎度	埋土	舞戸
まいない	賂	賂い
まいにち	毎日	まい日
まいまい	毎々	毎毎	巻い巻い	舞い舞い
まいり	参り	詣り	詣
まうえ	真上	ま上
まうしろ	真うしろ	真後	真後ろ	ま後ろ
まえあき	前あき	前明き	前開き
まえあし	前足	前あし	前肢	前脚	まえ足
まえあわせ	前あわせ	前合わせ	前袷せ
まえいわい	前祝い	前祝
まえうけ	前受	前受け
まえうり	前売り	前売
まえかがみ	前かがみ	前屈み
まえかけ	前かけ	前掛	前掛け
まえかご	前かご	前籠
まえかた	前肩	前方
まえかれ	前カレ	前彼
まえがき	前書き	前書
まえがし	前貸し	前貸
まえがみ	前髪	前神
まえくづけ	前句付	前句付け
まえこごみ	前こごみ	前屈み
まえさがり	前下がり	前下り
まえさばき	前さばき	前捌き
まえすそ	前すそ	前裾
まえそで	前そで	前袖
まえだて	前立て	前立
まえだれ	前垂	前垂れ
まえづけ	前付	前付け
まえばらい	前払	前払い
まえばらいきん	前払金	前払い金
まえびき	前びき	前弾き	前挽	前挽き
まえふり	前フリ	前ふり	前振り
まえぶれ	前触れ	前ぶれ
まえまえ	前々	前前
まえわき	前わき	前脇
まえわたし	前渡	前渡し
まえわたしきん	前渡し金	前渡金
まえん	魔宴	魔縁
まおう	魔王	麻黄
まか	摩訶	魔訶
まかつ	摩竭	磨羯
まかない	賄い	賄ヒ	賄
まかないかた	賄い方	賄方
まかないどころ	賄い所	賄所
まがい	摩崖	磨崖	紛い
まがいもの	紛い物	まがい物
まがき	真牡蠣	籬
まがし	間貸	間貸し
まがたま	勾玉	曲玉	まが玉
まがたまづくり	勾玉作り	まが玉づくり	まが玉作り
まがも	真がも	真鴨
まがり	間借り	間借	勾	曲がり
まがりえ	曲がり柄	曲り柄
まがりかど	曲がり角	曲りかど	曲り角	曲角
まがりかん	曲がり管	曲り管
まがりがたな	曲がり刀	曲り刀
まがりきゅうり	曲がりキュウリ	曲がり胡瓜
まがりぎ	曲がり木	曲り木
まがりばしら	曲がり柱	曲り柱
まがりばな	曲がり鼻	曲り鼻	歪り花
まがりみち	曲がり道	まがり道	曲り道
まがりめ	曲がり目	曲り目
まがりや	曲がり家	曲り家	曲家
まがん	真雁	魔眼
まき	巻	卷	牧	巻き	薪	槙	撒き	真木
まきあげ	巻き揚げ	巻揚	巻き上げ	まき上げ	巻上げ	巻揚げ
まきあげき	巻き上げ機	巻き揚げ機	巻上げ機	巻揚げ機
まきあつ	巻き厚	巻厚
まきあみ	巻き網	巻網	旋網	まき網
まきいと	巻き糸	巻糸
まきえ	蒔絵	撒き餌	撒餌	まき絵	まき餌
まきえさ	撒きエサ	撒き餌
まきお	巻き尾	巻尾
まきおろし	巻き下ろし	巻卸	巻卸し
まきかえし	巻き返し	巻きかえし	巻返し
まきがい	巻き貝	巻貝
まきがみ	巻き紙	巻き髪	巻紙	巻髪
まきがり	巻き狩り	巻狩	巻狩り
まきぐせ	巻きぐせ	巻き癖	巻ぐせ
まきぐも	巻き雲	巻雲
まきげ	巻き毛	巻毛
まきこみ	巻込	巻き込み	巻込み
まきごえ	播き肥	播肥	蒔き肥	蒔肥
まきしめ	巻き締め	巻締	巻締め
まきしん	巻きしん	巻き芯
まきじた	巻き舌	巻舌	捲舌
まきじゃく	巻き尺	巻尺
まきす	巻きす	巻き簀	巻き簾
まきすう	巻き数	まき数
まきずし	巻きずし	巻き寿司	巻き鮨	巻寿司	巻鮨
まきせん	巻き線	巻線	捲き線	捲線
まきぞえ	巻き添え	巻きぞえ	巻添え
まきぞめ	卷染	巻染め
まきたばこ	巻きタバコ	巻煙草	巻き煙草	巻きたばこ
まきだま	巻き玉	巻玉
まきつけ	巻付け	巻き付け	播き付け	播付け	蒔き付け	蒔付け
まきづくり	薪づくり	薪作り
まきづめ	巻きづめ	巻き爪
まきとり	巻取	巻き取り	巻取り	捲き取り
まきどこ	蒔き床	まき床
まきどり	巻き鳥	巻き鶏
まきなおし	巻き直し	播き直し	播直し	蒔き直し	蒔直し	まき直し
まきぬの	巻き布	巻布
まきはぎ	巻きはぎ	巻き接ぎ
まきはこび	薪運び	まき運び
まきば	巻葉	槙葉	牧場
まきばね	巻きバネ	巻き発条	巻きばね
まきひげ	巻きひげ	巻き鬚	巻ヒゲ	巻鬚
まきひも	巻きひも	巻き紐
まきふで	卷筆	巻き筆
まきぼかし	蒔きぼかし	蒔き暈し
まきみち	巻き道	巻道
まきもの	巻物	巻き物
まきやま	巻き山	薪山
まきゅう	魔宮	魔球
まきわら	巻き藁	巻藁
まきわり	薪割り	まき割り
まぎょう	マ行	ま行
まぎれ	紛れ	紛ぎれ
まぎわ	間際	真際	間ぎわ
まく	膜	幕
まくあい	幕間	幕あい
まくあき	幕あき	幕開き
まくあけ	幕開け	幕あけ
まくいた	幕板	まく板
まくじょう	膜状	膜上
まくじり	幕じり	幕尻
まくへき	膜壁	幕壁
まくら	枕	摩倶羅
まくらがえし	枕がへし	枕返し
まくらがみ	枕がみ	枕上	まくら上
まくらぎ	枕木	まくら木
まくらぎょう	枕経	まくら経
まくらことば	枕ことば	枕言葉	枕詞	まくら言葉
まくらさがし	枕探し	まくら探し
まくらなげ	枕投げ	まくら投げ
まくらばね	枕ばね	枕発条	枕バネ
まくらべ	枕辺	まくら辺
まくらもと	枕元	枕もと	枕許	まくら元
まくり	海人草	海仁草
まぐさ	秣	馬草	楣
まぐそ	馬ぐそ	馬糞
まぐれあたり	マグレ当たり	マグレ当り	まぐれ当たり	まぐれ当り
まぐろつり	マグロ釣り	鮪つり	鮪釣り
まぐろなわ	鮪縄	まぐろ縄
まぐろぶし	マグロ節	鮪節
まぐろりょう	鮪漁	まぐろ漁
まぐわい	交わい	交合い	媾合	目合い
まけ	敗	負	負け	敗け
まけいくさ	負け戦	負けいくさ	負け戦さ	負け軍	負戦	負軍
まけいぬ	負け犬	負けいぬ	負けイヌ
まけおしみ	負けおしみ	負け惜しみ	まけ惜しみ
まけぐみ	負け組	敗け組	負け組み	負組
まけばら	負け腹	負腹
まけん	マ検	磨研	魔剣	魔犬
まげ	紒	髷	曲げ
まげき	曲げ木	曲木
まげしろ	曲げしろ	曲げ代
まげもの	曲げ物	髷物	曲げもの	まげ物
まげわっぱ	曲げわっぱ	曲げ輪っぱ
まこと	真個	諄	誠	信	真	実
まご	孫	馬子
まごうけ	孫請	孫請け
まごがめ	孫ガメ	孫亀
まごちゃ	マゴ茶	まご茶
まごづる	孫づる	孫蔓
まごびき	孫引	孫引き
まごびさし	孫庇	孫廂
まごむすめ	孫娘	孫ムスメ	孫むすめ
まさい	摩砕	磨砕	真鉏
まさき	柾	正木	真先
まさど	まさ土	真砂土
まさめ	柾目	正目	まさ目
まさりがお	優り顔	まさり顔
まさりぐさ	優り草	まさり草
まざりもの	混ざりもの	混ざり物
まし	磨糸	増し	麻紙
ました	真下	ま下
ましょう	魔性	魔障
ましん	麻疹	痲疹	麻しん	真芯	魔震
まじきり	間仕切	間仕切り
まじぎれ	まじ切れ	マジ切れ
まじない	咒	禁厭い	呪い
まじめざけ	真面目酒	まじめ酒
まじりけ	交じり毛	交じり気	混じりけ	混じり毛	混じり気	雑りけ
まじりもの	交じり物	混じり物
まじろぎ	目じろぎ	瞬ぎ
まじわり	交はり	交り	交わり
まじん	魔人	魔神
ます	枡	桝	升	鱒
ますい	麻睡	麻酔	魔酔
ますおとし	枡落し	枡落とし
ますかき	枡掻	枡掻き
ますかけ	升掛け	枡掛け
ますがた	升形	枡形	舛形
ますぐみ	斗組	枡組	桝組
ますざけ	升酒	枡酒
ますずし	マス寿司	鱒寿司
ますせき	升席	枡席	ます席
ますつり	マス釣り	鱒釣り
ますめ	マス目	升目	枡目	桝目	ます目
ますらお	益荒男	丈夫
ませ	籬	馬柵
ませい	磨製	魔精
ませがき	籬垣	ませ垣
まぜあわせ	交ぜ合わせ	混ぜ合わせ	まぜ合わせ
まぜおり	交ぜ織	交ぜ織り	交織	交織り
まぜがき	交ぜ書き	混ぜ書き	まぜ書き
まぜぐすり	交ぜ薬	混ぜ薬
まぜこぜ	交ぜこぜ	混ぜこぜ
まぜごはん	混ぜごはん	混ぜご飯	混ぜ御飯
まぜそば	混ぜそば	混ぜ蕎麦
まぜむら	混ぜむら	混ぜ斑
まぜめし	混飯	まぜ飯
まぜめん	混ぜめん	混ぜ麺
まぜもの	混ぜもの	混ぜモノ	混ぜ物	雑物	まぜ物
まそん	摩損	磨損
まぞい	真ぞい	真ソイ
また	股	叉
またいとこ	又いとこ	又従兄	又従兄弟	又従姉妹
またうえ	股上	また上
またがし	又貸し	また貸し
またがみ	股上	また上
またぎ	叉木	股木
またぎき	又聞き	また聞き
またぐら	股ぐら	股倉	股座
またさき	股裂	股裂き
またした	股下	また下
またずれ	股擦れ	また擦れ	股ずれ
またたび	木天蓼	股旅	また旅
またども	陪伴	陪供
またはばき	股はばき	股脛巾
またみる	俣水松	俣海松
まためい	又姪	姪孫
まだい	間代	真鯛
まだけ	真竹	苦竹
まだこ	真章魚	真蛸
まだら	真鱈	斑ら	斑
まだらしみ	斑シミ	斑染み
まだれ	麻垂	麻垂れ
まち	都市	町	街	待ち	襠	待
まちあい	待ち合い	待合	待合い
まちあかり	町明かり	街あかり	街明かり	街明り
まちあるき	町歩き	街歩き
まちあわせ	待ちあわせ	待合せ	待ち合わせ
まちいんぐ	街ing	街イング
まちうけ	待受	待ち受け
まちおこし	町おこし	町興し	町起こし	街おこし	町起し
まちかど	町角	街角	町かど	街かど
まちがい	間違い	間ちがい	間違ひ
まちきん	マチ金	街金
まちぎ	町着	街着
まちごえ	待ち肥	待肥
まちすじ	町すじ	町筋	街筋
まちずまい	町住い	町住まい
まちそだて	町育て	まち育て
まちだね	街ダネ	街種
まちつけ	マチ付け	襠付け	まち付け
まちづくり	町作り	町づくり	街づくり	町造り	街作り	まち作り
まちなか	町中	町なか	街なか	まち中	街中
まちなみ	町並み	街並み	町なみ	町並	街なみ	街並	まち並み
まちのり	街乗り	町乗り
まちはずれ	町はずれ	町外れ	町端	町端れ	街はずれ	街外れ
まちはば	マチ幅	町幅	街幅	襠幅
まちば	町場	街場
まちばし	待ち橋	待橋	町橋
まちばり	マチ針	待ち針	待針	まち針
まちびと	待人	待ち人	町びと	町人
まちぶせ	待ち伏せ	待ちぶせ	待伏せ
まちぶれ	町触	町触れ
まちぼうけ	待ちぼうけ	待ち呆け	待ち惚け	待惚け
まちまち	街々	町々	町まち	町町
まちまわり	町回り	町廻	町廻り
まちや	町家	町屋
まちわり	町割	町割り
まっき	末期	真っ黄
まっきがん	末期がん	末期ガン	末期癌
まっこう	抹香	真っ向	末項	真向
まっさいちゅう	真最中	真っ最中	まっ最中
まっさお	真っ青	真ッ青	真青	まっ青	まッ蒼	まッ青
まっさかり	真っ盛り	真盛り	まっ盛り
まっさき	真先	真っ先	真ッさき	真先き	まっ先	まッ先
まっし	末子	末姉
まっしぐら	真っしぐら	驀ら	驀地
まっしょう	抹消	末しょう	末梢	末章	まっ消
まっただなか	真っ直中	真っ只中	真只中	真直中	真っただ中	まっただ中
まっち	燐寸	火燧
まっぱだか	真っ裸	真裸	真躶	まっ裸
まっぴるま	真っ昼間	真昼間	まっ昼間
まつ	松	末
まつえい	末裔	末えい
まつか	マツ科	松科
まつかげ	松かげ	松影	松陰
まつかさ	松かさ	松毬	松笠
まつかざり	松飾	松飾り
まつくい	松クイ	松くい	松喰	松食い
まつげ	マツ毛	睫毛	目つげ	睫	まつ毛
まつげさばき	睫捌き	まつ毛さばき
まつげはげ	睫剥げ	睫毛禿	まつ毛はげ
まつすぎ	松杉	松過ぎ
まつぜみ	松蝉	松蟬
まつたけ	松たけ	松茸	松蕈
まつづくし	松づくし	松尽くし
まつばやし	マツ林	松林
まつぼっくり	松ぼっくり	松毬
まつむし	松虫	まつ虫
まつやに	松やに	松ヤニ	松脂
まつり	祭	祭り	祀り	茉莉
まつりごと	まつり事	政
まつりぬい	纏り縫い	まつり縫い
まつりばやし	祭りばやし	祭り囃子	祭囃子
まてがい	マテ貝	馬刀貝	まて貝
まてん	摩天	魔天
まと	魔都	的
まとあて	的当て	まと当て
まとい	円居	的射	纏
まとはずれ	的外れ	的はずれ
まとまり	纏まり	纏り
まとめ	纒	纏め
まとめあげ	纏め上げ	まとめ上げ
まとめあらい	纏め洗い	まとめ洗い
まとめかた	纏め方	まとめ方
まとめがい	纏め買い	まとめ買い
まとめがき	纏め書き	まとめ書き
まとめがみ	纏め髪	まとめ髪
まとめぐい	纏め食い	まとめ食い
まとめづくり	纏め作り	まとめ作り
まとめぶん	纏め文	まとめ文
まとめや	纏め屋	まとめ屋
まとめやく	纏め役	まとめ役
まどあかり	窓明かり	窓明り
まどい	円居	団居	惑い
まどう	魔導	魔道
まどうし	魔導師	魔道士
まどかけ	窓かけ	窓掛	窓掛け
まどぎわ	窓ぎわ	窓際
まどごし	窓ごし	窓越し
まどふき	窓ふき	窓拭き
まどべ	窓辺	窓べ
まどり	間取り	間取
まどりず	間取り図	間取図
まどろみ	目蕩み	微睡
まどわく	窓わく	窓ワク	窓枠
まな	末那	真名	真魚
まないた	マナ板	俎	俎板	爼板	真魚板	まな板
まなかい	目交	眼交	眼間
まなご	細砂	真砂	愛子
まなざし	眼差し	目なざし	目差	目差し	眼ざし	眼差	まな差し
まなし	間なし	間無し
まなじり	眥	眦
まなづる	真鶴	真名鶴
まなびや	学び舎	学びや	学舎
まなむすめ	愛娘	まな娘
まにあわせ	間に合わせ	間にあわせ
まねき	機躡	招き
まねきねこ	招きネコ	招き猫
まねごと	真似ごと	真似事	まね事
まのあたり	目の当たり	目の当り	目のあたり	まの当たり	眼のあたり
まのび	間のび	間伸び	間延び
まはぜ	真鯊	真沙魚
まひ	痲痺	麻ひ	麻痺
まひと	眞人	真人
まひる	真昼	真晝
まびき	間引き	間引
まびさし	目庇	眉庇
まふう	魔封	魔風
まぶし	眶	蔟	塗し
まぶた	目蓋	眼ぶた	眼蓋	瞼
まぶたがわ	目蓋側	瞼側	まぶた側
まぶち	目縁	眼縁
まほ	馬歩	真帆
まま	媽媽	儘	侭	飯
ままおや	継親	まま親
ままこ	継粉	飯子	継児	継子	まま子
ままはは	継母	まま母
まみ	魔味	魔魅	猯	目見
まみあな	マミ穴	狸穴
まむかい	真向い	真向かい
まむし	蝮	間蒸し
まむしぐさ	蝮草	まむし草
まめあじ	豆あじ	豆鯵	豆アジ
まめいり	豆炒り	豆煎り
まめおとこ	マメ男	忠実男
まめか	マメ科	荳科	豆科	まめ科
まめかす	豆かす	豆カス	豆粕
まめかん	豆かん	豆羹
まめがら	豆幹	豆殻
まめこ	豆こ	豆コ
まめごはん	豆ごはん	豆御飯
まめしば	マメ柴	豆柴	豆しば
まめしぼり	豆しぼり	豆絞り
まめたん	マメ単	豆単	豆炭
まめだぬき	豆だぬき	豆狸
まめつ	摩滅	磨滅
まめつぶ	豆粒	豆つぶ	豆ツブ
まめつまみ	豆つまみ	豆摘み
まめびしゃく	豆びしゃく	豆柄杓
まめふくろう	豆フクロウ	豆梟
まめまき	豆まき	豆撒き
まめもやし	豆もやし	豆萌やし
まもう	摩耗	磨耗
まもり	守り	守
まもりがたな	守り刀	守刀	護り刀
まもりがみ	守り神	守神	護り神
まもりて	守り手	護り手
まもりふだ	守り札	守札
まもりぶくろ	守り袋	守袋
まもりやく	守り役	護り役
まやく	麻薬	魔薬
まゆ	眉	繭
まゆいれ	繭入れ	まゆ入れ
まゆおき	繭置	繭置き
まゆかくし	眉かくし	眉隠し
まゆがしら	眉がしら	眉頭	まゆ頭
まゆけば	繭毛羽	繭毳
まゆげ	マユ毛	眉毛	まゆ毛
まゆごもり	繭ごもり	繭籠り	繭籠もり
まゆじり	眉じり	眉尻
まゆずみ	眉墨	黛	まゆ墨
まゆそり	眉ソリ	眉剃り
まゆだま	繭玉	まゆ玉
まゆつば	眉ツバ	眉唾	眉つば
まゆつばもの	眉唾物	眉唾もの
まゆづくり	繭づくり	繭作り	まゆ作り
まゆばさみ	眉ばさみ	眉バサミ	眉鋏
まゆみ	檀弓	檀	真弓
まよい	迷い	迷ひ
まよいばし	迷いばし	迷い箸	まよい箸
まよけ	魔除け	魔よけ	魔除
まよこ	真横	ま横
まら	摩羅	魔羅
まり	鞠	毬
まりつき	鞠つき	鞠突き
まりなげ	鞠投げ	まり投げ
まる	丸	円
まるあき	丸あき	丸明き
まるあじ	丸鯵	丸あじ	丸アジ
まるあみ	丸編	丸編み
まるうち	丸打	丸打ち
まるえり	丸襟	円領
まるかじり	丸かじり	丸齧り
まるがい	マル害	丸害
まるがお	丸顔	円顔
まるがかえ	丸抱え	まる抱え
まるがさ	丸笠	圓笠
まるがた	丸形	丸型	まる型
まるがっぱ	丸ガッパ	丸合羽	丸がっぱ
まるがり	丸刈り	丸刈
まるき	独木	丸木
まるきん	マル緊	丸緊
まるぎこえ	丸ぎこえ	丸聞こえ	まる聞こえ
まるぐけ	丸ぐけ	丸絎	丸絎け
まるざい	丸材	マル財
まるざや	丸ざや	丸莢
まるしん	丸心	丸芯
まるじるし	○印	丸印
まるぞめ	丸染	丸染め
まるたい	丸対	マル対
まるだし	丸出し	丸だし	まる出し
まるつぶれ	丸つぶれ	丸潰れ
まるづけ	丸漬	丸漬け
まるどり	丸取り	丸鶏
まるなす	丸ナス	丸茄子
まるのこ	丸のこ	丸ノコ	丸鋸
まるのみ	丸のみ	丸呑み	丸飲み
まるはぎ	丸はぎ	丸剥ぎ
まるばしら	丸柱	円柱
まるひ	マル秘	丸秘
まるひも	丸ひも	丸紐
まるぺけ	丸ペケ	丸ぺけ
まるぼう	マル暴	丸帽	丸暴	丸棒
まるぼし	丸干	丸干し
まるぼり	丸彫	丸彫り
まるまげ	丸まげ	丸髷	円髷
まるまど	丸窓	円窓
まるまる	丸丸	団団	丸々
まるみ	丸味	丸み	円み	丸身
まるみえ	丸見え	まる見え
まるむき	丸むき	丸剥き
まるめ	丸目	丸め
まるもうけ	丸もうけ	丸儲け
まるもち	丸もち	丸餅
まるやね	丸屋根	円屋根
まるゆう	マル優	丸優
まるわかり	丸わかり	丸分かり
まるわく	丸ワク	丸枠
まれびとがみ	客神	まれびと神
まわし	回し	廻し
まわしうち	回し打ち	まわし打ち
まわしげり	回し蹴り	廻し蹴り	まわし蹴り
まわしすがた	回し姿	まわし姿
まわしのみ	回し飲み	まわし飲み
まわしもの	回し者	廻し者	まわし者
まわしよみ	回し読み	まはし読み	まわし読み
まわり	廻り	周り	回り	囲り
まわりあわせ	回り合せ	回り合わせ
まわりえん	回り縁	回縁
まわりどめ	回り止め	廻り止め
まわりぶち	回りぶち	回り縁	廻り縁
まわりぶろ	マワリ風呂	回り風呂
まわりみち	回り道	回り路	廻り道	まわり道
まん	幔	慢	満
まんえん	慢延	蔓延	蔓衍	満園	まん延
まんかい	満開	満会	まん開
まんかん	マン管	満干	満漢	満艦	満韓	滿韓
まんが	漫画	漫畫	馬鍬
まんがか	マンガ家	漫画化	漫画家	まんが家
まんがきっさ	マンガ喫茶	漫画喫茶	まんが喫茶
まんがん	満款	満貫	満願
まんきつ	満喫	漫喫	まん喫	マン喫
まんげ	マン毛	万華	まん毛
まんげつ	満月	まん月
まんげん	万言	満限	漫言
まんこう	満腔	漫稿	謾稿
まんご	満語	漫語
まんさく	万作	満作
まんざい	漫才	万歳
まんしん	慢心	満身
まんじともえ	卍ともえ	卍巴	まんじ巴
まんじゅ	万寿	満珠	萬寿
まんじゅう	饅頭	満寿
まんじょう	満場	満城
まんせい	万世	慢性	蔓生
まんせん	満鮮	満線	満船
まんぞく	満足	満ぞく	満族	まん足
まんだら	曼茶羅	曼荼羅	曼陀羅
まんちょう	満潮	満脹
まんてん	万天	満点	満天	漫天
まんどう	万灯	満堂
まんなか	真ん中	真んなか	真ン中	真中	まん中	まン中
まんねん	萬年	万年
まんねんひつ	萬年筆	万年筆
まんば	慢罵	漫罵
まんぱい	満杯	満ぱい	満パイ	満配
まんびき	万引き	万引
まんぴょう	満票	漫評
まんぷく	満腹	万福	満幅	萬福
まんべん	万遍	満遍
まんぼう	翻車魚	まん防
まんぽ	万歩	漫步	漫歩
まんまえ	真ん前	真前	まん前
まんまる	真ん丸	真丸	まん丸
まんまんいち	万々一	万万一
まんよう	万葉	萬葉
まんりょう	満了	万両	満量	鰻寮
まんろく	漫錄	漫録
まーじゃんてん	マージャン店	麻雀店
み	身	躬	実ぃ	箕	巳	見	実
みあい	見合い	見合ひ	見合
みあら	身あら	身粗
みいり	実入り	身入り
みうけ	見受	身受け	身請	身請け	見受け
みうごき	身動き	身うごき
みうち	身内	身うち
みえ	見え	見得	見栄
みえかくれ	見え隠れ	見えかくれ	みえ隠れ
みえがくれ	見えがくれ	見え隠れ
みえっぱり	見えっ張り	見栄っぱり	見栄っ張り
みえぼう	見え坊	見栄坊
みえみえ	見え見え	見えみえ
みお	水脈	澪
みおくり	見送り	見おくり
みおさめ	見おさめ	見収め	見納め
みおとり	見劣り	見おとり
みおぼえ	見覚え	見憶え	見おぼえ	身覚え
みかい	味解	未開
みかえり	見返り	見返えり	見返
みかく	味覚	味覺	未格
みかけ	見かけ	見掛け
みかじめりょう	ミカジメ料	見ケ〆料	みかじめ料
みかた	味方	御方	身方	見方
みかど	帝	御門
みかわ	御溝	身皮
みかん	蜜柑	未刊	未完
みかんいろ	ミカン色	みかん色	蜜柑色
みがい	見がい	見甲斐
みがき	磨き	研き	身欠	身欠き
みがまえ	身がまえ	身構え
みがら	身柄	身がら
みがわり	身代わり	身替り	身替わり	身代り	身替
みき	幹	神酒	御酒
みきいと	幹イト	幹糸
みきまわり	幹まわり	幹周り	幹回り
みぎあがり	右上がり	右上り
みぎあご	右あご	右顎
みぎあし	右足	右脚	みぎ足
みぎうしろ	右うしろ	右後ろ
みぎうち	右打ち	右打
みぎえり	右えり	右襟
みぎかかと	右かかと	右踵
みぎかた	右肩	右かた
みぎかべ	右かべ	右壁
みぎからげ	右からげ	右絡げ
みぎがわ	右側	右がわ
みぎきき	右きき	右利き
みぎこぶし	右こぶし	右拳
みぎさがり	右下がり	右下り
みぎすみ	右隅	右スミ
みぎそで	右そで	右袖
みぎとじ	右とじ	右綴じ
みぎどなり	右隣	右どなり	右隣り
みぎなげ	右投げ	右投
みぎななめ	右ナナメ	右斜め
みぎねじ	右ねじ	右螺子
みぎはし	右端	右はし
みぎはじ	右端	右はじ
みぎはらい	右はらい	右払い
みぎひざ	右ひざ	右ヒザ	右膝
みぎひじ	右肘	右ひじ	右ヒジ	右肱	右臂
みぎひねり	右ひねり	右捻り
みぎふくらはぎ	右ふくらはぎ	右脹脛
みぎへり	右へり	右縁
みぎほお	右ほお	右頬	右頰
みぎまがり	右曲がり	右曲り
みぎまぶた	右まぶた	右瞼
みぎまわり	右回り	右まわり
みぎめ	右目	右眼
みぎもも	右もも	右腿	右股
みぎよせ	右よせ	右寄せ
みぎより	右寄り	右より
みぎり	砌	砌り
みぎわ	身際	汀	渚
みぎわき	右脇	右わき
みくじ	御籤	神くじ	神籤
みくず	水くず	水屑
みくだりはん	三行半	三下り半
みぐし	御頭	御髪
みぐるみ	身ぐるみ	身包み
みけ	三毛	御食	御饌
みけっさい	未決済	未決裁
みけん	眉間	未見
みこ	巫女	皇子	巫子	神子	御子	皇女	王
みこし	神輿	御輿	見越	見越し
みこしあらい	御輿洗い	神輿洗
みこと	尊	御言	み言	命
みことのり	詔	勅
みこどり	巫鳥	みこ鳥
みこみ	見込み	見こみ	見込ミ	見込
みこみがく	見込み額	見込額
みこみきんがく	見込み金額	見込金額
みこん	未婚	未墾
みごしらえ	身ごしらえ	身拵え
みごたえ	見ごたえ	見応え
みごろ	身頃	身ごろ	見頃	見ごろ
みさ	弥撒	彌撒
みさかい	見さかい	見境	見境い
みさき	岬	御崎	碕
みさきめぐり	岬めぐり	岬巡り
みさご	雎鳩	鶚
みささぎ	山陵	陵
みしゅう	未習	未修	未収
みしょう	実生	未生	未詳
みじまい	身じまい	身仕舞い
みじょう	身性	身状
みじろぎ	身じろぎ	身動ぎ
みじんぎり	微塵切り	みじん切り
みじんこ	微塵子	微塵粉
みす	御簾	翠簾	美須
みすぎ	身すぎ	身過ぎ
みすず	み篠	み篶
みずあか	水アカ	水あか	水垢
みずあかり	水明かり	水明り
みずあげ	水あげ	水上げ	水揚げ	水揚
みずあそび	水遊び	水あそび
みずあたり	水あたり	水中り
みずあび	水浴び	水あび
みずあめ	水あめ	水アメ	水飴
みずあらい	水あらい	水洗い
みずあらそい	水あらそい	水争い
みずあわせ	水あわせ	水合わせ
みずいぼ	水いぼ	水疣
みずいろ	水色	水いろ	みず色
みずえ	水絵	瑞枝
みずえのぐ	水絵の具	水絵具
みずおけ	水おけ	水桶
みずおしろい	水おしろい	水白粉
みずおち	水落	水落ち	鳩尾
みずかい	水飼	水飼い
みずかえ	水かえ	水換え	水替	水替え
みずかがみ	水かがみ	水鏡
みずかき	水掻き	水かき	水搔き	蹼
みずかけ	水掛け	水掛	水かけ
みずかけろん	水掛論	水掛け論
みずかげ	水かげ	水影
みずかさ	水嵩	水かさ
みずかぶり	水かぶり	水被り
みずから	自ら	自から	自ラ
みずがき	瑞垣	みず垣
みずがめ	水瓶	水がめ	水かめ	水ガメ	水甕
みずがめざ	水瓶座	みずがめ座
みずがれ	水がれ	水枯れ	水涸れ
みずがわり	水がわり	水代わり
みずき	水木	みず木
みずきり	水切り	水きり
みずぎ	水着	水ぎ
みずぎれ	水切	水切れ
みずぎわ	水際	水ぎわ
みずくき	水茎	水莖
みずくみ	水汲み	水くみ
みずくらげ	水クラゲ	水水母
みずぐも	水グモ	水蜘蛛
みずけ	水気	水け
みずごけ	水ごけ	水ゴケ	水苔	水蘚
みずごり	水ごり	水垢離
みずさかずき	水杯	水盃
みずさし	水差し	水さし	水指	水差
みずさらし	水さらし	水晒し	水曝し
みずしぶき	水飛沫	水しぶき
みずしめ	水締	水締め
みずじらみ	水ジラミ	水虱
みずすまし	水すまし	水澄し	水澄まし
みずぜめ	水攻め	水責め
みずたき	水炊き	水たき	水炊
みずたたき	水たたき	水叩き
みずたま	水たま	水玉
みずたまり	水溜まり	水たまり	水溜	水溜り
みずだこ	水だこ	水ダコ	水蛸
みずっぱな	水っぱな	水っ洟	水ばな	水洟	水鼻
みずつぎ	水次	水注ぎ
みずとき	水どき	水溶き	水とき
みずとり	水鳥	水取り
みずどめ	水止	水止め
みずな	水菜	みず菜
みずなぎ	水薙	水菜葱
みずなす	水ナス	水なす	水ナスビ	水茄子
みずぬき	水ぬき	水抜	水抜き
みずのみ	水飲み	水のみ	水呑	水呑み	水飲
みずはけ	水はけ	水ハケ	水捌け
みずばかり	水秤	水計	水計り
みずばけ	水ばけ	水刷毛
みずばれ	水ばれ	水腫れ
みずひき	水引	水引き
みずびき	水びき	水挽き
みずびたし	水浸し	水びたし
みずぶき	水ぶき	水拭き
みずぶくれ	水ぶくれ	水脹れ	水膨れ
みずぶとり	水ぶとり	水太り
みずぶろ	水ぶろ	水風呂
みずへびざ	水蛇座	みずへび座
みずべ	水辺	水べ
みずほがわ	瑞穂側	みずほ側
みずぼうそう	水疱瘡	水ぼうそう
みずぼかし	水ぼかし	水暈し
みずまき	水まき	水撒き
みずまくら	水まくら	水枕
みずまわり	水まわり	水回り	水周り
みずみみず	水みみず	水ミミズ	水蚯蚓
みずもち	水もち	水持ち	水餅
みずもどし	水もどし	水戻し
みずもの	水もの	水物
みずもり	水盛	水盛り
みずもれ	水もれ	水洩れ	水漏れ
みずやり	水やり	水遣り
みずようかん	水羊羹	水ようかん
みずら	美豆良	角髪	鬟
みずわさび	水ワサビ	水山葵
みずわた	水ワタ	水綿
みずわり	水割り	水割
みせ	店	見世
みせいさん	未清算	未精算
みせうり	店売り	店売
みせかけ	見せ掛け	見せかけ
みせがかり	店懸かり	店懸り
みせがまえ	店構え	店構
みせさき	店先	店さき
みせじまい	店じまい	店仕舞	店仕舞い
みせだし	店だし	店出し
みせだな	店棚	見世棚
みせづくり	店づくり	店作り
みせどころ	見せどころ	見せ所
みせなみ	店並	店並み
みせみせ	店々	店店
みせもの	見せもの	見せ物	見世物
みせや	店屋	店や
みそ	味噌	味噲	味そ
みそか	三十日	晦日
みそかごと	密か事	みそか事
みそぎ	禊ぎ	禊	練沐	御衣木
みそしる	味噌汁	みそ汁
みそづけ	味噌漬け	みそ漬け
みそはぎ	千屈菜	溝萩	禊萩
みそら	身そら	身空
みぞ	溝	御衣
みぞあな	溝穴	みぞ穴
みぞう	未曽	未曽有	未曾	未曾有
みぞれず	霙酢	みぞれ酢
みぞれなべ	霙鍋	みぞれ鍋
みぞれまじり	霙まじり	霙交じり
みぞれやき	みぞれ焼	みぞれ焼き
みぞれゆき	霙雪	みぞれ雪
みたけ	御嶽	御獄	身丈
みたて	見立	見たて	診立て	見立て
みたま	御魂	み魂	御霊	み霊
みだくさん	実沢山	実だくさん
みだし	見出し	見だし	見出
みだしなみ	身だしなみ	身嗜	身嗜み
みだりごこち	みだり心地	乱り心地
みだれがき	乱れ書き	みだれ書き
みだれがみ	乱れ髪	みだれ髪
みち	道	未知	路	途	通
みちかけ	盈虧	満ち欠け	盈ち虧け
みちかど	路角	道角
みちがわり	道がわり	道代わり
みちしお	満ち潮	みち潮
みちしるべ	道しるべ	道標
みちじゅん	道順	道じゅん
みちすじ	道すじ	道筋
みちぞい	道沿い	道添い
みちっぱた	道っぱた	道っ端
みちづくり	道づくり	道作り
みちづれ	道連れ	道づれ	道ズレ	道伴れ
みちなし	道なし	道無し
みちのべ	道のべ	道の辺	道辺
みちのり	道のり	道乗り	道程
みちはば	路幅	道はば	道幅
みちばた	道端	路ばた	路端	道ばた	道傍
みちひ	満ち干	満干
みちひらき	道ひらき	道開き
みちびき	導き	道引
みちゆき	道行	道行き
みちわき	道わき	道脇
みっけい	密契	密計
みっこう	密航	密行
みっしょく	密植	密殖
みっそう	密葬	密奏	密送
みっちゃく	密着	みっ着
みつあみ	三つ編	三つあみ	三つ編み	三編み
みつぎ	密儀	密議	見継ぎ	身続ぎ	貢ぎ	貢
みつぎもの	貢ぎ物	貢物
みつけ	見付	見附
みつご	蜜語	三つ子
みつじ	密事	密邇
みつせん	蜜腺	蜜銭
みつぞう	密造	密蔵
みつどもえ	三つどもえ	三つドモエ	三つ巴	三ツ巴	三巴
みつば	三つ葉	三ツ葉	三葉
みつばち	蜜バチ	蜜蜂
みつぼし	三ッ星	三つ星
みつまめ	蜜豆	みつ豆
みつもり	見積もり	見積り	見積
みつもりがく	見積もり額	見積り額	見積額
みつもりきんがく	見積もり金額	見積り金額	見積金額
みつもん	三つ紋	三ツ紋
みつりょう	密漁	密猟
みつろう	蜜ろう	蜜蝋	蜜蠟
みづくろい	身づくろい	身繕	身繕い	身繕ろい
みとう	味到	未到	未踏
みとおし	見通し	見通
みとめいん	認印	認め印
みとり	見取	見取り
みとりず	見取り図	見取図
みどう	御堂	み堂
みどく	味読	未読
みどころ	見どころ	見所	見処	み所
みどり	緑	綠	翠	見どり	見取り
みどりいろ	ミドリ色	緑色	緑いろ	みどり色
みどりうんち	緑うんち	緑ウンチ
みどりぐみ	緑組	みどり組
みどりず	緑酢	みどり酢
みどりのてちょう	緑の手帳	みどりの手帳
みな	皆	咸
みなおし	見直し	箕直し	見直	見なおし
みなげ	身なげ	身投げ
みなごろし	皆殺し	みな殺し
みなし	看做	見做し	見なし
みなしご	孤児	みなし子
みなそこ	水底	みな底
みなと	港	湊
みなとづくり	港作り	湊づくり
みなとまち	港町	湊町	港街
みなとまつり	港まつり	港祭り
みなみがわ	南側	南がわ
みなみざま	南ざま	南様
みなみじゅうじざ	みなみじゅうじ座	南十字座
みなみだまり	南溜	南溜まり
みなみづめ	南詰	南詰め
みなみな	皆皆	皆々
みなみなさま	皆皆さま	皆皆様	皆々さま	皆々様
みなみのうおざ	南の魚座	みなみのうお座
みなみのかんむりざ	南の冠座	みなみのかんむり座
みなみのさんかくざ	南の三角座	みなみのさんかく座
みなみまわり	南まわり	南回り
みなみむき	南むき	南向き
みならい	見習い	見習
みなり	身なり	身形	身形り	身態	身装り
みね	峰	峯	嶺
みねいり	峰入	峰入り
みねうち	峰打	峰打ち
みねぐも	峯雲	峰雲
みのしろ	身代	身の代
みのしろきん	身代金	身の代金
みのほど	身の程	身のほど
みのまわり	身の回り	身の廻り	身のまわり
みのむし	蓑虫	みの虫
みのり	実り	稔り
みはらい	未払い	未払
みはらいがく	未払い額	未払額
みはらいきゅうよ	未払い給与	未払給与
みはらいきん	未払金	未払い金
みはらいきんがく	未払い金額	未払金額
みはらいこみ	未払込	未払込み	未払い込み
みはらいちんぎん	未払い賃金	未払賃金
みはらし	見晴らし	見はらし	見晴し	見晴
みはり	見張り	見張
みばえ	見栄え	見ばえ	見映え	実蠅
みばれ	身晴れ	身バレ
みひらき	見開き	見開
みびいき	身贔屓	身びいき
みふりこみ	未振込み	未振り込み	未振込
みぶり	身ぶり	身振り
みぶるい	身ぶるい	身慄い	身震い
みぶん	身分	未分
みまい	見舞い	見まい	見舞
みまいきん	見舞い金	見舞金
みまいじょう	見舞い状	見舞状
みまね	見真似	見まね
みまわり	見廻り	見まわり	見廻	身回り	身廻	身廻り	見回り
みみあか	耳あか	耳アカ	耳垢
みみあたり	耳あたり	耳当たり
みみうち	耳うち	耳打ち
みみうんこ	耳うんこ	耳ウンコ
みみかき	耳かき	耳掻き
みみかくし	耳かくし	耳隠し
みみかす	耳かす	耳カス	耳滓
みみきき	耳利き	耳聞き
みみくそ	耳くそ	耳クソ	耳糞
みみぐけ	耳ぐけ	耳絎け
みみさと	耳聡	耳聰
みみざわり	耳触り	耳ざわり
みみず	蚯蚓	耳穴
みみずく	木兎	木菟
みみずばれ	ミミズ腫れ	蚯蚓脹れ	みみず腫れ
みみずふろ	ミミズ風呂	蚯蚓風呂
みみせん	耳せん	耳栓
みみたこ	耳タコ	耳胼胝
みみたぶ	耳朶	耳たぶ
みみだに	耳ダニ	耳壁蝨
みみつぼ	耳つぼ	耳ツボ	耳壺
みみなし	耳なし	耳無
みみなり	耳鳴り	耳鳴	彌彌那利	耳なり
みみもと	耳元	耳もと	耳許
みみわ	耳環	耳輪
みむき	見むき	見向き
みもだえ	身悶え	身もだえ
みもち	身もち	身持	身持ち
みもと	身元	身もと	身許
みもの	見もの	実物	見物
みゃくつり	ミャク釣り	脈釣り
みゃくはく	脈拍	脈はく	脈搏	脈摶
みやけ	宮家	官家	屯倉
みやげえらび	土産選び	みやげ選び
みやげがわり	土産がわり	土産代わり
みやげだい	土産代	みやげ代
みやげてん	土産店	みやげ店
みやげばなし	土産話	みやげ話
みやげひん	土産品	みやげ品
みやげもの	土産物	土産もの	みやげ物
みやげものてん	土産物店	土産もの店	みやげもの店	みやげ物店
みやげものや	土産物屋	土産もの屋	みやげもの屋	みやげ物屋
みやげや	土産屋	みやげ屋
みやこうつり	都うつり	都遷り
みやこおち	都落	都落ち
みやこおどり	都をどり	都踊
みやこづくり	都作り	都造り
みやこびと	都びと	都人	みやこ人
みやこぼこり	都誇り	みやこ誇り
みやつこ	御家つ子	造
みやび	雅	雅び	伊雅
みやまいり	宮参り	宮詣り
みゆき	御幸	行幸	深雪	御行
みょうおう	妙応	明王
みょうが	冥が	冥加	茗荷
みょうがいろ	茗荷色	みょうが色
みょうぎょう	妙行	明経
みょうこう	妙光	妙工	妙香
みょうご	冥護	明後
みょうごう	冥合	名号	名香
みょうしゅ	妙趣	妙手
みょうじ	名字	苗字
みょうねん	妙年	明年
みょうばん	明ばん	明晩	明礬
みょうもん	名聞	妙門	明門
みょうり	冥利	名利
みょうりょ	冥慮	瞑慮
みょうれい	妙齢	妙麗
みよ	御代	三世	御世
みより	身より	身寄り
みらい	未来	未來	味蕾
みりょう	魅了	未了	魅魎
みる	水松	海松
みるがい	海松貝	みる貝
みわけ	身分け	見分け
みんかん	民間	民官
みんぎょう	民業	民行
みんけい	民刑	民警
みんげい	民芸	民藝
みんこう	民航	民工
みんし	明史	民資
みんしゅ	民主	民種
みんしゅう	民衆	民集
みんしん	明清	民心
みんじ	民自	民事
みんせい	民生	民青	民政
みんせん	明銭	民撰	民選
みんぞく	民族	民俗
みんぞくがく	民族学	民俗学
みんぞくし	民族誌	民俗誌
みんとう	民黨	民党
みんな	皆んな	皆
みんぴ	民卑	民費
みんぼう	民暴	民望
みんぽう	民法	民放	民報
みんみんぜみ	ミンミン蝉	みんみん蝉
みんよう	民窯	民謡	民よう	民用	民踊
むい	無為	無位	無医	無意
むえん	無塩	無援	無煙	無烟	無鉛
むえんか	無煙化	無鉛化
むか	無化	無価
むかい	夢界	向い	迎い	向かい
むかいあわせ	向いあわせ	向い合せ	向い合わせ	向かいあわせ	向かい合せ	向かい合わせ	対いあわせ
むかいかぜ	向い風	向かい風
むかいがわ	向かい側	向い側	向かいがわ	向側	むかい側
むかいび	向い火	向かい火
むかえかく	迎え角	迎角
むかえび	迎え火	迎火	むかえ火
むかく	夢覚	無核
むかしあそび	昔遊び	むかし遊び
むかしかたぎ	昔かたぎ	昔気質
むかしなじみ	昔なじみ	昔馴染	昔馴染み
むかしばなし	昔話	昔咄	昔噺	むかし話
むかしむかし	昔々	昔むかし	昔昔
むかっぱら	ムカっ腹	ムカッ腹	むかっ腹
むかで	百足	蜈蚣
むかであし	百足足	むかで足
むかれつき	ムカレ月	向かれ月
むかん	無冠	無官	無観	無感
むがい	無害	無涯	無蓋	霧害
むがく	無学	無額	無顎
むき	無期	無機	無季	無記	向き	無気
むきえ	ムキ餌	剥き餌
むきえび	剥き海老	むき海老	むき蝦
むきぐり	剥き栗	むき栗
むきず	無傷	無きず	無キズ	無疵
むきたまご	剥き卵	むき玉子
むきだし	ムキ出し	剥き出し	剝きだし	剝き出し	剝出し	剥出し	むき出し
むきみ	剝き身	剝身	剥き身	むき身
むきゅう	無休	無窮	無給
むきん	無菌	無筋
むぎ	麦	無偽
むぎかり	麦刈	麦刈り
むぎこがし	牟芸古雅志	麦こがし	麦焦がし	麦焦し
むぎこき	麦こき	麦扱き
むぎごはん	麦ごはん	麦ご飯	麦御飯
むぎつき	麦つき	麦搗き
むぎづくり	麦づくり	麦作り
むぎとろ	麦とろ	麦薯蕷
むぎぬか	麦ぬか	麦ヌカ	麦糠
むぎばたけ	麦畑	麦畠
むぎふみ	麦踏	麦踏み
むぎまき	麦まき	麦蒔き
むぎめし	麦メシ	麦めし	麦飯
むぎょう	無業	無疆
むぎわら	麦わら	麦ワラ	麦藁
むぎわらぼうし	麦わら帽子	麦藁帽子
むく	無垢	尨	椋
むくいぬ	ムク犬	尨犬	尨	むく犬
むくげ	尨毛	木槿	むく毛
むくみあし	浮腫み足	むくみ足
むくみとり	浮腫み取り	むくみ取り
むくろ	躯	骸
むけい	無稽	無形
むけつ	無欠	無缺	無血
むげ	無下	無碍	無礙
むげん	夢幻	無限	梦幻	無間
むこ	婿	無戸	無辜	壻	聟
むこいり	婿入り	聟入り
むこう	向こう	向う	向ふ	某甲	無功	無鉤	無香	無効	無效
むこうがわ	向こう側	向こうがわ	向う側	向こうっ側	むこう側
むこうきず	向う傷	向う疵	向こう傷	向こう疵
むこうぎ	向こうっ気	向こう気	向っ気
むこうぎし	向こう岸	向う岸
むこうずね	向う脛	向こうずね	向こう脛
むこうづけ	向う付け	向こう付け	向付	向付け
むこうづち	向う槌	向う鎚	向こう槌	向こう鎚
むこうどなり	向う隣	向こう隣	むこう隣
むこうはし	向こう端	むこう端
むこうむき	向うむき	向こう向き
むこく	夢告	無告
むことり	婿とり	婿取	婿取り
むこん	無根	夢魂
むさい	無彩	無才
むささび	鼯	鼯鼠
むさん	霧散	無三	無産	無酸
むし	虫	無死	無視	蟎	蟲	無私	無子	夢死	無始	無歯	無脂	蒸	蒸し
むしあわび	蒸しあわび	蒸し鮑
むしうに	蒸しうに	蒸しウニ	蒸し雲丹
むしおさえ	虫押え	虫押さえ
むしかご	虫かご	虫カゴ	虫籠
むしかぶり	虫かぶり	虫齧
むしがし	蒸し菓子	蒸菓子
むしがれい	蒸し鰈	蒸鰈	虫がれい	虫鰈
むしき	蒸し器	蒸器
むしぎょーざ	蒸し餃子	蒸餃子
むしくい	虫食い	虫くい	虫喰	虫喰い
むしけら	虫けら	虫ケラ	虫螻
むしけん	虫拳	無試験
むしこぶ	虫こぶ	虫瘤
むしさされ	虫刺され	虫さされ
むしず	虫酢	虫酸
むしずし	蒸し寿司	蒸し鮨	蒸寿司	蒸鮨	むし寿司
むしそば	蒸しそば	蒸し蕎麦
むしたて	蒸し立て	蒸したて
むしとり	虫捕り	虫とり	虫取り	虫採り
むしどり	蒸しどり	蒸し鳥	蒸し鶏
むしなす	蒸しなす	蒸し茄子
むしなべ	蒸しなべ	蒸し鍋	蒸鍋
むしに	蒸し煮	蒸煮
むしば	ムシ歯	虫歯	蟲歯	齲歯	むし歯
むしぶろ	ムシ風呂	蒸しぶろ	蒸し風呂	蒸風呂
むしぼし	虫ぼし	虫干	虫干し
むしめがね	虫メガネ	虫眼鏡	虫めがね
むしめん	蒸しめん	蒸し麺
むしもの	蒸し物	蒸しもの	蒸物
むしやき	蒸し焼き	蒸し焼	蒸焼	蒸焼き
むしゅう	無臭	無終
むしゆ	虫湯	蟲湯
むしょ	墓所	務所
むしょう	無性	無償	無床	無聖	霧消	無生
むしょく	無職	無色
むしよけ	虫よけ	虫除け
むしろ	筵	蓆
むしろばた	筵旗	莚旗	蓆旗	むしろ旗
むしろほ	ムシロ帆	筵帆	蓆帆
むしわらい	ムシ笑い	虫笑い
むしわん	蒸しわん	蒸し椀
むしん	無神	無心
むじ	無地	無耳
むじな	狢	貉
むじないぶし	ムジナ燻し	狢燻し
むじょう	無情	無常	無上
むじん	無人	無尽
むじんとう	無人島	無尽灯
むすび	結	結び
むすびかまぼこ	結びかまぼこ	結び蒲鉾
むすびきす	結びきす	結び鱚
むすびことば	結び言葉	結詞
むすびちょう	結び蝶	結蝶
むすびつき	結び付き	結付き	結びつき
むすびのかみ	産霊の神	結びの神
むすびひも	結びひも	結び紐
むすびめ	結びめ	結び目
むすびめし	結び飯	むすび飯
むすめ	女	娘
むすめざかり	娘ざかり	娘盛り
むすめたらし	娘蕩し	娘誑し
むすめむこ	女聟	娘むこ	娘ムコ	娘婿
むせい	無声	夢精	無姓	無精	無政	無性
むせき	無籍	無責
むせびなき	噎び泣き	むせび泣き
むせん	無線	無洗	無銭
むぜい	無税	無勢
むそう	夢想	無双	夢相	無想	無相
むそうか	夢想家	夢想歌
むぞり	無反り	無反
むだ	無駄	徒
むだあし	ムダ足	徒足	無駄足
むだい	無代	無題
むだぐい	ムダ食い	徒食	無駄食い
むだぐち	無駄口	徒口	むだ口
むだげ	ムダ毛	無駄毛	むだ毛
むだじに	無駄死に	むだ死に
むだだま	無駄玉	無駄球
むだづかい	ムダ使い	無駄遣い	徒遣い	無駄づかい	無駄使い	むだ遣い	むだ使い
むだばな	徒花	無駄花
むだばなし	ムダ話	徒話	無駄ばなし	無駄話	むだ話
むだぼえ	徒吠え	むだ吠え	ムダ吠え	無駄吠え
むだぼね	徒骨	無駄骨	むだ骨
むだめし	ムダ飯	徒飯	無駄飯
むだん	無断	無段
むち	無知	無智	無恥	無痴	無癡	笞	鞭
むちうち	ムチ打ち	笞打ち	鞭打ち	むち打ち
むつき	睦月	襁褓
むつごと	睦言	むつ言
むつびあい	睦び合い	むつび合い
むつみ	睦み	睦
むてい	無堤	無底
むてき	無敵	霧笛
むとう	無灯	無答	無糖	霧灯	無党
むとどけ	無届け	無届
むどう	無動	無道
むなくそ	胸くそ	胸糞
むなぐら	胸ぐら	胸倉
むなさき	胸さき	胸先
むなさわぎ	胸さわぎ	胸騒ぎ
むなつき	胸つき	胸突	胸突き
むなづもり	胸積もり	胸積り
むなひげ	胸ひげ	胸髭
むなびれ	胸びれ	胸ビレ	胸鰭
むなもと	胸元	胸もと	胸許	むな元
むなわけ	胸わけ	胸分け
むに	牟仁	牟尼	無二
むね	胸	棟	旨	宗
むねあき	胸あき	胸開き
むねあて	胸あて	胸当	胸当て
むねかけ	胸懸け	胸掛け
むねかざり	棟飾り	胸飾	胸飾り	むね飾り
むねきゅん	胸きゅん	胸キュン
むねたたき	胸たたき	胸叩き
むねにく	ムネ肉	むね肉	胸肉
むねやけ	胸やけ	胸焼け
むねわり	棟割	胸割り
むのう	無能	無脳
むはい	無配	無敗
むひ	無比	無杼
むひょう	無標	無氷	霧氷
むび	夢寐	無尾
むへん	無偏	無辺
むほう	無法	無縫
むほん	謀反	務本	無品	謀叛
むぼう	無謀	無妨	無帽
むめい	無名	無銘
むめいし	無名氏	無名指
むもん	無問	無文	無紋	無門
むやく	無役	無益
むゆう	夢遊	無憂
むよく	無慾	無欲	無翼
むらいき	ムラ息	斑息
むらおこし	村おこし	村興し	村起こし	村起し
むらおさ	村おさ	村長
むらぎ	斑気	むら気
むらくも	叢雲	群雲	むら雲
むらぐい	ムラ食い	斑食い	むら食い
むらご	村濃	むら濃
むらさきいか	紫イカ	紫烏賊
むらさきいと	紫糸	紫絲
むらさきいも	紫いも	紫イモ	紫芋	むらさき芋
むらさきいろ	ムラサキ色	紫色	紫いろ	むらさき色
むらさきうに	紫うに	紫ウニ	紫海胆
むらさきぐさ	紫草	むらさき草
むらさきぐま	紫グマ	紫隈
むらさきみ	紫み	紫味
むらざかい	ムラ境	村境	村界
むらじ	村路	連
むらだち	叢立	むら立ち
むらづくり	村造り	村作り	村づくり
むらなみ	村並み	むら並み
むらはずれ	村はずれ	村外れ
むらびと	ムラ人	村びと	村人
むらまつり	村祭	村祭り
むらむら	村々	村むら	村村
むらやけ	ムラ焼け	斑焼け
むり	無理	無理ぃぃ	夢裏	夢裡
むりょう	無料	無量
むりん	無りん	無燐
むるい	無類	無類
むれ	群れ	蒸れ	群
むろ	無漏	霧露	室
むろほぎ	室寿	室寿ぎ
め	眼	目	目ぇ	芽	海布	女	雌
めあか	目あか	目アカ	目垢
めあかし	目明かし	目明し
めあき	目あき	目明き	眼明
めあて	目当て	目あて	眼当て
めい	姪	名	冥	銘	盟	迷	命	明
めいあん	明暗	名案
めいい	名医	名彙
めいうん	命運	名運
めいえん	名園	名苑	名演
めいおう	冥王	めい王
めいか	名歌	銘花	名下	名花	名菓	命課	銘菓	名家
めいかい	明解	冥界	冥海	明界
めいかん	名鑑	明鑑	銘鑑	鳴管
めいが	螟蛾	名画
めいき	明記	銘記	名機	名器	明器	名基	明期
めいきゅう	盟休	迷宮
めいきょう	明竟	明鏡
めいきょく	名曲	名局
めいぎ	名義	名妓	名技
めいぎょく	名玉	明玉
めいく	名句	名区	迷苦
めいくん	名君	明君
めいけん	名犬	名剣	名硯	明験
めいげん	明言	名言	命言	迷言	銘言	鳴弦
めいこう	冥交	名香	命講	明光	名工
めいさい	明細	迷彩
めいさいひょう	明細表	明細票
めいさく	名作	名策	銘策
めいさつ	明察	名刹
めいし	名詞	名士	名刺	名詩	明視
めいしき	名識	命式
めいしゃ	鳴謝	名車	眼医者	目医者
めいしゅ	盟主	名手	名酒	銘酒	明主
めいしょ	名所	明所
めいしょう	名称	名稱	名将	名匠	名勝	名松	名鐘	明匠	明証	鳴鐘
めいしん	名神	迷信	名臣
めいじつ	名実	名實
めいじょう	名状	名城	名帖	明条	銘醸
めいすう	名数	命数
めいせい	名声	明誓	明誠	盟誓
めいせき	明せき	明晢	明晰	名石	名籍	名蹟	名跡
めいせん	名泉	命泉	明線	銘仙
めいぜりふ	名台詞	名せりふ	名ぜりふ	名セリフ	名ゼリフ
めいそう	迷走	冥想	暝想	瞑想	名僧	名槍	名走	明窓	めい想
めいち	明知	明智
めいちゅう	命中	螟虫
めいちょ	迷著	名著
めいちょう	明澄	名鳥	明徴	迷鳥	鳴鳥
めいっぱい	目一杯	目いっぱい
めいてい	酩酊	名庭	明定	鳴啼
めいてつ	明徹	明哲
めいてん	明転	明点	名店
めいとう	明答	名刀	名塔	名湯	名答	銘刀
めいど	冥土	冥途	明度
めいどう	鳴動	明堂
めいばん	名盤	銘板	命盤	銘版
めいひん	名品	名牝	銘品
めいび	明媚	明び
めいふ	冥府	名釜
めいふく	冥福	めい福
めいぶん	銘文	謎文	迷文	名文	明文	名分
めいほう	明報	名宝	名峰	命法	盟邦	鳴放	鳴鳳
めいぼう	名望	明ぼう	明眸
めいぼく	銘木	名木
めいむ	迷夢	迷霧
めいめい	命名	明々	明明	銘々	銘銘	冥々	冥冥
めいめいざら	銘々皿	銘銘皿
めいも	芽いも	芽芋
めいもう	迷妄	迷蒙
めいもく	名目	暝目	瞑目	明目
めいやく	盟約	名薬	名訳
めいゆう	名優	盟友	命友
めいよ	名誉	名譽
めいよう	名窯	明要	銘葉
めいれい	命令	明麗	螟蛉
めいろ	迷路	冥路	目色	めい路
めいろん	名論	迷論
めうし	牝牛	雌牛
めうち	目打	目打ち	芽打ち
めうつり	目移り	眼移り
めおと	女夫	婦夫	夫婦
めおといさかい	夫婦諍い	婦夫諍ひ
めかくし	目隠し	目かくし	眼かくし	眼隠し
めかけ	妾	家妓
めかご	目籠	目かご
めかしがお	粧し顔	めかし顔
めかすがい	目かすがい	目鎹
めかぶ	和布蕪	芽かぶ	雌株
めがお	目顔	眼顔
めがしら	目頭	目がしら	眼頭
めがね	眼鏡	目鏡
めがみ	女神	妻神	陰神
めきき	目キキ	目利	目利き
めきり	目切	目切り
めぎ	目木	女木	雌木
めぎつね	女狐	牝狐
めくぎ	目くぎ	目釘
めくされ	目くされ	目腐れ
めくそ	目くそ	目クソ	目屎	目糞
めくばせ	目配せ	目くばせ	目配	眼くばせ	眼配
めくばり	目配り	眼配り
めくら	盲目	目くら	盲
めくらまし	目くらまし	目眩し
めくりふだ	捲り札	めくり札
めぐり	廻り	巡り	回り
めぐりあい	巡り合い	廻り合い	めぐり合い
めぐりあわせ	巡り合わせ	巡りあわせ	巡り合せ	廻り合せ	廻り合わせ	めぐり合わせ
めこぼし	目こぼし	目溢し
めご	目碁	愛ご	目籠
めさき	目先	目さき	芽先
めざし	目刺	目刺し	目ざし	目指し
めざまし	眼覚	目覚まし	目覚	目覚し
めざめ	眼覚	眼醒め	目ざめ	目覚め
めざわり	目障り	目ざわり	目障	眼障り
めし	飯	召し	召
めしうり	飯売	飯売り
めしかえ	召し替え	召替え
めしたき	飯たき	飯炊	飯炊き	飯焚
めしつかい	召し使い	召使い	召使
めしつぎ	召し次ぎ	召次
めしどき	メシ時	飯時
めしびつ	飯びつ	飯櫃
めしぶくれ	飯ぶくれ	飯膨れ
めしべ	雌しべ	雌シベ	雌蕊	雌蘂
めしもの	召しもの	召し物	召もの	召物
めしもり	飯盛り	飯盛
めしや	メシ屋	飯屋	めし屋
めしわん	飯わん	飯椀	飯碗
めじ	目地	目路	眼路
めじか	牝ジカ	牝鹿	目近	眼近	雌鹿
めじり	目尻	目じり	眼じり	眼尻	女尻
めじるし	目印	目じるし	目ジルシ	眼じるし
めじろおし	目白押し	めじろ押し
めす	雌	牝
めすいぬ	メス犬	牝犬	雌犬
めすうし	雌ウシ	雌牛
めすおおかみ	牝狼	雌狼
めすおや	メス親	雌親
めすがに	雌ガニ	雌蟹
めすがわ	メス側	雌側
めすぎつね	牝ギツネ	牝狐	雌ギツネ
めすくじら	牝鯨	雌鯨
めすぐま	牝グマ	雌熊
めすざる	牝猿	雌ザル	雌猿
めすしゃち	雌シャチ	雌鯱
めすじか	牝鹿	雌鹿
めすとら	メス虎	雌虎
めすどり	雌鶏	メス鶏
めすねこ	メス猫	牝猫	雌ネコ	雌猫
めすぶた	牝豚	雌ブタ	雌豚	メス豚
めせん	眼線	目線
めたで	芽タデ	芽蓼
めだからん	メダカ卵	目高卵
めだき	女滝	雌滝
めだけ	女竹	雌岳	雌竹
めだし	芽出し	目出し	目だし
めだま	目玉	目だま	眼だま	眼玉
めだまやき	目玉焼	目玉焼き
めちゃあつ	メチャ暑	目茶暑
めちゃくちゃ	滅茶苦茶	目茶苦茶
めっかち	目っかち	眇
めっき	滅金	鍍金
めっこう	滅光	滅公
めったうち	滅多打ち	めった打ち
めつき	目付き	目つき	眼つき	眼付	眼付き	雌槻
めつぎ	芽つぎ	芽接ぎ
めつけ	目付	目付け
めつご	滅後	滅期
めつぶし	目つぶし	目潰し	眼つぶし
めつぼ	女壷	女壺
めつみ	芽つみ	芽摘み
めづかい	芽使い	目遣い	眼づかい
めづまり	目づまり	目詰まり
めづもり	目積もり	目積り
めて	馬手	右手
めどおり	目どおり	目通り
めなだ	赤目魚	女奈太	女難陀	目奈陀	眼奈太
めなみ	女波	女浪
めぬき	目抜き	目抜	目貫
めねぎ	女祢宜	女禰宜	芽ねぎ	芽ネギ	芽葱
めねじ	雌ねじ	雌螺子
めのとご	乳母子	めのと子
めはし	目はし	目端
めはな	目鼻	眼鼻
めはなだち	目鼻だち	目鼻立ち
めばえ	芽生	芽生え
めばり	目張り	目貼り
めばる	目張	眼張
めばるつり	メバル釣り	眼張釣り	めばる釣り
めひかり	目光	目光り
めひき	目ひき	目引き
めひじき	芽ひじき	芽鹿尾菜
めひょう	女豹	牝豹	雌豹
めびな	女びな	女雛
めぶし	女節	雌節
めまい	眩暈	目まい	目眩	眼まい
めまいどめ	目眩止め	めまい止め
めまき	海布巻	め巻き
めまぜ	目まぜ	目交ぜ
めまつ	女松	雌松
めまつげ	目まつげ	目睫
めみえ	目見得	目見え
めむしり	芽むしり	芽毟り
めめ	目目	目々
めもじ	目もじ	目文字
めもと	芽元	目元	目もと	目許	眉睫	眼元	眼許	眼もと
めもり	目盛り	目もり	目盛
めやに	目やに	目ヤニ	目脂	眼やに
めん	面	麵	麺	緬	綿	棉
めんいた	面板	麺板
めんうち	麵うち	麺打ち
めんえき	免役	免疫
めんか	免荷	棉花	綿花	めん花
めんかん	免官	面感
めんぎょう	棉業	綿業
めんくい	面くい	面食い	麺喰	麺食い	めん食い
めんこう	綿亘	綿亙	面向
めんさく	棉作	綿作
めんざい	免罪	綿材	面材
めんしょく	免職	面色	麺食	めん食
めんしん	免震	面心
めんじょう	面状	麺状	面上	免状
めんせき	免責	面責	面積
めんせん	綿栓	麺線	めん線
めんぜいてん	免税店	免税点
めんそ	免租	免訴
めんちょう	面朝	面疔
めんつゆ	麺つゆ	麺汁
めんてい	免停	面体
めんとり	免取り	面取	面取り
めんどり	雌鳥	雌鶏
めんぷ	棉布	綿布
めんぼう	綿棒	面貌	面頬	麵棒	麺棒	綿紡	めん棒
めんぼり	面ぼり	面彫り
めんぽう	綿袍	面頬
めんめん	面々	面面
めんよう	面妖	綿羊	緬羊	面容	麺用	めん用	めん羊
めんるい	麺類	麵類	めん類
めーとるまいびょう	メートル毎秒	m\u002F秒
も	裳	喪	藻
もう	盲	蒙	魍	毛
もうあ	盲唖	盲啞
もうあい	妄愛	盲愛
もうい	猛威	毛衣
もうう	濛雨	猛雨
もうえん	猛炎	猛焰	猛煙
もうか	猛火	孟夏
もうかい	蒙晦	毛塊
もうかん	毛管	盲貫
もうき	朦気	濛気	猛気	盲亀	蒙気	魍鬼
もうけ	儲け	設け
もうけぐち	儲け口	もうけ口
もうけごと	儲けごと	儲け事
もうけばなし	儲け話	もうけ話
もうけもの	儲けもの	儲け物	もうけ物
もうけん	猛犬	盲検
もうこう	猛攻	毛紅
もうさい	毛細	猛妻
もうさく	曰さく	申さく	白さく
もうし	網翅	毛司	猛獅	毛翅
もうしあわせ	申合せ	申し合わせ	申しあわせ
もうしいで	申しいで	申し出で	申出で
もうしいれ	申入	申入れ	申し入れ	申しいれ
もうしいれしょ	申し入れ書	申入れ書	申入書
もうしおくり	申し送り	申送り
もうしぐち	申し口	申口
もうしこみ	申込	申し込み	申込み	申しこみ
もうしこみきげん	申込期限	申し込み期限	申込み期限
もうしこみきじつ	申込期日	申し込み期日	申込み期日
もうしこみしゃ	申込者	申し込み者	申込み者
もうしこみすう	申込数	申し込み数	申込み数
もうしこみび	申し込み日	申込み日	申込日
もうしご	申し子	もうし子
もうしじょう	申し条	申し状	申状
もうしたて	申立て	申立	申し立て
もうしつ	毛質	網質
もうしつぎ	申し次ぎ	申次
もうしで	申出	申し出
もうしひらき	申しひらき	申し開き	申開き
もうしぶみ	申し文	申文
もうしぶん	申し分	申しぶん	申分
もうしゃ	猛射	盲者
もうしゅう	妄執	猛襲	孟秋
もうしょう	猛将	蒙衝
もうしわけ	申し訳	申しわけ	申し分け	申訳
もうしわたし	申し渡し	申渡	申渡し
もうしん	妄信	猛進	盲信	盲進	妄心	蒙心
もうじゅう	盲従	猛獣
もうじょう	毛状	網状
もうじん	蒙塵	盲人	毛人
もうせい	猛勢	猛省
もうせん	毛せん	毛氈	もう先
もうそう	妄想	盲僧
もうたん	妄誕	盲端
もうちょう	盲腸	猛鳥
もうで	詣で	詣
もうとう	孟冬	毛湯
もうどう	妄動	盲動	艨艟	盲導
もうどく	猛毒	もう毒
もうのう	毛嚢	毛膿
もうばく	盲爆	猛爆
もうひつ	毛筆	毛ひつ
もうぼ	孟母	毛母
もうよう	毛様	網様
もうりょう	毛量	魍魎
もうろう	盲ろう	盲聾
もえかす	燃えかす	燃えカス	燃え滓
もえがら	燃えがら	燃え殻	燃殻
もえぎ	燃え木	萌葱	萌黄
もえぎいろ	萌葱色	萌黄色
もえけん	萌え剣	萌剣
もえつき	燃えつき	燃え尽き
もがり	茂我利	虎落
もぎ	模擬	没義	裳着
もく	木	杢	木工	目
もくあみ	木阿弥	木阿彌	杢阿弥
もくげき	目撃	黙劇
もくさく	木柵	木酢	木醋
もくざ	黙坐	黙座
もくざい	木材	木ざい
もくし	黙止	黙視	目眦	目視	黙示
もくしょう	目睫	黙照
もくじゅう	黙従	木銃
もくず	藻くず	藻屑
もくせい	木製	木犀	木生	木精
もくせん	木栓	木箭	木簽
もくそう	目送	黙想	木装
もくぞう	木造	木像
もくだい	目代	木台
もくてき	目的	目てき
もくと	目睹	目途
もくとう	黙とう	黙祷	黙禱	木塔
もくどう	木道	黙堂
もくどく	黙読	目読
もくねじ	木ねじ	木ネジ	木捻子
もくはい	木杯	木盃
もくはん	木版	木はん
もくひ	黙否	黙秘	木皮	木樋
もくひょう	目標	目ひょう	木標
もくひろい	モク拾い	もく拾い
もくへん	木へん	木片
もくめ	木理	木目
もくめん	木緜	木綿
もくよう	木曜	木よう
もくよく	沐浴	もく浴
もくれい	目礼	黙礼
もくれんげ	木蓮花	木蘭花
もくろう	木ろう	木蝋
もくろみ	目論見	目論み
もぐさ	艾	藻草
もぐさつち	艾土	もぐさ土
もぐら	土竜	鼹
もぐらたたき	モグラ叩き	土竜叩き
もぐらづか	モグラ塚	土竜塚
もけい	模型	摸型	模形
もさく	模索	摸索	模作
もしお	藻塩	藻汐
もしゃ	摸写	摹写	模写
もじ	文字	毛止	綟子
もじりおり	綟り織	綟り織り
もじりことば	捩り言葉	もじり言葉
もすそ	裳	裳裾
もず	百舌	百舌鳥	鵙
もずく	水雲	海蘊
もずくす	水雲酢	もずく酢
もぞう	摸造	模造	模像
もたれあい	凭れ合い	もたれ合い
もち	持	餅	糯	餠	望	黐	持ち
もちあい	保ち合い	保合い	持合	持合い	もち合い	持ち合い
もちあじ	持ち味	持味	もち味
もちあみ	餅網	もち網
もちあわ	糯粟	もち粟
もちあわせ	持ち合わせ	持ちあわせ	持合せ	持合わせ	持ち合せ
もちいえ	持ち家	持家
もちおもり	持ち重り	持重り
もちかぶ	持ち株	持株
もちかぶかい	持ち株会	持株会
もちかぶがいしゃ	持ち株会社	持株会社
もちかぶすう	持ち株数	持株数
もちがし	餅菓子	もち菓子
もちがね	持ち金	持金
もちきり	持ち切り	持ちきり	持切り
もちきれ	餅きれ	餅切れ
もちぐさ	餅草	もち草
もちぐされ	持ちぐされ	持ち腐れ	持腐れ	もち腐れ
もちぐち	持ち口	持口
もちこ	糯粉	餅粉	もち粉
もちこし	持ち越し	持越
もちこみ	持込み	持ち込み
もちごま	持ちごま	持ち駒	持駒
もちごめ	モチ米	糯米	餅米	もち米
もちたま	餅玉	もち玉
もちだか	持高	持ち高
もちだし	持ち出し	持出
もちだま	持ち玉	持ち球
もちつき	餅つき	餅搗	餅搗き
もちづつ	持ち筒	持筒
もちて	持ち手	持手	もち手
もちてん	持ち点	持点
もちな	餅菜	もち菜
もちなおし	持直し	持ち直し
もちなげ	餅投げ	もち投げ
もちにげ	持ち逃げ	持逃げ
もちぬし	持ち主	持主	持ちぬし	もち主
もちねた	持ちねた	持ちネタ
もちのき	黐の木	もちの木
もちはこび	持ち運び	持ちはこび	持運	持運び	もち運び
もちはだ	モチ肌	餅肌	餅膚	もち肌
もちば	持ち場	持場
もちばん	持ち番	持番
もちふみ	餅踏	餅踏み
もちぶね	持ち船	持舟
もちぶん	持ち分	持分
もちまえ	持ち前	持ちまえ	持前
もちまき	餅まき	餅撒き
もちまわり	持ち回り	持ちまわり	持回り
もちもの	持ち物	持ちもの	持物
もちや	餅屋	もち屋	持家	持ち家
もっか	木化	黙過	目下
もっかい	木塊	木灰	黙会
もっかん	木簡	木管	木棺	没官
もっき	木器	木気
もっきん	木きん	木琴	木筋
もっけ	勿怪	物怪
もっけい	木雞	木鶏	黙契
もっこう	木工	黙考	木瓜	木香	沐猴
もっこく	厚皮香	木刻	木斛	木槲	木殻	毛豆古久
もっこつ	木骨	没骨
もっこん	木魂	目今
もつなべ	もつ鍋	モツ鍋
もつに	モツ煮	もつ煮
もつれぐも	縺れ雲	もつれ雲
もていろ	モテ色	もて色
もておとこ	モテ男	持て男
もてがお	モテ顔	もて顔
もてど	モテ度	もて度
もてなし	持てなし	持て成し
もてなしごころ	持て成し心	もてなし心
もてふく	モテ服	もて服
もと	元	下	基	許	素	因	本
もといれ	元入	元入れ
もとうけ	元受	元請	元請け
もとうた	元歌	本歌	もと歌
もとうり	元売り	元売
もとえさ	基エサ	基餌
もとかれ	元カレ	元彼
もとき	本木	元木
もとぐろ	元黒	本黒
もとごえ	元肥	本肥
もとさや	元サヤ	元鞘
もとじめ	元締め	元〆	元締
もとせん	元せん	元栓
もとちんぴら	元チンピラ	元ちんぴら
もとづめ	元詰	元詰め	本詰め
もとどおり	元どおり	もと通り	元通り
もとどり	本鳥	髻
もとなり	元なり	本なり	本成り	本生り
もとねた	元ねた	元ネタ
もとひ	本肥	元妃
もとめ	元芽	求め
もともと	元々	元元
もとゆい	元結	元結い
もどしいれ	戻し入れ	戻入れ	もどし入
もどしじる	戻し汁	もどし汁
もどしぜい	戻し税	戻税	もどし税
もどりがつお	戻りがつお	戻りガツオ	戻り鰹
もどりづゆ	戻り梅雨	戻梅雨
もどりばし	戻り橋	戻橋
もどりみち	戻り道	もどり道
もぬけ	藻抜け	蛻	裳抜け	裳脱け
もの	物	者
ものあまり	モノ余り	物余り
ものあわせ	物合わせ	物合せ
ものいい	物言い	物言ひ	もの云い	もの言い
ものいみ	物忌	物忌み
ものいり	物入り	もの入り
ものいれ	物入	物入れ
ものうらやみ	物うらやみ	物羨み
ものうり	物売り	物売	もの売り
ものえんじ	物怨じ	もの怨じ
ものおき	物置き	物置
ものおしみ	物ほしみ	物惜しみ
ものおじ	物おじ	物怖	物怖じ	もの懼ぢ
ものおと	物音	もの音
ものおぼえ	物覚え	物おぼえ	もの覚え
ものおもい	物思い	物想い	もの思い
ものかき	モノ書き	物書き	物書	もの書き
ものかげ	物陰	物かげ	物影	物蔭
ものがたり	物語	物語り
ものがら	物がら	物柄
ものぐるい	物狂い	もの狂い
ものごい	物ごい	物乞い	もの乞い
ものごころ	物心	物ごころ	もの心
ものごし	物ごし	物腰	物越	物越し	もの腰
ものごと	物ごと	物事
ものごのみ	物好み	もの好み
ものさし	物差し	物さし	物指	物指し	物差
ものしり	物知り	物識り	もの知り
ものつき	物憑	物憑き
ものづくし	物づくし	物尽くし	物尽し
ものづくり	モノ作り	物作り	物づくり	もの作り	もの造り
ものとり	物取り	物盗り
ものなり	物成	物成り	物生り
ものねだり	物ねだり	物強請り
もののけ	物怪	物の怪	物の気	ものの怪
ものばなれ	モノ離れ	物離れ
ものほし	物干し	物干	もの干し
ものまね	物真似	物まね
ものもうで	物もうで	物詣	物詣で
ものもち	物持	物持ち
ものもらい	物もらい	物貰い
ものわかり	物分かり	物わかり	物分り	もの分かり
ものわかれ	物別れ	物わかれ
ものわすれ	物忘れ	もの忘れ
ものわらい	物笑い	もの笑い
もひも	裳帯	裳緒
もほう	摸倣	模倣
もほん	摸本	模本
もみ	椴	樅	籾	揉み	紅絹	紅
もみあい	もみ合い	揉み合い
もみあげ	揉み上げ	揉上げ	もみ上げ
もみあらい	揉み洗い	もみ洗い
もみうら	紅絹裏	紅裏
もみがつお	揉みがつお	揉み鰹
もみがら	籾殻	靭殻	もみ殻
もみがわ	揉み皮	もみ革
もみけし	揉み消し	もみ消し
もみじおろし	紅葉下ろし	もみじ下ろし
もみじがり	紅葉狩	紅葉狩り	もみじ狩り
もみじづき	紅葉月	もみじ月
もみすり	籾摺	籾摺り
もみづけ	揉み漬け	もみ漬け
もみで	揉み手	もみ手
もみのり	揉み海苔	もみ海苔
もめごと	モメ事	揉めごと	揉め事	もめ事
もめん	木綿	木棉
もも	桃	腿	股
ももあげ	モモ上げ	腿上げ	もも上げ
ももいろ	桃色	桃いろ	もも色
ももじり	桃じり	桃尻
ももだち	股立	股立ち
ももにく	モモ肉	股肉	腿肉	もも肉
ももばたけ	モモ畑	桃畑
ももひき	股引	股引き	もも引き
ももわれ	桃割	桃割れ
もや	靄	母屋
もやいづな	舫綱	もやい綱
もやいぶね	舫船	もやい船
もやしいため	萌やし炒め	モヤシ炒め
もやしっこ	萌やしっ子	もやしっ子
もようがえ	模様替	模様替え
もよおし	催し	催
もよおしもの	催し物	催しもの	催物
もより	最寄り	最寄
もよりえき	最寄り駅	最寄駅
もよりろせん	最寄り路線	最寄路線
もらいご	貰い子	もらい子
もらいちち	貰い乳	もらい乳
もらいて	貰い手	もらい手
もらいなき	貰い泣き	貰泣き	もらい泣き
もらいび	貰い火	もらい火
もらいみず	貰い水	もらい水
もらいもの	貰い物	貰いもの	もらい物
もらいわらい	貰い笑い	もらい笑い
もり	森	盛り	杜	盛	漏り	銛	守り	守
もりあがり	盛上がり	盛り上り	盛上り	盛り上がり	もり上がり	もり上り
もりあわせ	盛りあわせ	盛り合せ	盛り合わせ	盛合せ	盛合わせ
もりかげ	森蔭	森陰
もりがし	盛菓子	盛り菓子
もりき	盛り器	盛器
もりきり	盛り切り	盛切り
もりこぼし	盛りこぼし	盛り零し
もりじる	盛り汁	もり汁
もりずな	盛り砂	盛砂
もりそば	盛りそば	盛り蕎麦	盛蕎麦	もり蕎麦
もりだくさん	盛り沢山	盛沢山	盛りだくさん
もりつけ	盛り付け	盛りつけ
もりつち	盛り土	盛土	もり土
もりづくり	森づくり	森作り
もりばな	盛り花	盛花
もりもの	盛り物	盛物
もりやく	傅役	守役	護役
もれ	漏れ	洩れ
もろうで	双腕	諸腕
もろき	諸木	もろ木
もろぐち	双口	諸口
もろこし	唐土	唐黍	蜀黍
もろざし	両差し	諸差し	もろ差し
もろて	諸手	もろ手	両手
もろとも	諸共	もろ共
もろは	双刃	諸刃	もろ刃
もろはだ	両肌	双肌	諸肌	もろ肌
もろびと	諸人	もろ人
もろみ	諸味	醪
もろみず	諸味酢	もろみ酢
もろもち	諸持ち	もろ持ち
もろもろ	諸々	諸〻	諸諸
もん	門	紋	物	者	文
もんおり	紋織	紋織り
もんか	門下	文科
もんかしょう	文科省	文科相
もんがまえ	門構え	門構
もんがれ	紋枯	紋枯れ
もんきり	紋切り	紋切
もんし	悶死	門歯
もんしょう	紋章	文証
もんしん	問診	門神
もんじ	文字	聞持
もんじん	門人	問訊
もんぜんばらい	門前払い	門前払
もんそう	悶躁	問喪
もんちゅう	問注	門柱	門中
もんちょう	紋帖	紋帳
もんつき	紋附	紋付
もんてい	門弟	文底
もんとう	門灯	門燈	門頭
もんどう	問答	門道
もんどころ	紋どころ	紋所
もんなし	文なし	文無し
もんぱ	紋羽	門派
もんぶ	文部	門部
もんぺすがた	モンペ姿	もんぺ姿
もんよう	文様	紋様	文樣	門葉
もんりゅう	門柳	門流
もんろう	聞老	門楼
や	箭	矢	輻	家	野
やいば	刄	刃
やえい	野営	夜営
やえば	八重歯	やえ歯
やえん	矢鉛	夜宴	野宴	野猿
やおもて	矢おもて	矢面
やかく	夜鶴	野鶴
やかず	家数	矢数
やかた	居館	屋形	館
やかたぶね	屋形舟	屋形船
やかましや	喧し屋	やかまし屋
やから	輩	族
やかん	夜間	薬缶	薬罐	薬鑵	野干
やがすり	矢がすり	矢絣	矢絣り	矢飛白
やがた	矢型	矢形
やがら	矢柄	簳	簳魚
やき	夜気	野気	焼	焼き
やきあげ	焼きあげ	焼上げ	焼き上げ
やきあなご	焼きあなご	焼き穴子
やきあみ	焼きあみ	焼き網	焼網
やきいも	焼きいも	焼きイモ	焼き芋	焼芋
やきいれ	焼き入れ	焼入	焼入れ
やきいろ	焼き色	焼色
やきいん	ヤキ印	焼き印	焼印
やきうち	焼き打ち	焼きうち	焼き打	焼き討	焼き討ち	焼打	焼打ち	焼討	焼討ち
やきうに	焼きウニ	焼き雲丹
やきえ	焼き絵	焼絵
やきおにぎり	焼きおにぎり	焼き御握り
やきおむすび	焼きおむすび	焼き御結び
やきがし	焼菓子	焼き菓子
やきがた	焼き型	焼型
やきがね	焼き金	焼金
やきぎょーざ	焼き餃子	焼餃子
やきぐし	焼きぐし	焼き串	焼串
やきぐり	焼きぐり	焼き栗	焼栗
やきころし	焼き殺し	やき殺し
やきごて	灼き鏝	焼きごて	焼き鏝	焼鏝
やきざかな	焼き魚	焼き肴	焼ざかな	焼肴	焼魚
やきしお	焼き塩	焼塩
やきしめ	焼き〆	焼き締め	焼締	焼締め
やきすぎ	焼き杉	焼杉
やきず	矢傷	矢疵
やきそば	焼きそば	焼きソバ	焼き蕎麦	焼そば
やきたて	焼き立て	焼きたて
やきだち	焼き太刀	焼太刀
やきだま	焼き玉	焼玉
やきちぢみ	焼きちぢみ	焼き縮み
やきつぎ	焼きつぎ	焼き接ぎ
やきつけ	焼き付け	焼き付	焼付	焼付け
やきとり	焼き鳥	焼きとり	焼きトリ	焼鳥
やきどうふ	焼豆腐	焼き豆腐
やきなおし	焼き直し	焼直し
やきなす	焼きなす	焼きナス	焼き茄子
やきなまし	焼きなまし	焼き鈍し	焼鈍し
やきにく	焼肉	焼き肉	やき肉
やきねぎ	焼きねぎ	焼きネギ	焼き葱
やきのり	焼きノリ	焼きのり	焼き海苔	焼海苔	焼のり
やきはまぐり	焼きはまぐり	焼きハマグリ	焼き蛤
やきば	焼き刃	焼き場	焼刃	焼場
やきばた	焼き畑	焼畑	燒畠
やきばたらき	焼きばたらき	焼き働き
やきひび	焼きひび	焼き罅
やきびたし	焼きびたし	焼き浸し
やきふ	焼き麩	焼麩
やきぶた	焼き豚	焼豚
やきまし	焼き増し	焼増し
やきみょうばん	焼明礬	焼き明礬
やきむら	焼きむら	焼きムラ	焼き斑
やきめし	焼きめし	焼き飯	焼飯
やきもち	焼きもち	焼き餅	焼餅
やきもどし	焼きもどし	焼き戻し	焼戻	焼戻し
やきもの	焼き物	焼きもの	焼物	やき物
やきもろこし	焼きもろこし	焼き蜀黍	焼もろこし
やきん	や金	夜きん	夜勤	夜禽	野禽	冶金
やぎ	山羊	野羊
やぎがわ	ヤギ皮	ヤギ革	山羊皮	やぎ皮	やぎ革
やぎざ	山羊座	やぎ座
やぎひげ	ヤギ鬚	山羊ひげ	山羊髭	山羊髯	山羊鬚
やぎょう	ヤ行	夜業	や行
やく	役	訳	葯	厄	薬	約
やくいん	役員	役印
やくえき	薬液	厄疫
やくおとし	厄落し	厄落とし
やくさい	禴祭	訳載	厄災
やくさつ	扼殺	薬殺	薬札
やくざい	薬剤	薬材
やくし	薬匙	訳詞	訳詩	薬師
やくしゃ	役者	薬叉	訳者
やくしゅ	薬種	薬酒	訳主
やくしょ	役所	訳書	約書	やく所
やくしょう	薬傷	薬粧
やくしょく	役職	薬食
やくしん	躍進	薬疹
やくじ	薬餌	訳字	薬事
やくじょう	約定	約条	薬情
やくじん	厄神	疫神
やくせき	役席	薬石
やくそう	薬草	役僧	躍層
やくそくごと	約束ごと	約束事
やくだい	薬大	薬代
やくちゅう	ヤク中	訳注	訳註	薬中
やくづき	厄月	役付	役付き
やくづくり	役作り	役づくり
やくとう	薬湯	薬筒
やくどく	訳読	薬毒
やくどころ	役どころ	役所
やくのがれ	厄のがれ	厄逃れ
やくびょう	疫病	厄病
やくびょうがみ	疫病神	厄病神
やくぶつ	ヤク物	薬物
やくぶん	約分	役分	訳文
やくほ	約保	薬舗	薬鋪
やくほう	薬方	薬包
やくまわり	役まわり	役回り
やくめ	役目	役め
やくめい	薬名	訳名	役名
やくよけ	厄よけ	厄除	厄除け
やくりょう	訳了	役料	約量	薬療	薬量	薬料
やくれい	薬礼	訳例
やくわり	役割	役く割り	役わり	役割り
やくわん	厄腕	扼腕
やぐら	櫓	矢倉
やぐらぶね	櫓舟	櫓船
やけ	自棄	焼け	焼
やけあと	焼け跡	焼けあと	焼跡	やけ跡
やけあな	灼け穴	焼け穴
やけい	夜警	夜景	野傾	野鶏
やけいし	焼け石	焼石
やけくそ	ヤケ糞	自棄糞	やけ糞
やけぐい	焼け食い	やけ食い
やけこげ	焼けこげ	焼け焦げ
やけざけ	ヤケ酒	自棄酒	やけ酒
やけっぱち	自棄っぱち	やけっ八
やけっぱら	自棄っ腹	やけっ腹
やけどまり	焼け止まり	焼け止り
やけの	焼野	焼け野
やけはら	焼け原	燒原
やけぶとり	焼け太り	焼け肥
やけやま	焼け山	焼山
やこう	夜行	冶工	夜光
やごう	野合	家号	屋号
やさい	野菜	椰菜
やさおとこ	ヤサ男	優さ男	優男	やさ男
やさかに	八坂瓊	八尺瓊
やさがし	家捜し	家探し
やさき	矢さき	矢先
やさまゆ	優眉	やさ眉
やざ	や座	矢座
やし	野史	野師	香具師	椰子
やしき	屋敷	邸
やしきあと	屋敷跡	邸跡
やしきうち	屋敷うち	屋敷内
やしきしもべ	屋敷しもべ	屋敷僕
やしきち	屋敷地	邸地
やしきまち	邸町	屋敷町
やしない	養ひ	養い
やしま	八島	八洲
やしゅ	野趣	野手
やしょく	夜色	夜食
やじ	弥次	野次
やじうま	ヤジ馬	弥次馬	彌次馬	野次馬	やじ馬
やじり	矢じり	矢尻	鏃	家尻
やじるし	矢印	矢じるし
やすうり	安売り	安売
やすで	安手	安で	馬陸
やすぴか	安ピカ	安ぴか
やすみあけ	休みあけ	休み明け
やすみいし	休み石	休石
やすみじょ	休み所	休所
やすみなし	休みなし	休み無し
やすもの	安物	安もの
やすらぎかん	安らぎ感	やすらぎ感
やすりがみ	鑢紙	ヤスリ紙	やすり紙
やせ	瘦	痩	痩せ
やせい	野生	野性
やせいぬ	痩せ犬	痩犬
やせうし	痩せ牛	やせ牛
やせうで	痩せ腕	やせ腕
やせうま	痩せ馬	やせ馬
やせえだ	痩せ枝	やせ枝
やせがえる	痩せ蛙	やせ蛙
やせがた	痩せ型	痩せ形	痩型	瘦せ型	やせ形	やせ型
やせぎす	痩せぎす	瘠ぎす	瘦せぎす
やせぐすり	瘦せ薬	痩せ薬
やせち	痩せ地	やせ地
やせっぽち	痩せっぽち	瘦せっぽち
やせつち	痩せ土	やせ土
やせび	ヤセ日	痩せ日	やせ日
やせん	野選	夜戦	野戦
やそ	耶蘇	八十
やそう	矢創	野草	夜想	夜走
やそきょう	ヤソ教	耶蘇教
やたい	屋台	屋体
やたいばやし	屋台囃子	屋台ばやし
やたいぼね	屋台骨	屋体骨
やたいみせ	屋台店	屋体店
やたがらす	八咫烏	頭八咫烏
やたけごころ	彌猛心	やたけ心
やたて	矢立	矢立て
やだま	矢弾	矢玉
やちょう	野鳥	夜鳥	野帳
やっか	薬禍	薬科	薬価
やっかい	厄介	訳解	やっ介
やっきょう	薬きょう	薬莢	薬経
やっこ	薬壺	薬戸	握虎	奴
やっこう	薬効	薬工
やっこことば	奴言葉	奴詞
やっこひげ	奴ひげ	奴髭
やつあたり	八つあたり	八つ当たり	八つ当り	八ツあたり	八ツ当たり	八当たり	八当り	やつ当たり
やつか	八束	矢塚	矢束
やつがしら	八頭	八つ頭
やつぎ	矢つぎ	矢継	矢継ぎ
やつざき	八つざき	八つ裂き
やつで	八つ手	八手
やつばら	奴原	奴腹	奴輩
やつれがお	窶れ顔	やつれ顔
やつれぐも	窶れ雲	やつれ雲
やつれすがた	窶れ姿	やつれ姿
やづくり	家作り	家造り
やと	野兎	谷戸
やとい	傭	雇い	雇
やといいれ	雇入れ	傭入	雇い入れ	雇入
やといおんな	雇い女	やとい女
やといざね	雇いざね	雇い実
やといどめ	雇い止め	雇止	雇止め
やといにん	雇い人	雇人	やとい人
やといぬし	雇い主	傭い主	雇主
やとう	野党	夜灯	夜盗	野盗
やとわれ	傭われ	雇われ
やど	宿	屋戸
やどがえ	宿がえ	宿替え
やどがわり	宿代わり	宿替わり
やどさがし	宿捜し	宿探し
やどさがり	宿下がり	宿下り
やどもと	宿元	宿許
やどりぎ	宿りき	宿り木	宿木	寄生木	やどり木
やどわり	宿割	宿割り
やなぎ	柳	楊柳
やなぎおとこ	柳おとこ	柳男
やなぎかげ	柳かげ	柳蔭	柳陰
やなぎかれい	柳かれい	柳鰈	柳カレイ
やなぎがさね	柳襲	柳重ね
やなぎさくら	柳桜	柳櫻
やなぎだる	柳多留	柳樽
やなぎめ	柳芽	やなぎ芽
やなみ	家並	家並み	屋並	屋並み
やなり	家鳴り	矢鳴り
やにおとし	ヤニ落とし	脂落とし	脂落し
やにすじ	ヤニ筋	脂筋
やね	屋根	家根	屋蓋
やねうら	屋根うら	屋根裏
やねがわら	屋根がわら	屋根ガワラ	屋根瓦
やねがわり	屋根がわり	屋根代わり
やねひさし	屋根ひさし	屋根庇	屋根廂
やねふき	屋根ふき	屋根葺き
やねぶね	屋根舟	屋根船
やはず	矢はず	矢筈
やはん	夜半	夜飯
やば	野馬	矢場
やばね	矢ばね	矢羽	矢羽根
やばん	野蛮	野蠻
やひ	野卑	野鄙
やぶ	藪	籔	薮
やぶいしゃ	薮医者	ヤブ医者	藪医者	やぶ医者
やぶいり	藪入	藪入り	やぶ入り
やぶか	薮蚊	藪蚊	やぶ蚊
やぶかげ	藪かげ	藪陰
やぶがらし	烏斂苺	藪枯し	藪枯らし
やぶこうじ	薮柑子	藪柑子
やぶにらみ	藪睨み	藪にらみ
やぶへび	ヤブ蛇	薮蛇	藪蛇	やぶ蛇	藪ヘビ
やぶやま	ヤブ山	藪山
やぶれ	破れ	破レ
やぶれあな	破れ穴	やぶれ穴
やぶれがさ	破れ傘	破れ笠
やまあい	山藍	山間	山あい
やまあじさい	山紫陽花	山アジサイ
やまあらし	山荒し	山荒らし
やまい	病	病い
やまいたち	山鼬	山イタチ
やまいだれ	病垂	病垂れ
やまいちご	山いちご	山苺
やまいぬ	山犬	山狼	病犬
やまいも	薯蕷	山いも	山イモ	山芋	山薬
やまうぐいす	山うぐいす	山鴬	山鶯
やまうずら	山うずら	山鶉
やまうど	山うど	山独活
やまうば	山うば	山姥
やまおく	山奥	山おく	山奧
やまおやじ	山おやじ	山親爺
やまおり	山おり	山折り
やまおろし	山おろし	山卸	山颪
やまかけ	山かけ	山掛	山掛け
やまかげ	山かげ	山陰
やまかご	山かご	山駕籠
やまかぜ	山かぜ	山風
やまかん	ヤマ勘	山勘
やまがた	山形	山型
やまがつ	山がつ	山賤
やまがり	山狩	山狩り
やまがわ	山側	山川
やまぎわ	山ぎは	山ぎわ	山際
やまくずれ	山崩れ	山くずれ	山崩
やまぐらし	山暮	山暮らし
やまぐわ	山ぐわ	山桑
やまごえ	山越	山越え
やまごもり	山ごもり	山籠もり	山籠り
やまし	山師	山衆
やましお	山汐	山潮
やましぎ	山しぎ	山鴫
やました	山した	山下
やますそ	山裾	山すそ
やません	山千	山線
やまぞい	山ぞい	山沿い
やまたちばな	山たちばな	山橘
やまだし	山出し	山だし
やまだち	山だち	山立
やまつつじ	山つつじ	山ツツジ	山躑躅
やまづくり	山づくり	山作り
やまづたい	山づたい	山伝い
やまとえ	大和絵	倭絵	やまと絵
やまどめ	山止め	山留	山留め
やまどり	山鳥	山取り	山採り
やまなみ	山並み	山並	山波	山なみ
やまなり	山なり	山成	山成り	山鳴り	山形
やまねこ	山ねこ	山猫
やまねこざ	山猫座	やまねこ座
やまねずみ	山ネズミ	山鼠
やまのいも	山の芋	薯蕷
やまのて	山手	山の手
やまはだ	山肌	山はだ
やまば	ヤマ場	山場	やま場
やまばと	山ばと	山鳩
やまひだ	山ひだ	山襞
やまびこ	山びこ	山彦
やまふき	山フキ	山蕗
やまふところ	山ふところ	山懐
やまぶき	山ぶき	山吹	山吹き
やまぶきいろ	山吹き色	山吹色	やまぶき色
やまへん	山へん	山偏
やまべ	山べ	山辺
やまほととぎす	山ほととぎす	山杜鵑
やまぼこ	山鉾	山ぼこ
やまみち	山道	山みち	山路
やまもと	山もと	山元	山本
やまもみじ	山もみじ	山紅葉
やまもも	山モモ	山桃	楊梅
やまもり	山もり	山盛	山盛り	山守
やまやま	山々	山やま	山山
やまゆき	山雪	山ゆき
やまゆり	山ゆり	山ユリ	山百合
やまんば	山妣	山姥
やみ	闇	止み	病み
やみあがり	病み上がり	病みあがり	病み上り
やみいち	ヤミ市	闇市	やみ市
やみうち	闇討	闇討ち	やみ討ち
やみおち	闇堕ち	闇落ち
やみきん	ヤミ金	やみ金	闇金
やみきんゆう	ヤミ金融	やみ金融	闇金融
やみけんきん	ヤミ献金	やみ献金	闇献金
やみごめ	ヤミ米	闇米	やみ米
やみじ	闇路	やみ路
やみじる	闇汁	やみ汁
やみそうば	ヤミ相場	やみ相場	闇相場
やみつき	病み付き	病みつき
やみとりひき	ヤミ取引	やみ取引	闇取引
やみながし	闇流し	やみ流し
やみね	闇値	ヤミ値	やみ値
やみや	闇屋	やみ屋
やみよ	闇夜	やみ夜
やめけん	ヤメ検	辞め検
やめどき	止めどき	辞め時	やめ時
やめはん	ヤメ判	辞め判
やもめ	孀	鰥	鰥夫	寡
やもめおとこ	鰥男	やもめ男
やもめぐらし	ヤモメ暮らし	寡暮らし	やもめ暮し	やもめ暮らし
やもめずみ	寡住み	やもめ住み
ややこ	稚児	やや子
やよい	弥生	彌生
やらい	和霊	和靈	夜来	矢来
やり	槍	鑓	遣り
やりあい	遣り合い	やり合い
やりうめ	槍梅	鑓梅
やりかた	やり方	遣り方
やりがい	遣り甲斐	やり甲斐
やりがんな	槍鉋	鉇
やりきず	槍傷	槍疵
やりくち	ヤリ口	遣り口	やり口
やりくり	遣り繰り	遣繰	やり繰り
やりさき	槍さき	槍先	鎗先	やり先
やりすぎ	遣り過ぎ	やり過ぎ
やりだま	ヤリ玉	槍玉	やり玉
やりて	ヤリ手	遣り手	遣手	やり手
やりとり	遣りとり	遣り取り	やり取り
やりど	遣り戸	遣戸	やり戸
やりなおし	ヤリ直し	遣り直し	やり直し
やりなげ	槍投げ	やり投げ	やり投
やりにげ	ヤり逃げ	遣り逃げ	やり逃げ
やりば	遣り場	やり場
やりぶすま	槍衾	槍襖
やりへや	ヤリ部屋	遣り部屋
やりみず	遣り水	遣水	やり水
やりもち	槍持ち	槍持
やるき	ヤル気	遣る気	やる気
やるせ	遣る瀬	遣瀬
やれくき	破れ茎	やれ茎
やれだたみ	破れ畳	破畳
やろう	冶郎	夜郎	野郎	野朗
やわはだ	柔肌	やわ肌
やわら	柔ら	柔
やわらかめん	軟らかめん	軟らか麺	やわらか麺
やんまつり	ヤンマ釣り	やんま釣り
ゆ	湯	喩	柚
ゆあか	湯あか	湯垢
ゆあがり	湯上がり	湯上り
ゆあたり	湯あたり	湯中り	湯当たり	湯当り
ゆあみ	湯あみ	湯浴み
ゆいしん	唯信	唯心
ゆいのう	結納	唯脳
ゆいぶつ	唯仏	唯物
ゆう	夕	邑	卣	釉	涌	幽	游	尤	遊	勇	雄	優
ゆうあかり	夕明かり	夕明り
ゆうあん	幽暗	幽庵	祐庵
ゆうい	優位	有為	雄偉	勇威	有位	有意
ゆういん	誘引	有印	有因	誘因	遊印
ゆううつ	憂うつ	憂欝	憂蔚	憂鬱
ゆうえい	游泳	遊泳
ゆうえき	誘掖	有益	憂液	融液
ゆうえん	遊園	優婉	優艶	優艷	幽艶	幽艷	幽遠	悠遠	有塩	有煙	熊延	遊宴
ゆうおう	勇往	雄黄
ゆうか	有価	雄化
ゆうかい	有界	誘拐	融解	誘かい	幽懐	幽界	油塊
ゆうかく	有角	遊郭	遊廓	有核	有郭	遊客	遊革
ゆうかげ	夕かげ	夕影
ゆうかつ	ゆう活	夕活
ゆうかん	遊観	夕かん	夕刊	幽間	憂患	有感	有閑	遊環	遊閑
ゆうが	優雅	幽雅	誘蛾
ゆうがい	有がい	有蓋
ゆうがく	遊学	游学	有額
ゆうがすみ	夕がすみ	夕霞
ゆうがた	「夕」方	夕方	夕がた
ゆうき	勇気	憂喜	有機	有期	幽鬼	遊機	誘起	遊鬼	雄気	木綿木	有気
ゆうきゃく	誘客	遊脚
ゆうきゅう	遊休	有休	有給	悠久	有鳩
ゆうきゅうざん	有休残	有給残
ゆうきゅうざんすう	有休残数	有給残数
ゆうきゅうしゅとくび	有休取得日	有給取得日
ゆうきゅうしょうか	有休消化	有給消化
ゆうきゅうしんせい	有休申請	有給申請
ゆうきゅうすう	有休数	有給数
ゆうきゅうにっすう	有休日数	有給日数
ゆうきゅうふよにっすう	有休付与日数	有給付与日数
ゆうきょう	遊興	優強	幽境	游俠	誘脅	遊侠	遊俠	雄強
ゆうきょくさいぼうがん	有棘細胞がん	有棘細胞ガン	有棘細胞癌
ゆうきん	夕勤	有筋	遊金
ゆうぎ	遊戯	遊戲	遊技	勇義	友誼
ゆうぎょ	遊漁	遊魚
ゆうぎょう	有業	融業
ゆうぎり	夕霧	遊ふぎ利
ゆうぐれ	夕暮れ	夕ぐれ	夕暮
ゆうぐん	友軍	右軍	幽軍	遊軍
ゆうけい	雄勁	夕景	有形	幽計	幽閨	有契	有茎
ゆうけん	勇健	雄健	有権	幽顕	郵券
ゆうげ	夕け	夕げ	夕餉	夕食
ゆうげん	有限	幽玄	有言
ゆうこう	誘降	友好	有向	友交	友効	有功	有孔	有鈎	遊行	有光
ゆうこうせい	有効性	有功性
ゆうこく	幽谷	夕刻	憂国	雄国	友國	友国
ゆうこん	雄コン	雄渾	勇魂	幽魂
ゆうごはん	夕ごはん	夕ご飯	夕御飯
ゆうごはんだい	夕ご飯代	夕御飯代
ゆうさい	有彩	遊採	雄才
ゆうざい	有罪	融剤
ゆうざくら	夕桜	夕櫻
ゆうし	有志	幽死	雄視	融資	雄姿	勇士	勇姿	憂思	有刺	有司	有姿	有歯	有翅	猶子	融子	遊士	遊子	遊糸	遊資	雄志	雄雌	有史
ゆうしお	夕汐	夕潮
ゆうしゃく	有爵	遊尺
ゆうしゅ	優種	有取	邑主	郵趣
ゆうしゅう	幽囚	幽愁	憂囚	憂愁	有終	遊就
ゆうしゅつ	湧出	涌出	遊出	ゆう出
ゆうしょう	優勝	有症	有償	勇将	有床	有証	湧昇	優賞
ゆうしょうしゃ	優勝者	有症者
ゆうしょく	夕食	有職	憂色	有色	釉色
ゆうしん	勇臣	幽心	幽深	憂心	有神	雄心
ゆうじ	有事	有時
ゆうじょ	宥恕	遊女	佑助
ゆうじょう	揖譲	友じょう	友情	優諚	幽情
ゆうじん	友人	有人	幽人	游人	遊人
ゆうすい	湧水	幽邃	遊水
ゆうずい	有髄	雄蕊
ゆうせい	優勢	有声	幽栖	幽棲	優性	幽静	優生	有性	有生	有精	遊星	郵政	雄性
ゆうせき	有責	優績	憂戚
ゆうせつ	融雪	有節
ゆうせん	勇戦	有線	優占	涌泉	湧泉	遊仙	遊船	郵船	優先
ゆうぜい	遊説	有税	疣贅	郵税
ゆうぜん	友禅	有髯
ゆうそう	幽送	郵送	雄壮	幽窓	有操	有相	有窓	遊走
ゆうそく	優速	有職
ゆうたい	勇退	優待	優退	幽体	有体	有袋	郵袋
ゆうたん	勇胆	熊胆
ゆうだち	夕立	夕だち	夕立ち
ゆうだん	勇断	有段
ゆうちゅう	挹注	誘虫	邑中
ゆうちょう	幽鳥	有徴
ゆうつづ	夕星	長庚
ゆうてい	遊底	郵逓	有蹄
ゆうてん	優点	融点
ゆうでん	誘電	郵伝	郵傳	郵電
ゆうと	雄図	雄途	雄都
ゆうとう	遊とう	遊蕩	友党	雄刀
ゆうとく	勇徳	有徳
ゆうど	尤度	裕度
ゆうどう	誘導	遊動
ゆうなぎ	夕なぎ	夕凪
ゆうのう	有能	遊農
ゆうはい	有配	有肺
ゆうはん	夕飯	夕はん	有半	雄藩
ゆうばえ	夕映	夕映え
ゆうばれ	夕晴	夕晴れ
ゆうひ	雄飛	夕日	夕陽	ゆふ日
ゆうひつ	右筆	祐筆
ゆうひょう	有標	遊標
ゆうびん	郵便	ゆう便
ゆうびんはがき	郵便ハガキ	郵便はがき	郵便葉書
ゆうふ	有夫	有婦
ゆうふん	憂憤	有吻
ゆうへん	雄篇	雄編
ゆうべ	昨夜	夕べ	夕
ゆうほ	遊歩	勇歩
ゆうほう	友朋	友邦	有報
ゆうぼう	有望	遊坊
ゆうぼく	遊牧	友睦
ゆうまぐれ	夕まぐれ	夕間暮
ゆうみん	誘眠	遊民
ゆうめい	勇名	幽冥	幽明
ゆうめし	夕めし	夕メシ	夕飯
ゆうもう	勇猛	有毛	湧網
ゆうもや	夕もや	夕靄
ゆうもん	憂悶	幽門
ゆうやく	勇躍	釉薬
ゆうやけ	夕焼け	夕やけ	夕焼
ゆうやみ	夕やみ	夕闇
ゆうよ	猶予	猶与
ゆうよく	遊弋	有翼
ゆうらく	憂楽	遊楽
ゆうり	遊離	遊里	有理
ゆうりゃく	勇略	雄略
ゆうりょう	遊猟	有料
ゆうりん	有輪	有鄰	有隣	有林	有鱗
ゆうれい	優麗	夕礼	幽霊	有礼
ゆうれつ	優劣	勇烈
ゆうろく	有祿	有禄
ゆうわ	宥和	融和
ゆえつ	愉悦	踰越
ゆえん	由縁	油烟	油煙	所以
ゆおん	湯温	油温
ゆか	床	牀	由花	油化
ゆかい	愉快	油塊
ゆかいた	床板	ゆか板
ゆかおき	床置	床置き
ゆかぐみ	床組	床組み
ゆかけ	湯かけ	湯掛け
ゆかたがけ	浴衣がけ	浴衣掛け
ゆかたすがた	浴衣姿	ゆかた姿
ゆかたたき	床タタキ	床叩き
ゆかたびら	明衣	湯帷子
ゆかづか	床づか	床束
ゆかづくり	床づくり	床作り
ゆかふき	床ふき	床拭き
ゆかふせ	床伏	床伏せ
ゆかり	所縁	縁
ゆかん	油管	湯灌
ゆがみなおし	歪み直し	ゆがみ治し
ゆき	雪	悠基	往き	裄	行き
ゆきあかり	雪あかり	雪明	雪明かり	雪明り
ゆきあそび	雪あそび	雪遊び
ゆきあたり	行き当たり	行きあたり	行当たり	行当り	行き当り	ゆき当たり
ゆきあらし	雪あらし	雪嵐
ゆきうさぎ	雪うさぎ	雪ウサギ	雪兎
ゆきおこし	雪起こし	雪起し
ゆきおろし	雪おろし	雪下ろし
ゆきかえり	往き帰り	往還り	行き帰り
ゆきかき	雪かき	雪掻き	雪搔き
ゆきがかり	行きがかり	行き掛かり
ゆきがまえ	行き構え	行構え
ゆきぐつ	雪ぐつ	雪沓	雪靴
ゆきけむり	雪けむり	雪煙
ゆきげ	雪げ	雪気	雪消	雪解
ゆきしろ	雪しろ	雪代
ゆきだおれ	行き倒れ	行倒れ
ゆきだま	雪だま	雪玉
ゆきだるま	雪ダルマ	雪達磨	雪だるま
ゆきだるましき	雪ダルマ式	雪達磨式	雪だるま式
ゆきちがい	行き違い	行違	行違い
ゆきつり	雪つり	雪吊り	雪釣り
ゆきづり	雪吊	雪吊り
ゆきとどき	行き届	行届	行届き	行き届き
ゆきどけ	雪解け	雪どけ	雪溶け	雪融け	雪解
ゆきどまり	行き止り	行止まり	行止り	行き止まり
ゆきぬけ	行き抜け	行抜け
ゆきひら	行平	雪平
ゆきびたし	雪びたし	雪浸し
ゆきふり	雪ふり	雪降り
ゆきまじり	雪混じり	雪まじり
ゆきまつり	雪祭り	雪まつり
ゆきまみれ	雪まみれ	雪塗れ
ゆきみち	行き道	雪道
ゆきもち	雪持	雪持ち	雪餅
ゆきもどり	往き戻り	行き戻り
ゆきもよい	雪もよい	雪催	雪催い	雪催ひ
ゆきよけ	雪よけ	雪避け	雪除け
ゆきわたり	雪わたり	雪渡り
ゆくえ	行方	行くえ
ゆくさき	行く先	行くさき	ゆく先
ゆくて	行く手	行手
ゆけむり	湯煙	温泉けむり	湯けむり	湯烟
ゆげ	湯気	湯げ
ゆげん	涌現	喩言
ゆこう	柚香	柚柑
ゆさん	游山	遊山
ゆざまし	湯ざまし	湯冷まし
ゆざめ	湯ざめ	湯冷め
ゆざらし	湯ざらし	湯晒し
ゆし	諭示	油脂	諭旨	油紙
ゆしょう	油商	油症
ゆじ	諛辭	諛辞
ゆすらうめ	梅桃	英桃
ゆすり	揺り	強請	揺すり
ゆず	柚	柚子	香橙
ゆずゆ	ユズ湯	柚子湯	ゆず湯
ゆずりうけ	譲受	譲受け	譲り受け
ゆずりうけにん	譲り受け人	譲受人	譲受け人
ゆずりじょう	譲り状	譲状
ゆずりは	交譲葉	楪	譲り葉	譲葉	ゆずり葉
ゆずりわたし	譲渡	譲り渡し	譲渡し
ゆせい	油井	油性	油せい	輸精
ゆせん	湯せん	湯煎	湯栓	湯銭
ゆそう	輸送	愈創	油層	油槽	油送
ゆそうせん	輸送船	油送船
ゆだて	湯立	湯立て
ゆちゃく	癒着	癒著	ゆ着
ゆつぼ	湯つぼ	湯壺	湯壼
ゆづけ	湯漬	湯漬け
ゆであがり	茹で上がり	ゆで上り
ゆであげ	茹で上げ	ゆで上げ
ゆであずき	茹で小豆	ゆで小豆
ゆでえび	茹でエビ	茹で海老	ゆで海老	茹でえび
ゆでがま	茹で釜	ゆで釜
ゆでぐり	茹で栗	ゆで栗
ゆでじる	茹で汁	ゆで汁
ゆでたて	茹でたて	茹で立て
ゆでたまご	茹で卵	茹で玉子	ゆで卵	ゆで玉子
ゆでだこ	茹で蛸	茹蛸	ゆで蛸
ゆでどり	茹で鳥	ゆで鶏
ゆでにく	茹で肉	ゆで肉
ゆでぶた	茹で豚	ゆで豚
ゆでみず	茹で水	ゆで水
ゆでめん	茹で麺	ゆで麺
ゆでもの	茹で物	ゆで物
ゆとう	湯桶	油灯
ゆとうよみ	湯桶読み	湯桶読
ゆどおし	油通し	油通	湯通し	湯通
ゆどころ	湯どころ	湯処
ゆにゅう	輸入	油入	ゆ入
ゆにゅうしゃ	輸入者	輸入車
ゆのし	湯のし	湯熨
ゆのはな	湯の華	湯の花
ゆのみ	湯飲み	湯のみ	湯吞	湯吞み	湯呑	湯呑み	湯飲
ゆはぎ	湯はぎ	湯剥ぎ
ゆはず	弓弭	弓端	弓筈	弭
ゆば	湯場	湯波	湯葉
ゆばな	湯花	湯華
ゆびあそび	指あそび	指遊び
ゆびあと	指痕	指趾	指跡
ゆびかけ	指かけ	指掛け
ゆびき	湯びき	湯引き
ゆびくぐり	指くぐり	指潜り
ゆびさき	指先	指さき	指尖
ゆびさし	指差し	指差	指さし
ゆびさばき	指さばき	指捌き
ゆびつめ	指つめ	指詰め
ゆびづかい	指づかい	指使い	指遣い
ゆびぬき	指ぬき	指抜き	指貫
ゆびまたぎ	指またぎ	指跨ぎ
ゆびわ	指輪	指環
ゆぶね	湯船	湯ぶね	湯槽	湯舟
ゆまき	湯巻	湯巻き
ゆみあらそい	弓争い	弓争ひ
ゆみつくり	弓作り	弓造り
ゆみとり	弓取	弓取り
ゆみなり	弓なり	弓形
ゆみのこ	弓のこ	弓鋸
ゆみはり	弓はり	弓張	弓張り
ゆみはりぢょうちん	弓張り提灯	弓張提灯
ゆみはりづき	弓張り月	弓張月
ゆみや	弓矢	弩矢
ゆむき	湯むき	湯剥き
ゆめあわせ	夢合せ	夢合わせ
ゆめうつつ	夢うつつ	夢現
ゆめおち	夢オチ	夢落ち
ゆめかさご	夢カサゴ	夢笠子
ゆめがたり	夢がたり	夢語り
ゆめぐり	湯めぐり	湯巡り
ゆめごよみ	夢ごよみ	夢暦
ゆめたがい	夢違	夢違い
ゆめとき	夢解	夢解き
ゆめねこ	夢ねこ	夢猫
ゆめまくら	夢まくら	夢枕
ゆめまぼろし	夢まぼろし	夢幻
ゆもと	湯元	湯本
ゆもみ	湯もみ	湯揉み
ゆらぎいわ	揺らぎ岩	ゆらぎ岩
ゆらぎはだ	揺らぎ肌	ゆらぎ肌
ゆり	百合	揺り
ゆりか	ユリ科	百合科	ゆり科
ゆりかご	揺りかご	揺り籃	揺り籠	揺籠
ゆりね	ユリ根	百合根	ゆり根
ゆりのき	百合樹	ゆりの木
ゆりもどし	揺り戻し	ゆり戻し
ゆりょう	湯量	油料	油糧	油量
ゆるぎ	揺るぎ	揺ぎ
ゆるし	宥し	赦し	許し	許
ゆるまき	緩巻き	ゆる巻き
ゆるみ	弛み	緩み
ゆるみどめ	緩み止め	ゆるみ止め
ゆれうごき	揺れ動き	ゆれ動き
ゆわかし	湯わかし	湯沸	湯沸かし	湯沸し
ゆわかしき	湯わかし器	湯沸かし器	湯沸し器	湯沸器
ゆんで	弓手	ゆん手	左手
よ	世	夜	代
よあかし	夜明かし	夜明し
よあけ	夜あけ	夜明	夜明け
よい	酔い	酔	余威	宵
よいえびす	宵えびす	宵恵比須
よいごこち	酔い心地	酔心地
よいごし	宵ごし	宵越し
よいざまし	酔い覚まし	酔い醒まし
よいざめ	酔い覚め	酔い醒め	酔覚め	酔醒め
よいっぱり	宵っぱり	宵っ張り
よいどめ	酔い止め	酔止め
よいどれ	酔いどれ	酔ひどれ
よいなき	宵鳴	宵鳴き
よいのくち	宵の口	よいの口
よいまつり	宵まつり	宵祭	宵祭り
よいやみ	宵やみ	宵暗	宵闇
よう	蓉	用	俑	瑤	癰	養	幼	洋	庸	要	陽	曜	葉
ようい	用意	妖異	洋夷	瘍医	腰囲	洋医
よういん	要因	要員	陽陰
よううん	妖雲	陽運
ようえい	揺曳	耀映
ようえき	傭役	徭役	用役	葉腋	要役	養液	用益	溶液	よう液
ようえん	妖婉	妖艶	妖艷	遥遠
ようおん	拗音	葉温
ようか	沃化	蛹化	妖花	幼果	洋貨	腰下	陽火	陽貨	養家	よう化	ヨウ化
ようかい	容かい	容喙	溶解	熔解	鎔解	妖怪	洋灰	用械	養晦
ようかん	揺撼	羊かん	羊羮	羊羹	楊幹	用間	腰間	養肝	洋館
ようが	洋画	幼芽	陽画
ようがい	要害	用害
ようがかり	用掛	用掛かり
ようがく	洋学	洋楽
ようがけ	洋掛	洋掛け
ようがらし	洋がらし	洋芥子	洋辛子
ようがん	容顔	溶岩	熔岩	よう岩
ようき	揚棄	要記	陽気	容器	妖姫	妖気	妖氣	様器	用器	要機	養気	よう器
ようきゃく	洋客	要脚
ようきゅう	要求	楊弓	洋弓
ようきょう	佯狂	妖教	容共
ようきょく	陽極	謡曲
ようきん	洋琴	溶菌	腰筋	用金
ようぎ	容疑	容儀	要義
ようぎょ	幼魚	養魚
ようぐ	庸愚	用ぐ	要具	用具
ようけい	養鶏	葉茎
ようけつ	溶血	要決	要訣
ようけん	要件	洋犬	用件	羊圏
ようげい	妖鯨	窯芸
ようげき	要撃	邀撃	陽撃
ようげつ	妖孽	陽月	妖孼
ようげん	揚言	要言	用言	妖言	謡言
ようこ	妖狐	養狐
ようこう	佯攻	洋行	陽攻	要項	要綱	妖光	洋紅	溶鉱	溶鋼	熔鉱	鎔鉱	陽爻	要港	陽光
ようこうろ	溶鉱炉	熔鉱炉
ようこん	幼根	洋魂	葉痕	陽根
ようご	用語	養護	擁護	用後	洋語	要語
ようごう	影向	羊毫
ようさい	洋裁	要塞	洋才	洋菜	葉菜	要砦
ようさん	養蚕	葉酸
ようざい	溶剤	溶材	用材
ようざん	腰斬	洋算
ようし	夭死	拗糸	養施	養子	容姿	要旨	佯死	妖糸	容止	洋紙	羊脂	葉姿	葉枝	養嗣	陽子	用紙
ようしき	様式	要式	洋式
ようしきか	様式化	洋式化
ようしつ	沃質	洋室	溶質
ようしゃ	容赦	溶射	用捨	幼者
ようしゅ	洋酒	傭主	妖主	幼主	洋種	陽守
ようしゅう	揚収	要集
ようしょ	要所	洋書	癢処
ようしょう	熔焼	幼少	要衝	妖祥	擁蒋	葉鞘	要償
ようしょうねん	幼少年	幼・少年
ようしょく	養しょく	養殖	洋食	要職	容色	溶食	熔蝕
ようしん	楊心	痒疹	葉身	要津	養親
ようじ	幼児	楊子	楊枝	用字	幼時	洋字	要事	用事
ようじゃく	幼弱	幼若	用尺
ようじゅ	膺受	容受	幼樹	榕樹	陽樹
ようじゅう	妖獣	幼獣	揚重	葉重
ようじゅつ	妖術	要術
ようじょ	養女	妖女	幼女	用所	葉序
ようじょう	養生	葉状	要城	洋上	洋杖
ようじん	用心	用じん	要心	要人	用尽	羊腎	洋人
ようす	様子	揚子	樣子	容子
ようすい	揚水	羊水	用水
ようずみ	用ずみ	用済み
ようせい	養成	要請	夭逝	陽性	妖星	妖精	幼生	溶成	熔成	陽生	溶性
ようせき	容積	腰脊
ようせつ	夭折	溶接	熔接	要説
ようせん	傭船	用船	溶栓	溶銑	熔銑	用箋	陽線
ようそ	ヨウ素	要素	沃素	よう素
ようそう	洋装	妖僧	鷹爪	様相
ようたい	容態	様態	樣態	幼体	溶体	腰腿	要諦	容体
ようたし	用達	用たし	用足し
ようだい	容体	容態
ようだん	溶断	用談	要談
ようち	揚地	用池	要地	陽地	陽池	夜討ち	夜討	用地
ようちゅう	溶鋳	陽鋳	幼虫	妖虫	葉中	よう虫
ようちょう	膺懲	幼鳥	妖鳥	鷹鳥
ようちん	永沈	葉枕
ようつい	腰つい	腰椎
ようつぎ	用次	用次ぎ
ようてい	要諦	幼帝
ようてん	陽転	腰纏	要点
ようとう	揺蕩	妖刀	洋刀	洋濤	洋灯	溶湯	羊頭	踊踏	洋燈
ようとじ	洋とじ	洋綴	洋綴じ
ようど	沃度	用土	用度
ようどう	揺動	搖動	妖瞳	幼童	洋銅	溶銅	熔銅	甬道	鎔銅	陽動	要道
ようなし	洋なし	洋ナシ	洋梨
ようにく	羊肉	葉肉
ようにん	容認	傭人	傭忍	遙任	遥任	用人
ようはいすい	用排水	揚排水
ようはつ	揚発	洋髪
ようばさみ	洋ばさみ	洋鋏
ようばん	洋盤	腰盤
ようひ	羊皮	要否
ようひつ	洋櫃	用筆
ようひん	用品	洋品	養浜
ようひんてん	用品店	洋品店
ようび	妖美	揚眉	よう日	曜日
ようびょう	揚錨	幼苗
ようふ	養父	妖婦	要布	用布
ようふく	洋服	腰腹	葉幅	陽復
ようふくだんす	洋服ダンス	洋服箪笥	洋服だんす
ようぶ	腰部	洋舞	葉部	要部
ようぶつ	妖物	陽物
ようぶん	養分	よう分
ようへい	擁蔽	用兵	傭兵	洋兵	葉柄
ようへき	洋癖	擁壁
ようへん	窯変	曜変	葉片
ようべん	用弁	用便
ようほ	幼穂	幼保	拗歩
ようほう	用法	要報	陽報	養蜂	用方	要法
ようぼう	要望	容ぼう	容貌	容貎
ようぼく	幼木	用墨	用木
ようま	洋間	妖魔
ようみ	妖味	妖魅	幼味
ようむ	洋務	洋鵡	用務	要務
ようめい	養命	幼名	洋名	揚名	溶明	用命	陽明
ようもう	羊毛	養毛
ようもく	洋もく	洋モク	要目
ようやく	要約	用薬	洋薬
ようゆう	溶融	熔融
ようよう	幼葉	要用	陽葉
ようらく	揺落	瓔珞
ようらん	要覧	揺籃	洋蘭	洋ラン
ようり	溶離	葉理	要理	養鯉
ようりょう	要領	養料	用量	容量
ようりょく	葉緑	妖力	揚力
ようりん	熔燐	鎔燐
ようれい	妖麗	幼齢	葉齢	用例
ようろ	溶炉	熔炉	窯炉	要路
ようろう	葉蝋	養老
ようわき	葉わき	葉脇
よえい	余栄	余贏
よおぼえ	世おぼえ	世覚え
よか	余暇	予科	予価	余花
よかい	予戒	豫戒
よかく	予覚	与格	余角
よかん	予感	余寒
よがらす	夜がらす	夜烏
よがり	善がり	夜離り
よがりごえ	ヨガリ声	善がり声	よがり声
よがわり	世変り	世変わり
よき	予期	余気
よきょう	余興	余響	餘興
よぎ	余儀	余技	夜着
よく	欲	慾	翼
よくうつ	抑うつ	抑鬱	抑欝
よくうつしょう	抑うつ症	抑鬱症
よくかき	欲かき	欲掻き
よくさん	翼賛	翼贊
よくしゅう	翌週	翌秋
よくじょう	慾情	欲情	翼状	浴場
よくせい	抑制	翼成
よくそう	浴そう	浴槽
よくちょう	翌朝	翼長
よくとう	浴湯	翼棟
よくとく	慾徳	欲得	欲徳
よくどう	欲動	翼胴
よくねん	翌年	よく年	慾念	欲念
よくばん	翌晩	翼板
よくぼう	欲望	慾望	欲棒
よくぼけ	欲ボケ	欲惚け
よくよう	浴用	抑揚
よくよくげつ	翌々月	翌翌月
よくよくしゅう	翌々週	翌翌週
よくよくじつ	翌々日	翌翌日
よくよくねん	翌々年	翌翌年
よくりゅう	抑留	翼竜	翼龍
よくろう	翼廊	翼楼
よけ	除け	避け
よけい	余恵	余慶
よけん	予見	与件	予研
よげん	予言	預言	余弦
よげんしゃ	予言者	預言者
よこ	横	橫
よこあい	横あい	横合	横合い
よこあな	横穴	よこ穴
よこあみ	横編	横編み
よこいと	ヨコ糸	横糸	緯糸	よこ糸
よこう	予稿	予行	余光	余効	余香
よこうけ	横うけ	横請け
よこおき	横置	横置き
よこかく	横画	よこ画
よこがお	横顔	よこ顔
よこがき	横書き	横がき	よこ書き
よこがみ	横紙	横髪
よこく	予告	与国
よこぐし	横串	横櫛
よこぐみ	横組	横組み
よこぐわえ	横ぐわえ	横銜え
よこけい	横ケイ	横罫
よこざま	横ざま	横様
よこざる	横ざる	横笊
よこしま	邪ま	邪	横シマ
よこしわ	横しわ	横シワ
よこしん	横審	横芯
よこじく	ヨコ軸	横軸
よこじま	横じま	横縞
よこじわ	横じわ	横ジワ	横皺
よこすべり	横滑り	横すべり	横辷り
よこすわり	横坐り	横すわり	横座り
よこずれ	横ズレ	横ずれ
よこずわり	横ずわり	横座り	横坐り
よこせん	横線	よこ線
よこだおし	横倒し	横だおし
よこちょう	横町	横丁	橫町
よこちん	横ちん	横チン
よこっちょ	横っちょ	横っちょう
よこっとび	横っとび	横っ跳び	横っ飛び
よこつら	横つら	横面
よこづけ	横付け	横づけ
よこて	横手	よこ手
よことじ	横とじ	横綴	横綴じ
よことび	横とび	横跳び	横飛び
よこどり	横どり	横取り	横盗り
よこなぎ	横薙	横薙ぎ
よこなぐり	横なぐり	横殴り
よこならび	横並び	横ならび
よこにらみ	横にらみ	横睨み
よこのり	横ノリ	横乗り
よこはいり	横はいり	横入り
よこはぎ	横矧	横矧ぎ
よこはば	横はば	横幅
よこばい	横ばい	横バイ	横這	横這い
よこひき	横引	横引き
よこひざ	横ひざ	横膝
よこひも	横ひも	横紐
よこひろがり	横ひろがり	横広がり
よこぶれ	横ぶれ	横振れ
よこみち	横みち	横道
よこむき	横向き	横むき
よこむすび	横むすび	横結び
よこめ	横眼	横目	よこ目
よこやり	横やり	横ヤリ	横槍
よこゆれ	横ゆれ	横揺れ
よこわり	ヨコ割り	横割り
よごもり	夜籠もり	夜籠り
よごれおち	汚れ落ち	よごれ落ち
よごれおとし	ヨゴレ落とし	汚れ落し	汚れ落とし	よごれ落とし
よごれしらべ	汚れ調べ	よごれ調べ
よごれとり	ヨゴレ取り	汚れ取り
よごれふき	汚れふき	汚れ拭き
よごれみず	汚れ水	よごれ水
よごれもの	汚れもの	汚れ物
よごれやく	ヨゴレ役	汚れ役
よごれゆかた	汚れ浴衣	よごれ浴衣
よさりつかた	夜さつかた	夜去方
よさん	予算	豫算	予讃	余算
よざい	余罪	余財
よざかり	世ざかり	世盛り
よし	良し	佳し	好し	余資	葦	蘆	由
よしあし	善し悪し	善しあし	良しあし	良し悪し	良悪	よし悪し
よしきり	葦切	葦切り
よしず	葦簀	葦簾	葭簀
よしぶえ	ヨシ笛	葦笛
よしみ	誼	誼み	好
よしゅう	予習	余習	余臭
よしょう	与小	予章	豫章
よしわら	ヨシ原	葦原	よし原
よしん	余震	与信	予審	予診	予震
よじ	予示	余事
よじつ	余日	予実
よじょう	余剰	餘剰	余情
よじん	余じん	余烬	余燼	余人
よすぎ	世すぎ	世過ぎ
よすて	世捨	世捨て
よすてびと	世捨て人	世捨人
よせ	寄	寄席	寄せ
よせあつめ	寄せ集め	寄せあつめ	よせ集め
よせい	余生	余勢
よせうえ	寄せ植	寄せ植え	寄植	寄植え
よせえさ	寄せエサ	寄せ餌
よせがき	寄せ書き	寄書き	寄せ書
よせき	予責	余席
よせぎ	寄せ木	寄木	よせ木
よせざん	寄せ算	寄算
よせつ	余接	余説
よせて	寄せ手	寄手
よせなべ	寄せなべ	寄せ鍋	寄鍋	よせ鍋
よせば	寄せ場	寄場
よせぶみ	寄せ文	寄文
よせむね	寄せ棟	寄棟
よせん	予洗	予選	予餞
よせんかい	予選会	予餞会
よそ	他所	余処	余所
よそいき	余所行き	よそ行き
よそおい	装い	粧ひ
よそぎき	余所聞き	よそ聞き
よそこ	余所子	よそ子
よそごと	余所事	よそ事
よそまけ	他所負け	余所負け
よそみ	余所見	よそ見
よそめ	余所目	よそ目
よそもの	ヨソ者	他所者	余所者	よそ者
よた	与太	與太
よたい	預貸	予対
よたか	夜たか	夜鷹
よたく	預託	余沢
よたもの	與太者	与太者
よだれ	涎	涎れ
よだれいり	涎入り	よだれ入り
よだれかけ	涎掛	涎掛け
よだん	予断	余談
よち	予知	余地	輿地
よっか	欲火	翼下
よっきゅう	欲求	慾求
よっぱらい	酔っぱらい	酔っ払い	酔ッぱらひ	酔払い
よつあし	四つ足	四脚
よつかど	四つ角	四ッ角
よつぎ	世継	世継ぎ	世嗣	世嗣ぎ
よつんばい	四つんばい	四つん這い	四つン這い	四ツん這い
よづり	夜釣り	夜釣
よとう	与党	夜盗	余党
よとぎ	夜とぎ	夜伽
よとく	余得	余徳
よど	予土	淀
よどみ	澱み	淀み	澱
よなか	夜中	夜なか
よなき	夜泣き	夜泣	夜啼き	夜鳴き	夜鳴
よなきそば	夜鳴き蕎麦	夜鳴きそば
よなべ	夜なべ	夜鍋
よにげ	夜逃げ	夜遁
よにん	四人	余人
よねつ	予熱	余熱
よねん	余念	予燃
よばい	呼ばい	夜這	夜這い
よばいびと	夜這い人	よばひ人
よばなし	夜ばなし	夜咄	夜話
よび	予備	豫備
よびうり	呼び売り	呼売り
よびかけ	呼び掛け	呼びかけ
よびごえ	呼び声	呼び聲	呼声	呼聲	喚び声	よび声	よび聲
よびすて	呼びすて	呼び捨て	呼捨	呼捨て	呼棄て
よびだし	呼出し	呼出	呼び出	呼び出し
よびだしおん	呼び出し音	呼出音
よびだしじょう	呼出し状	呼出状	呼び出し状
よびつけ	呼びつけ	呼び付け
よびな	呼び名	呼名	よび名
よびね	呼び値	呼値
よびぶえ	呼び笛	呼笛
よびみず	呼び水	よび水
よびもどし	呼戻し	呼び戻し
よびもの	呼びもの	呼び物
よびりん	呼びりん	呼びリン	呼び鈴	呼鈴	よび鈴
よふかし	夜ふかし	夜更かし	夜更し
よふくしゅう	予・復習	予復習
よふけ	夜更け	夜ふけ	夜更
よふね	夜船	夜舟
よぶこ	呼ぶ子	呼子
よぶん	余分	餘分	余聞
よぼう	予防	輿望
よまいごと	世まい言	世迷いごと	世迷い事	世迷い言
よまつり	夜祭り	夜祭
よみ	読み	読	良み	陰府	黄泉
よみあわせ	読み合せ	読み合わせ	読合せ	読合わせ
よみうり	読売	読み売	読み売り	読売り	讀賣
よみかえ	読み変え	読み替え	読替	読替え
よみかき	読書	読み書き	読みかき	読書き
よみかきそろばん	読書算盤	読み書き算盤	読み書きそろばん
よみかけ	読みかけ	読み掛け
よみかじり	読みかじり	読み齧り
よみがな	読みがな	読み仮名
よみきかせ	読み聞かせ	読みきかせ
よみきり	読み切り	読切	読切り	読みきり
よみくだし	訓みくだし	訓み下し	読み下し	読み下だし
よみくち	詠みくち	読み口
よみこみ	読込	読み込み	読込み	読みこみ
よみごたえ	読み応え	読みごたえ	読応え
よみすじ	ヨミ筋	読み筋
よみせ	夜店	夜見世
よみだし	読出し	読み出し
よみて	読み手	詠み手	読手
よみとり	読取り	読みとり	読取	読み取り
よみとりき	読み取り機	読取り機	読取機
よみびと	詠み人	詠人	読み人	読人	よみ人
よみふだ	読みふだ	読みフダ	読み札	読札
よみほん	読み本	読本
よみもの	読み物	読みもの	読物	讀物
よみや	夜宮	宵宮
よめ	嫁	娵	媳婦	夜目
よめいり	嫁入り	嫁入
よめさがし	嫁さがし	嫁探し
よめづとめ	嫁づとめ	嫁勤め
よめとり	嫁とり	嫁取	嫁取り
よもぎ	艾	蓬
よもぎいろ	ヨモギ色	蓬色
よもぎとり	ヨモギ取り	蓬取り
よもぎばい	蓬灰	よもぎ灰
よもぎばたけ	ヨモギ畑	蓬畑
よもぎふ	蓬麩	よもぎ麩
よもぎもち	蓬餅	よもぎ餅
よもやま	四方山	よも山
よもやまばなし	四方山話	よもやま話
よやく	予約	与薬
よよ	世々	世世	代代	夜々	代々	夜夜
より	縒	縒り	寄り
よりあい	寄り合	寄り合い	寄合	寄合い
よりあわせ	縒り合わせ	より合わせ
よりいと	撚り糸	縒り糸	縒糸	より糸
よりうお	寄り魚	寄魚
よりおや	寄り親	寄親
よりきん	撚り金	縒り金
よりこ	寄り子	寄子
よりこみ	撚り込み	より込み
よりごのみ	選り好み	より好み
よりす	寄り洲	寄洲
よりつき	寄付	寄り付き	寄付き
よりつきね	寄付値	寄り付き値
よりどころ	寄り処	拠りどころ	拠り所	拠所	より所
よりどり	選りどり	選り取り	より取り
よりぬき	選り抜き	より抜き
よりまし	寄坐	憑坐	憑座
よりみ	寄り身	寄身
よりみち	寄り道	寄道	より道
よりもの	寄り物	寄物
よるごはん	夜ごはん	夜ご飯	夜御飯
よるべ	寄るべ	寄る辺	寄辺
よれい	予鈴	予冷
よろいいた	鎧板	よろい板
よろいかぶと	鎧かぶと	鎧兜
よろいぐさ	鎧草	よろい草
よろいど	鎧戸	よろい戸
よろく	余録	余禄
よろけじま	蹌踉け縞	よろけ縞
よろこび	歓び	悦び	喜び	慶	慶び
よろこびべた	喜び下手	よろこび下手
よろず	萬	万
よろずもの	万物	萬物
よろずや	万屋	よろず屋
よろん	世論	輿論	余論	餘論
よろんせん	世論戦	輿論戦
よわ	余話	夜わ	夜半
よわい	歯	齢
よわごし	弱腰	よわ腰
よわび	弱火	よわ火
よわみ	弱み	弱味	弱身
よわむし	弱虫	よわ虫
よんきゅうしょく	4級職	四級職
よんく	4駆	四駆
よんしんとう	4親等	四親等
よんどころ	拠所	拠ん所	拠
ら	螺	羅
らい	癩	雷
らいいん	来院	雷音
らいえん	来園	来援	来演
らいか	来夏	雷火
らいかい	擂潰	来会	磊塊
らいかん	来観	来館	来簡	来翰	雷管
らいかんしゃ	来観者	来館者
らいがい	来街	雷害
らいき	来基	来期	来季
らいきん	癩菌	らい菌
らいこう	来寇	来攻	来校	来航	来貢	来光	来行	来降	雷光	雷公
らいさん	礼讃	礼讚	礼賛
らいし	来旨	櫑子
らいしゃ	来者	癩者	来車	来社
らいしゅ	癩腫	らい腫
らいしゅう	来秋	来襲	来集	来週
らいしょ	来所	来書	来署
らいしん	来侵	来診	来信	頼信
らいじゅう	来住	雷獣
らいじょう	来場	来状
らいせい	来征	雷声	雷精
らいせき	来席	雷跡
らいちょう	来聴	來朝	来朝	雷鳥	来庁
らいでん	雷電	来電
らいどう	雷同	礼堂	雷銅
らいはい	禮拝	礼拝
らいはく	来泊	来舶
らいびょう	癩病	らい病
らいふく	来復	来服
らいほう	来訪	來訪	来報	来邦	雷峰
らいめい	雷名	雷鳴
らいらく	磊落	らい落
らいれき	来歴	來歷
らがん	羅紈	裸眼
らぎょう	ラ行	ら行
らく	楽	絡	酪
らくいん	烙印	落胤	らく印
らくがき	落書き	楽書き	落書	楽書
らくご	落伍	落後	落語
らくしゅ	落手	落首
らくしょ	楽所	洛書	落書
らくしょう	楽勝	落掌
らくしょく	落飾	楽食
らくすい	落水	落錘
らくせい	落成	楽生	洛西
らくせき	落石	落籍
らくせつ	落雪	落屑
らくだいろ	ラクダ色	駱駝色
らくちゃく	落着	落著
らくちょう	落鳥	落丁	落潮
らくてつ	落鉄	烙鉄
らくのう	酪農	らく農
らくはく	落剝	落剥	落魄
らくばん	落盤	落磐
らくやき	楽焼	楽焼き	洛焼き
らくゆう	楽友	楽遊
らくよう	落葉	落陽
らくらく	落々	落落
らしん	羅針	羅鍼	裸身
らしんばんざ	らしんばん座	羅針盤座
らせつ	羅刹	羅切
らせん	螺旋	螺線	ら旋
らせんけい	螺旋形	らせん形
らせんじょう	螺旋状	らせん状
らち	拉致	羅致	埒	埓	裸地	ら致
らちあけ	埒明	埒明け
らっか	落下	落花	楽果	落果
らっかん	楽観	樂觀	落款
らっきょう	辣韮	落橋
らっけい	落慶	落頸
らっこ	海獺	猟虎	臘虎
らっぱ	乱波	乱破	喇叭
らつわん	辣腕	らつ腕
らぬき	「ら」抜き	ら抜き
らもん	羅文	羅紋
らん	欄	蘭	鸞	亂	乱	覧	藍	卵
らんおう	卵黄	鸞王
らんか	卵価	卵價	爛柯	蘭科	蘭花	らん科
らんかく	乱獲	濫獲	卵核	卵殻	鸞鶴
らんかん	卵管	蘭館	欄干
らんが	欄画	蘭画
らんきゅう	濫給	卵丘
らんぎょう	乱行	濫行
らんくつ	乱掘	濫掘
らんぐい	乱ぐい	乱杙	乱杭
らんこう	乱交	濫行	乱行
らんご	乱後	蘭語
らんさく	乱作	濫作
らんし	卵子	乱視	卵歯
らんしょう	嵐晶	濫觴	藍晶	蘭省	らん晶
らんしん	乱心	乱神	乱臣	乱診
らんじん	乱人	乱刃
らんすい	乱酔	爛酔	卵水
らんせい	乱世	乱政	亂政	卵生
らんそ	乱訴	濫訴
らんそう	ラン藻	卵巣	乱層	藍草	藍藻
らんそうがん	卵巣がん	卵巣ガン	卵巣癌
らんぞう	乱造	濫造
らんたい	籃胎	藍胎
らんちゅう	欄中	蘭鋳
らんちょう	乱調	乱丁
らんとう	乱闘	卵塔	卵投	蘭塔	蘭湯
らんどく	乱読	濫読
らんどくか	乱読家	濫読家
らんのう	卵嚢	卵囊	卵のう
らんばつ	乱伐	濫伐
らんぱつ	乱発	濫発	爛発	乱髪
らんぴ	乱費	濫費
らんぼう	乱暴	亂暴	乱妨	濫妨
らんま	欄間	乱麻
らんめん	卵めん	卵麺
らんよう	乱用	濫用	卵用	らん用
らんりつ	乱立	濫立
らんりょう	蘭領	乱療
らーめん	老麺	らぁ麺	らー麺	拉麵	拉麺
らーゆ	ラー油	辣油	らー油
り	利	痢	吏	裡	理	李	離	里
りいん	離院	吏員
りえん	離縁	梨園	梨苑	離宴	離筵
りか	李下	李花	梨花	籬下	理科	理化
りかい	理解	理かい	離開	離解	理会
りかく	利確	離隔	離角
りかん	罹患	離間	離艦	理観	り患
りがい	利害	理外
りがく	離学	理学
りき	利器	力	理気
りきしゃ	力車	力者
りきせつ	力説	理気説
りきせん	力線	力戦
りきそう	力漕	力走
りきとう	力闘	力投
りきみごえ	力み声	りきみ声
りきゅう	離宮	驪宮
りきょう	離京	離郷
りきりょう	力倆	力量
りきん	釐金	利金
りく	陸	離苦
りくあげ	陸揚げ	陸あげ	陸上げ
りくかい	陸塊	陸海
りくかいくうぐん	陸、海、空軍	陸海空軍
りくかいぐん	陸海軍	陸海軍
りくけい	六卿	陸繋
りくしょう	陸相	陸将
りくせい	陸棲	陸生	陸成
りくそう	陸送	陸曹
りくち	陸地	りく地
りくちょう	六朝	陸鳥
りくつ	理屈	理くつ	理窟
りくばく	陸幕	陸爆
りくふう	陸封	陸風
りけい	理系	離型
りけん	利権	利剣
りげん	俚言	俚諺
りこう	理工	履行	犂耕	里甲
りこく	理国	離国
りこん	離婚	離魂	利根
りごう	離合	里合	釐毫
りさい	罹災	り災
りざや	利ざや	利ザヤ	利鞘
りし	利子	吏士	李四
りしゅう	履修	履習	離愁
りしょう	離床	離昇	離礁	利渉	利生
りしょく	離職	利殖
りしん	利心	離心	離身
りじ	理事	俚耳
りじん	利刃	離人
りすい	利水	離水
りすう	里数	理数
りせい	里正	理性
りせき	離席	離籍
りせん	履践	履踐	離船	里選
りそう	理想	裏層	離層	離騒
りそうか	理想化	理想家
りそく	利息	利足	理即
りぞく	俚俗	里俗	離俗
りたい	履帯	離隊
りち	離地	理知	理智	吏治	理致
りちぎ	律儀	律気	律義
りちてき	理知的	理智的
りっか	立夏	立華	立花
りっきょう	陸橋	立教
りっけん	立件	立券	立憲	立県
りっこう	陸行	陸工	力行	力攻	立后	立項	陸攻	陸閘
りっし	律詩	立志	立市	律師
りっしゃ	立射	竪者
りっしょう	立正	立証	律唱
りっしょく	立食	立飾
りっしん	立身	立心
りったいし	立体視	立太子
りっとう	立党	立冬	立刀
りっぽう	立法	立方	律法	率法
りつ	率	律
りつき	利付き	利付
りつぞう	立像	律蔵
りつれい	律例	立礼
りづめ	理づめ	理詰	理詰め
りてい	里程	里邸
りてんしょく	離・転職	離転職
りと	吏吐	吏読	吏道
りとう	離党	離島	利稲	吏党
りど	履土	狸奴	離土
りどう	吏道	履道	里道
りはつ	理髪	利発	り発
りはん	離反	離叛	理藩
りばらい	利払い	利払
りびょう	罹病	痢病
りべん	利便	離弁
りまわり	利回り	利廻り	利回
りゃく	略	畧
りゃくしゅ	掠取	略取	畧取
りゃくしょう	略称	略章
りゃくだつ	掠奪	略だつ	略奪
りゃくばい	掠売	略売
りゃくふ	掠俘	略符	略譜
りゅう	竜	龍	榴	流
りゅうあん	硫安	柳暗
りゅういき	流いき	流域
りゅういん	溜飮	溜飲	留飲
りゅううん	流雲	隆運
りゅうえい	柳営	立纓
りゅうおう	竜王	龍王
りゅうか	流下	硫化	柳花	琉歌
りゅうかい	流会	粒界
りゅうかく	竜角	龍角
りゅうかん	流感	流汗
りゅうがく	留学	りゅう学
りゅうがん	立願	竜眼	竜顔	龍眼
りゅうき	隆起	旒旗	硫気	竜気	龍騎	竜騎
りゅうきん	琉金	立金
りゅうぎ	流儀	竪義
りゅうぐう	龍宮	流寓	竜宮
りゅうけい	粒径	流刑
りゅうけつ	流血	龍穴
りゅうけん	竜剣	龍剣	琉拳	竜繭
りゅうげ	竜華	龍華
りゅうこ	竜虎	龍虎
りゅうこう	流行	竜高	隆興	龍高	竜口
りゅうこつざ	竜骨座	りゅうこつ座
りゅうざ	竜座	りゅう座
りゅうざん	流産	流竄
りゅうしゅ	竜珠	竜種
りゅうしゅう	龍舟	龍衆
りゅうしゅつ	留出	流出
りゅうしゅつにゅう	流出\u0028入\u0029	流出入
りゅうしょう	流觴	硫硝	竜床	竜翔	隆昌	龍床	龍翔
りゅうしょく	柳色	留職	粒食
りゅうしん	流心	流身	琉清	竜身	龍身
りゅうじゃ	竜蛇	龍蛇
りゅうじょう	竜攘	竜驤	龍驤	粒状
りゅうじん	龍神	竜神
りゅうせい	流星	隆盛	竜精	龍勢
りゅうせつ	流説	隆準	流雪
りゅうせん	流線	流泉	竜船	隆線	龍船
りゅうせんけい	流線形	流線型
りゅうぜつらん	竜舌蘭	龍舌蘭
りゅうぜん	流涎	竜涎
りゅうそ	流祖	粒粗
りゅうそう	流送	硫曹
りゅうぞう	竜象	龍象
りゅうぞく	流俗	流賊
りゅうたい	隆替	流体	龍胎
りゅうだん	流弾	榴弾	りゅう弾
りゅうち	留置	竜池
りゅうつかい	竜使い	龍使い
りゅうてき	龍笛	竜笛
りゅうてん	留点	竜天
りゅうとう	柳橙	流灯	流燈	留東	竜灯	龍頭	竜頭
りゅうとく	竜徳	龍徳
りゅうど	竜吐	粒度
りゅうにょ	竜女	龍女
りゅうび	柳眉	流媚	竜尾	隆鼻
りゅうへい	流弊	竜兵	龍兵
りゅうべい	琉米	立米
りゅうほう	流放	龍鳳	竜鳳
りゅうぼく	流木	立木
りゅうまい	竜舞	龍舞
りゅうみゃく	竜脈	龍脈
りゅうみん	流民	琉明
りゅうもん	竜門	竜紋	流紋	龍紋
りゅうよう	流用	柳腰
りゅうり	流離	流理
りゅうりゅう	粒々	粒粒
りゅうれん	流連	留連
りゅうろ	流露	柳鷺	流路
りょう	量	陵	稜	漁	諒	猟	綾	寮	涼	良	僚	霊	了	輛	輌	令	糧	梁	両
りょうあし	両脚	両足	両あし
りょうあん	両案	良案	諒闇
りょういき	領域	陵域
りょういん	両院	兩院	料飲	療院
りょううで	両腕	両うで
りょうえき	両駅	両液
りょうえん	遼遠	良縁
りょうか	良貨	両花	両課	寮歌	燎火	良化	良家
りょうかい	了解	諒解	領会	領解	領海	両会	両界	両階	量塊
りょうかく	猟獲	稜角
りょうかん	両艦	両館	僚艦	寮監	猟官	菱環	涼感	量感
りょうが	楞伽	凌駕	陵駕	両河
りょうがえ	両替	両替え
りょうがかり	両ガカリ	両掛かり
りょうがく	量額	料額
りょうがわ	両っ側	両側
りょうがん	両岸	竜顔	両眼
りょうき	猟奇	両気	凉気	涼気	漁期	猟期	猟騎	量器	両機	僚機
りょうきょく	両極	両局
りょうきん	料金	料　金
りょうぎゅう	両牛	療牛
りょうぎり	両切	両切り
りょうく	両区	両句	良駒	龍駒	猟区
りょうぐん	両軍	両群	両郡
りょうけ	良家	両家
りょうけい	量刑	両系	両形	良型	良計	菱形
りょうけん	両県	了簡	了見	料簡	猟犬	獵犬	両件	両拳	両権	糧券
りょうけんざ	猟犬座	りょうけん座
りょうげん	両弦	両絃	両舷	燎原
りょうこ	両湖	両虎
りょうこう	良港	両校	両江	両港	両行	良工
りょうこく	涼国	両国
りょうご	両語	療護
りょうごん	楞厳	楞嚴
りょうさい	両妻	良妻
りょうさつ	了察	諒察
りょうさん	量産	両三
りょうざい	両剤	両材	良剤	良材
りょうざん	両山	梁山
りょうし	両市	量子	両氏	料紙	漁師	両紙	猟師	両誌	良史	良師	量詞
りょうしゃ	両者	両社	両車	寮舎
りょうしゅ	両種	兩種	漁種	良種	領主	領首
りょうしゅう	領収	領しゅう	領袖	両宗	両州	涼秋	龍袖
りょうしょ	両署	両書	料所	梁書	良書	良渚	陵所	領所	両所
りょうしょう	了承	諒承	領承	領掌	両掌	両賞	両省	良将	良相
りょうしょく	糧食	両職	寮食
りょうしん	両親	良心	良辰
りょうじ	療治	領事	聊爾	両字	両時	両次	令旨	良時	両耳
りょうじゅう	猟銃	両重
りょうじょ	諒恕	両女
りょうじょう	領掌	両城	両条	梁上
りょうじょく	凌辱	陵辱
りょうじん	梁塵	猟人	良人
りょうすい	両水	量水
りょうせい	寮生	両性	両世	両棲	両生	令制	涼性	良性
りょうせいるい	両棲類	両生類
りょうせき	良績	陵籍
りょうせん	両線	稜線	両船	僚船	良賤	良銭	りょう線
りょうぜい	両税	良税
りょうそん	両村	両尊
りょうぞく	良俗	両属	僚属
りょうたん	両端	療担
りょうち	了知	領置	掠笞	料地	瞭知	良知	領知	領地	両地
りょうちょう	両町	寮長	両庁	両朝
りょうて	両手	両掌	りょう手
りょうてい	量定	料亭	両帝	竜蹄	量程	龍蹄
りょうてこ	両てこ	両梃子
りょうとう	両党	両刀	両島	両統	両頭	寮棟	両等
りょうとく	了得	両得
りょうど	領土	両度
りょうどう	両道	糧道	良導	領導
りょうどなり	両隣	両隣り
りょうない	寮内	領内
りょうにらみ	両にらみ	両睨み
りょうのう	両脳	療能	良能	菱脳
りょうはし	両端	両はし
りょうはん	量販	両藩
りょうば	両ば	両刃	猟場	両馬	猟馬	良馬	漁場
りょうひ	寮費	竜飛	良否	良非	量比	龍飛
りょうひざ	両膝	両ひざ	両ヒザ
りょうひじ	両ひじ	両肘	両肱	両臂
りょうひん	療品	良品
りょうふ	両夫	寮父	両府
りょうふう	涼風	凉風	凌風	良風
りょうぶ	両部	令法
りょうぶん	両分	領分
りょうへん	両辺	稜辺	両編
りょうほう	両方	両法	猟法	良方	良法	領邦	療法
りょうほお	両ほお	両頬	両頰
りょうぼ	陵墓	寮母	良母
りょうぼう	瞭望	両傍	令法
りょうぼく	梁木	良木
りょうまつ	粮秣	糧秣
りょうみん	良民	領民
りょうめ	両眼	量目	両目
りょうや	領野	涼夜	良夜
りょうやく	良薬	両役
りょうゆう	領有	両雄	僚友	寮友	猟友	療友	良友
りょうよう	療養	両様	両用
りょうり	料理	良吏	りょう理
りょうりつ	両立	料率
りょうりょう	両々	両両
りょうわき	両わき	両脇
りょうわり	両割	両割り
りょくいん	緑蔭	緑陰
りょくそう	力争	緑藻
りょくとう	緑豆	緑灯	緑燈
りょくひ	緑肥	緑被
りょくゆう	緑遊	緑釉
りょこう	旅行	閭巷
りょしゅう	旅愁	虜囚
りょじょう	旅情	旅上
りょそう	旅荘	旅装
りょっこう	力行	緑光
りよう	利用	理容	俚謡	利養	里謡	り用
りよく	利欲	離欲
りらく	利楽	離洛
りりょう	驪竜	驪龍	理療
りろ	理路	離路
りん	燐	廩	凛	臨	倫	厘	鈴	林
りんあん	燐安	りん安
りんか	隣家	輪禍	燐化	燐火	輪花	林家
りんかい	臨海	臨界	燐灰	鱗介
りんかく	輪かく	輪廓	輪郭
りんかん	輪姦	林間	林冠	淋汗	臨監	輪換	輪環
りんが	臨画	臨駕	輪歌	鱗蛾
りんき	悋気	臨機
りんきゅう	林丘	臨泣	臨給	臨休
りんきょ	輪距	隣居
りんきん	淋菌	痳菌	りん菌
りんぎ	稟議	隣誼
りんけい	輪形	鱗形	鱗茎
りんけん	臨検	隣県	林研
りんこう	臨幸	輪講	燐光	林工	燐鉱	臨交	臨港	輪光	隣交	輪行
りんさい	輪栽	輪採
りんさん	リン酸	林産	燐酸	りん酸
りんさんか	リン酸化	燐酸化
りんさんかこうそ	リン酸化酵素	燐酸化酵素
りんざい	林材	臨在	臨済	臨濟
りんし	林試	臨司	臨死	隣市	鱗翅
りんしつ	隣室	淋疾	痳疾
りんしょう	輪唱	林床	臨床	臨牀	林松	林鐘	稟称
りんしょく	吝嗇	悋嗇	臨職	隣色
りんじ	鱗次	臨時	綸旨
りんじく	輪じく	輪軸
りんじゅう	林住	臨終	輪住
りんじょう	臨場	輪状	鱗状
りんじん	隣人	輪身
りんず	綸子	隣図
りんせい	禀請	稟請	林政	輪生
りんせき	臨席	隣席
りんせつ	隣接	隣設	鱗屑
りんせん	臨戦	林泉	臨船
りんそう	輪奏	林相	林藪	輪藻
りんぞう	臨増	輪蔵
りんち	臨地	隣地	林地
りんちゅう	林中	鱗虫
りんちょう	臨眺	臨調
りんてん	輪転	隣店
りんどう	林道	竜胆	竜膽	龍胆
りんどく	輪読	淋毒	痳毒	りん毒
りんばん	臨番	輪番	鱗板
りんぱえき	リンパ液	淋巴液
りんぱかん	リンパ管	淋巴管
りんぱしつ	リンパ質	淋巴質
りんぱせつ	リンパ節	淋巴節
りんぱせん	リンパ腺	淋巴腺
りんびょう	淋病	痳病	りん病
りんぶ	輪部	輪舞
りんぺん	隣辺	鱗片	りん片
りんぼう	隣傍	隣房
りんぼく	林木	鱗木
りんぽう	輪宝	隣峰	隣邦
りんも	臨摸	臨模
りんもう	厘毛	鱗毛
るい	誄	累	類	塁
るいか	累加	誄歌	類歌	類火
るいけい	類型	累計
るいさん	累算	類纂
るいざ	擂座	擂茶
るいしん	累進	塁審
るいじ	類似	累次	類字
るいじゅう	累重	類従	類聚
るいじょう	累乗	塁状	塁上
るいそう	累層	羸痩	るい痩
るいぞう	累増	類像
るいだい	累代	類題
るいどう	涙堂	涙道	類同
るいひ	類比	類否
るし	僂指	縷指
るしゃな	盧舎那	盧遮那
るじゅつ	屡述	縷述
るせつ	縷説	流説
るてん	流転	流轉
るり	瑠璃	琉璃
れい	礼	霊	禮	冷	隷	例	嶺	鈴	令
れいあん	冷暗	霊安
れいい	礼意	霊位	霊威	霊異
れいいき	冷域	霊域
れいえん	霊園	霊苑	冷延
れいか	霊化	冷夏	零下	隷下	例歌	冷菓	霊歌	霊火	令下
れいかい	霊界	例解	冷灰	霊怪	例会
れいかく	冷覚	霊格
れいかん	霊感	冷寒	冷感	冷汗	冷間
れいがい	例外	冷害
れいがく	霊学	礼楽
れいがん	冷眼	霊眼
れいき	励起	冷気	霊気	例規	厲鬼	礼器	霊機
れいきゃくき	冷却機	冷却器
れいきゃくざい	冷却材	冷却剤
れいきゅう	霊柩	霊きゅう	霊匣	霊鳩	齢級
れいきょう	礼教	霊境
れいく	例句	麗句
れいくつ	霊崛	霊窟
れいぐう	冷遇	礼遇	霊宮
れいけい	令兄	令閨	麗景
れいけつ	冷結	冷血
れいけん	冷研	藜莧	霊剣
れいげん	励言	冷厳	霊言	霊験	例言
れいこう	励行	冷光	霊光	麗紅
れいこく	冷酷	例刻	嶺谷	霊告
れいさい	零砕	例祭	冷菜	霊犀
れいし	霊祠	令嗣	令姉	令旨	犂嘴	茘枝	霊姿	霊芝	霊視	霊鵄	麗姿
れいしき	例式	礼式
れいしつ	令室	霊室	麗質	冷湿
れいしゅ	冷酒	霊主	黎首
れいしょ	冷所	隷書	令書
れいしょう	例証	冷笑	霊象	霊障	冷床	冷照	零證
れいしょく	令色	冷食
れいじ	例示	励磁	霊璽	霊畤	霊示	霊轜
れいじゅう	隷従	霊獣
れいじょう	礼状	令状	令嬢	礼譲	霊場
れいじん	霊神	伶人	霊人	麗人
れいすい	冷水	戻水	霊水
れいすいき	冷水機	冷水器
れいすう	霊枢	例数
れいせい	霊性	冷静	冷靜	礼制	冷製	令婿	令政	令正	励声	鈴声	霊精	靈精
れいせつ	礼節	冷雪
れいせん	冷戦	令箭	礼銭	醴泉	霊泉	冷泉
れいぜん	霊前	霊膳
れいそう	礼装	霊草
れいそく	令息	霊速
れいぞう	冷蔵	冷ぞう	霊像
れいぞく	隷属	隸属
れいたい	冷帯	冷態	霊体
れいたく	霊託	麗沢	麗澤
れいたん	冷淡	霊丹
れいだい	例題	霊台
れいち	冷池	礼智	霊地	霊智	霊知
れいちょう	霊長	霊寵	霊鳥
れいてん	冷点	礼典	零点
れいでん	礼電	霊殿
れいとう	冷凍	霊塔	霊湯	冷とう
れいどう	霊童	霊道
れいにく	冷肉	霊肉
れいのう	霊能	靈能	隷農
れいはい	礼拝	礼はい	零敗	霊牌
れいばい	霊媒	冷媒
れいびょう	霊びょう	霊廟	霊猫
れいふう	零封	冷風
れいぶん	禮文	例文	礼文
れいほう	霊峰	霊峯	礼法	礼砲	霊宝
れいぼう	冷房	冷ぼう	礼帽
れいぼく	零墨	霊木
れいみょう	霊妙	霊明
れいめい	令名	霊名	黎明
れいめん	冷麺	冷麵
れいよう	羚羊	霊鷹	麗容
れいりょう	冷凉	冷涼
れき	瀝	鬲	礫
れきかん	歴観	礫間
れきがん	レキ岩	礫岩	れき岩
れきし	歴史	歴仕	轢死	歷史
れきじつ	暦日	歴日
れきじつすう	暦日数	歴日数
れきじつわり	暦日割	暦日割り
れきせい	瀝青	歴世	歴青
れきどう	暦道	歴道
れきねん	暦年	歴年
れきほう	歴訪	暦法
れきゆう	歴游	歴遊
れきれき	歴々	歴歴
れっか	劣化	列火	烈火	裂果	裂罅
れっかい	裂壊	裂開
れっき	列記	歴
れっこう	列侯	裂口	裂孔	裂溝	裂肛
れっこく	列国	裂谷
れっし	烈士	列士	列氏	劣子
れっしゃ	列車	劣者
れっしん	劣紳	烈震
れっせい	劣勢	劣性	列世	列聖
れっせき	列席	列石
れっとう	列島	裂頭
れつ	裂	列
れつご	列伍	列語	劣後
れつじょ	列女	烈女
れつじょう	列状	劣情
れてん	レ点	れ点
れん	靚	輦	戀	恋	連
れんあい	恋愛	戀愛
れんかく	蓮角	輦閣
れんかん	連関	聯関	聯歓	聯歡	連環
れんが	楝瓦	煉瓦	連歌	連火
れんきん	錬金	連勤
れんぎょう	練行	連翹
れんぎん	連吟	連銀
れんく	聯句	連区	連句
れんけい	連携	連けい	聯繋	連係	連繋	連繫	連系
れんけつ	連結	廉潔
れんげ	蓮華	蓮花
れんこ	連呼	連弧
れんこう	連行	連衡	練功
れんこん	蓮根	漣痕	連婚
れんごう	連合	聨合	聯合
れんざ	連坐	連座	蓮座
れんし	恋矢	聯詩	連枝
れんしゃ	連写	連射	輦車
れんしゅう	練習	練しゅう	練修
れんしゅく	攣縮	れん縮
れんしょう	連勝	連嶂	連称
れんじ	連辞	櫺子	連子
れんじゃく	連尺	連雀
れんじゅ	聯珠	連珠
れんじゅう	簾中	連中
れんじょう	連乗	恋情	憐情	連声
れんせい	練成	錬成	連成	連星	連生
れんせつ	連接	連節
れんそう	連想	聯奏	聯想	連奏	斂葬	連層	連操	連装
れんたい	連帯	連体	連隊	聨隊	聯隊	連対
れんたん	煉丹	煉炭	練炭	連たん	連坦	連担	連檐	錬丹
れんだい	蓮台	輦台
れんだこ	連だこ	連凧
れんだん	聯弾	連弾
れんちゅう	連中	簾中
れんてつ	練鉄	錬鉄
れんとう	連騰	連投	蓮頭	連祷	連禱	連闘
れんど	錬度	練度
れんどう	連動	孌童
れんにゅう	練乳	煉乳
れんばん	連判	連番
れんぱ	連覇	連破
れんぱい	連敗	連俳
れんびん	憐愍	憐憫
れんぶ	練武	蓮霧
れんぽう	連邦	聯邦	連峰	連峯
れんま	練磨	錬磨
れんめい	連盟	聯盟	連名
れんめん	練綿	練緜
れんらく	連絡	聯絡	連らく
れんりつ	連立	聯立
ろ	呂	蝋	露	炉	廬	絽	驢	艣	艪	櫓
ろいろ	呂色	蝋色	蠟色
ろう	労	聾	蝋	蠟	婁	牢	鑞	隴	漏	廊	楼	郎	老
ろうあ	聾唖	聾啞
ろうい	老医	労委
ろうえい	漏洩	漏えい	朗詠	漏曳	漏泄
ろうえき	漏液	労役
ろうおう	老媼	老嫗	老桜	老翁	老鶯
ろうか	老化	廊下	弄火	弄花	狼火	廊下	ろう下
ろうかい	老かい	老獪	労改	ろう獪
ろうかん	楼観	琅玕	瘻管	蝋管
ろうが	籠鵞	蝋画	蠟画
ろうがい	老害	労咳	癆痎
ろうがっこう	聾学校	ろう学校
ろうがん	老眼	老顔
ろうき	牢記	労基	老驥
ろうきゅう	老朽	労宮	籠球
ろうきょ	篭居	籠居	蝋炬	蠟炬	陋居
ろうきょう	労協	老境
ろうぎ	老妓	螻蟻
ろうぎん	朗吟	労銀
ろうく	労苦	老躯	老軀
ろうけい	労経	老兄	老計
ろうけつ	蝋纈	蠟纈
ろうけん	老健	労研	老犬
ろうこ	牢固	漏壷	漏壺	老狐
ろうこう	老巧	老公	労工	瘻孔	蝋膏	陋巷
ろうこく	鏤刻	漏刻
ろうこつ	老骨	鏤骨
ろうごく	牢嶽	牢獄
ろうさい	労災	老妻
ろうざん	籠山	老残
ろうし	牢死	老死	老師	浪士	労資	娘子	老視	蝋紙	蠟紙	労使
ろうしゃ	牢舎	聾者	ろう者
ろうしゅ	老酒	楼主	老手
ろうしゅう	老醜	陋習
ろうしょう	朗唱	朗笑	朗誦	老将	老少	郎将	労相
ろうしょく	朗色	老職
ろうしん	老臣	老親	老心	老身
ろうじ	榔子	漏示	臈次	﨟次
ろうじゅ	老儒	老樹
ろうじゅう	老中	郎従
ろうじょう	篭城	籠城	楼上	狼城	老嬢
ろうすい	漏水	老衰
ろうせい	老成	労政	老生
ろうせつ	漏泄	漏洩
ろうぜき	狼籍	狼藉
ろうそう	老僧	潦草	老壮	老荘
ろうそく	蝋燭	蠟燭
ろうぞめ	蝋染	蝋染め
ろうだい	楼台	老台
ろうちゅう	老抽	籠中	郎中
ろうづけ	鑞付け	ろう付け
ろうてい	老帝	老弟
ろうでん	漏電	ろう電
ろうとう	潦倒	老頭	郎等	郎党
ろうどう	労働	労動	勞動	郎等	郎党
ろうどく	朗読	ろう読
ろうない	楼内	牢内
ろうにん	浪人	牢人	老忍
ろうにんぎょう	蝋人形	ろう人形
ろうのう	労農	老衲	老農
ろうはい	老廃	老俳	老輩
ろうば	老婆	老姥	老馬
ろうばい	狼狽	老梅	臘梅	蝋梅	蠟梅
ろうばん	牢番	老板	蝋盤	蠟盤
ろうひ	浪費	老婢
ろうびょう	廊廟	老猫	老病
ろうふ	老父	老夫
ろうふく	労福	老福
ろうへい	老兵	労兵
ろうほ	老鋪	老舗	労保
ろうぼく	老木	老僕
ろうもう	朧朦	老耄
ろうや	牢屋	老爺	老鴉
ろうゆう	老雄	老優	老友
ろうよう	朗謡	老幼
ろうらく	篭絡	籠絡
ろうれい	老令	老齢
ろうろう	浪々	浪浪	老老
ろうわ	朗話	漏話
ろえき	沪液	濾液	ろ液
ろおり	絽織	絽織り
ろか	沪過	濾過	ろ過
ろかき	濾過機	濾過器	ろ過機	ろ過器
ろかん	蘆管	露艦
ろがい	路外	炉外
ろきつ	櫨橘	盧橘
ろく	祿	禄	碌
ろくい	六位	禄位
ろくおん	録音	鹿苑
ろくきゅうしょく	6級職	六級職
ろくさい	六斎	鹿柴	鹿砦
ろくしんとう	6親等	六親等
ろくじょう	鹿場	鹿茸
ろくだか	祿高	禄高
ろくぬすびと	祿盗人	禄盗人
ろくぶんぎざ	ろくぶんぎ座	六分儀座
ろくろくび	轆轤首	ろくろ首
ろぐい	櫓ぐい	櫓杭
ろけん	露見	露顕
ろざ	露坐	露座	炉座	ろ座
ろざい	濾材	ろ材
ろざし	絽刺	絽刺し
ろし	沪紙	濾紙	路次	露支	ろ紙
ろしゅつ	露出	濾出
ろしょう	濾床	炉床	路床	露商	露将	ろ床
ろしん	炉心	炉芯	蘆津
ろじ	露地	露路	路地	路次	鷺鶿	鸕鷀
ろじょう	路上	露場
ろじん	漏尽	露人
ろすい	潞水	濾水	炉水
ろせい	櫓声	路政
ろだい	炉台	露台
ろちゅう	露中	路駐
ろちょう	ロ朝	炉頂	露朝	顱頂
ろっか	漉過	六花
ろっかく	6角	六角	鹿角
ろっかっ	6角	六角
ろっこうおろし	六甲颪	六甲おろし
ろっこつ	肋骨	ろっ骨
ろっぽう	六法	六方
ろてい	露呈	炉底	蘆底	路程	魯廷
ろてき	芦荻	蘆笛	蘆荻
ろてん	露店	露天	露点
ろと	露土	露都
ろとう	路頭	露頭
ろどく	露獨	露独
ろばた	炉端	炉ばた
ろばん	路盤	露盤
ろぶち	炉ぶち	炉縁
ろへん	炉辺	路辺
ろべつ	沪別	濾別
ろほう	沪胞	濾胞	露鋒
ろまん	浪曼	浪漫
ろめい	露命	驢鳴
ろめん	路面	路麺
ろりょう	路粮	路糧	露領
ろん	論	崙
ろんきゅう	論及	論究
ろんけつ	論決	論結
ろんこう	論考	論攷	論功	論稿
ろんさん	論纂	論賛
ろんし	論師	論旨
ろんそう	論争	論叢	論奏
ろんだん	論断	論壇
ろんちゅう	論注	論註
ろんなん	論難	論難
ろんぱ	論破	論派
ろんぽう	論法	論鋒
わ	和	輪	環
わいか	猥歌	矮化	わい化
わいきょく	歪曲	わい曲
わいざつ	猥雑	わい雑
わいしょう	矮小	歪小	わい小
わいせい	矮性	矮星	矮生
わいだん	ワイ談	猥だん	猥談
わいづけ	ワイ漬け	Y漬け
わいろ	賄ろ	賄賂
わか	和歌	若
わかあゆ	若あゆ	若鮎
わかい	和解	和諧
わかおかみ	若おかみ	若オカミ	若女将
わかおとこ	若おとこ	若男
わかくさ	若草	嫩草	若艸	わか草
わかげ	若げ	若気
わかごま	若ごま	若駒
わかさぎつり	ワカサギ釣	ワカサギ釣り	公魚釣り
わかさぎに	ワカサギ煮	公魚煮
わかされ	分かされ	分去れ
わかざかり	若ざかり	若盛り
わかざむらい	若侍	若ざむらい
わかしゆ	沸かし湯	沸し湯
わかじに	若死	若死に
わかぞう	若造	若僧	若蔵
わかだんな	若旦那	若だんな
わかち	分ち	別ち	分かち
わかちがき	分かち書き	分ち書き	別ち書き
わかづくり	若づくり	若作り
わかとら	若トラ	若虎
わかどり	若どり	若鳥	若鶏	わか鳥
わかな	若魚	若菜
わかはげ	若はげ	若ハゲ	若禿	若禿げ
わかば	若葉	わか葉
わかまぐろ	若マグロ	若鮪
わかむらさき	若むらさき	若紫	わか紫
わかめ	和布	若布	若芽
わかめす	若布酢	わかめ酢
わかもの	若者	若もの
わかり	分り	分かり
わかれ	別れ	分かれ
わかれぎわ	別れぎわ	別れ際
わかればなし	別れ話	分かれ話
わかれみち	別れ路	分かれ道	分れ道	別れ道	岐れ道	わかれ道
わかれめ	ワカレ目	分かれ目	分かれめ	分れ目	別れめ	別れ目	岐れ目	わかれ目
わかれわかれ	別れ別れ	分かれ分かれ	別れわかれ
わかん	倭館	和漢	和姦	和館
わがく	和学	和楽	和額
わがしゃ	わが社	我が社
わがまま	我がまま	我侭	我儘	我が侭	我が儘
わがままおんな	ワガママ女	我が儘女
わがままかって	我が儘勝手	わがまま勝手
わがや	我が家	我家	わが家
わがらし	和がらし	和芥子	和辛子
わき	脇	腋	傍	和気
わきあき	脇明き	わき明き
わきあせ	ワキ汗	脇汗	わき汗
わきがわ	脇側	わき側
わきげ	ワキ毛	脇毛	腋毛	わき毛
わきざ	脇座	わき座
わきざし	脇差	脇差し	脇指	わき差し
わきした	脇下	わき下
わきじ	脇侍	脇士
わきせん	脇線	わき線
わきたけ	脇丈	わき丈
わきつぼ	脇坪	脇壺
わきづくえ	脇机	わき机
わきづけ	脇付	わき付け
わきぬい	脇縫い	わき縫い
わきぬの	脇布	わき布
わきね	脇根	わき根
わきのした	腋の下	脇の下	わきの下
わきば	脇葉	腋葉
わきばら	ワキ腹	わき腹	脇腹
わきびき	脇引き	脇曳
わきみ	脇見	わき見
わきみず	涌き水	湧き水	わき水
わきみち	脇道	傍道	わき道
わきめ	脇目	脇芽	わき目	わき眼	わき芽
わきやく	ワキ役	脇役	傍役	わき役
わきょう	和協	倭京
わきん	和金	倭錦
わぎもこ	吾妹子	わぎも子	わぎ妹子
わぎょう	ワ行	わ行
わくがい	枠外	わく外
わくぐみ	ワク組み	枠組み	枠ぐみ	枠組	わく組み
わくぐり	輪くぐり	輪潜り
わくご	稚子	若子
わくづくり	枠づくり	枠作り
わくらば	病葉	わくら葉
わくん	倭訓	和訓
わけ	訳	分け	訣	分
わけあい	訳合	訳合い
わけあり	訳アリ	訳有り	訳あり
わけい	和敬	話型
わけいのち	分けいのち	分け命
わけぎ	冬葱	分葱	分け木
わけしり	ワケ知り	訳知り	わけ知り
わけへだて	分け隔て	分けへだて	別け隔て
わけまえ	分け前	分けまえ
わけん	和犬	和硯
わげもの	曲物	綰物
わこう	和光	倭寇	和寇
わこく	和刻	倭国	和国
わご	和語	倭語
わさ	輪差	和差	輪さ
わさい	和裁	和才
わさびあじ	山葵味	わさび味
わさびうめ	山葵梅	わさび梅
わさびおろし	山葵下ろし	わさび下ろし
わさびず	山葵酢	わさび酢
わさびだ	ワサビ田	分葱田
わさびだいこん	わさび大根	ワサビ大根	山葵大根
わさびちゃ	山葵茶	わさび茶
わさびづけ	山葵漬け	わさび漬	わさび漬け	山葵漬
わさびなえ	ワサビ苗	山葵苗
わさりょう	輪さ猟	わさ猟
わさん	和讃	和産	和算
わざ	技	業
わざくらべ	技比べ	わざ比べ
わざわい	災い	殃	殃い	殃ひ	災ひ	禍い	災	禍
わし	和紙	鷲	わ紙
わしざ	鷲座	わし座
わしづかみ	鷲づかみ	鷲掴み	わし摑み
わしばな	鷲鼻	わし鼻
わしゅう	和習	和臭
わじみ	輪ジミ	輪染み
わじゅつ	和術	話術
わじん	倭人	和人
わすれがたみ	忘れがたみ	忘れ形見
わすれなぐさ	勿忘草	忘れな草
わすれもの	忘れもの	忘れ物
わずらい	煩い	煩らひ	病悩	患い
わせ	早生	早稲
わせい	和製	和声	話声
わせん	和船	和戦
わた	棉	綿	腸
わたあめ	綿あめ	綿飴
わたいり	綿入り	わた入り
わたいれ	綿入	綿入れ	わた入れ
わたくり	綿繰	綿繰り
わたげ	綿毛	わた毛
わたし	渡し	渡
わたしぶね	渡し舟	渡し船
わたしもり	渡守	渡し守	渡し守り
わたつみ	海神	綿津見	綿摘み
わたぼこり	綿ぼこり	綿埃
わたまし	渡座	移徙
わたり	渡り	渡
わたりいた	渡り板	渡板
わたりがに	渡り蟹	わたり蟹
わたりがらす	渡りガラス	渡り烏	渡鴉
わたりぜりふ	渡り台詞	渡台詞
わたりぞめ	渡り初め	渡初め
わたりちん	渡り賃	わたり賃
わたりどり	渡り鳥	渡鳥	わたり鳥
わたりもの	渡り物	渡り者	渡者
わたりやぐら	渡り櫓	渡櫓
わだい	話題	話だい
わだくも	曲雲	わだ雲
わだつみ	綿津見	海神
わだのはら	和田の原	海の原
わっぱ	輪っぱ	童
わっぷ	割符	割賦
わづくり	輪づくり	輪作り
わとじ	和とじ	和綴	和綴じ
わどく	和読	和独
わどめ	輪留	輪留め
わな	穽	罠
わなげ	輪なげ	輪投げ
わにがわ	ワニ皮	鰐皮	鰐革	わに皮	わに革
わにぐち	ワニ口	王仁口	鰐口	わに口
わばさみ	和ばさみ	和鋏
わび	詫	詫び	侘	侘び
わびごえ	詫び声	わび声
わびごと	詫び事	詫び言	詫事	詫言	わび言
わびさび	侘び寂び	わび寂
わびじょう	詫び状	詫状	わび状
わびずまい	侘び住い	侘住い	侘住まい	侘住居	わび住い	わび住まい
わびちゃ	侘び茶	侘茶
わびね	侘び寝	侘寝	わび寝
わふう	WA風	和風	話風
わへい	和平	話柄
わほどき	輪ほどき	輪解き
わみょう	倭名	和名
わめきごえ	喚き声	わめき声
わやく	和訳	和約	和薬
わよう	和洋	倭洋	和様
わらい	笑	笑い	嗤い	笑ひ
わらいえ	笑い絵	わらい絵
わらいがお	笑い顔	わらい顔
わらいぐさ	笑いぐさ	笑い種	笑い草	笑ひ種	笑ひ草	笑草
わらいごえ	笑い声	笑ひ声	わらい声
わらいごと	笑い事	笑いごと
わらいさざめき	笑いさざめき	笑ひさざめき
わらいしわ	笑いしわ	笑いシワ
わらいじょうご	笑上戸	笑い上戸
わらいじわ	笑いじわ	笑いジワ	笑い皺	わらい皺
わらいどめ	笑いドメ	笑い止め
わらいばなし	笑話	笑い話	笑いばなし	笑ひ話
わらいぼとけ	笑い仏	わらい仏
わらいもの	笑い者	嘲い者	笑いもの	笑い物	わらい者
わらうち	藁打ち	わら打ち
わらがみ	藁紙	わら紙
わらきり	藁切	藁切り
わらくず	藁くず	藁屑
わらぐつ	藁ぐつ	藁沓	藁靴
わらじがけ	草鞋掛け	わらじ掛け	草鞋がけ
わらじせん	草鞋銭	わらじ銭
わらじばき	草鞋ばき	草鞋履き	わらじ履き
わらじひき	草鞋曳き	わらじ曳き
わらじむし	草鞋虫	わらじ虫
わらたば	藁束	わら束
わらづか	藁塚	わら塚
わらづつみ	藁包み	わら包み
わらづと	藁づと	藁苞
わらどこ	藁床	わら床
わらなわ	ワラ縄	藁縄
わらばい	藁灰	わら灰
わらばんし	藁半紙	わら半紙
わらび	藁火	蕨
わらびこ	蕨粉	わらび粉
わらびもち	ワラビ餅	蕨餅	わらび餅
わらぶき	藁ぶき	藁葺	藁葺き	わら葺き
わらぶとん	藁布団	藁蒲団	わら布団	わら蒲団
わらぶね	藁舟	藁船
わらべうた	童歌	わらべ唄	わらべ歌
わらぼっち	藁ぼっち	藁ボッチ
わらや	藁屋	わら屋
わらやね	藁屋根	わら屋根
わらわやみ	和良波夜美	わらわ病み
わり	割	割り
わりあい	割合	割り合い	割合い	わり合い
わりあて	割当	割当て	割り当	割り当て	割りあて
わりあてさき	割当先	割当て先	割り当て先
わりいん	割り印	割印
わりうち	ワリ打ち	割り打ち
わりかえ	割りかえ	割替	割替え
わりかん	割り勘	割勘
わりがえし	割り返し	割返し
わりがき	割り書き	割書	割書き
わりき	割り木	割木
わりきり	割りきり	割切り	割り切り
わりくさび	割り楔	割楔
わりくび	割り首	割首
わりこみ	割込み	割り込み
わりご	破子	破籠
わりごえ	割り声	割声
わりざん	割り算	割算	わり算
わりした	割りした	割り下	割下
わりぞん	割り損	割損
わりだけ	割り竹	割竹
わりだし	割出	割り出し
わりちゅう	割り注	割注
わりつぎ	割り接ぎ	割継ぎ
わりつけ	割り付	割り付け	割付	割付け	わり付け
わりはん	割り判	割判
わりばし	割箸	割りばし	割り箸
わりひざ	割り膝	割膝
わりびき	割引	割り引き	割引き
わりびきだか	割り引き高	割引高	割引き高
わりびきにん	割引人	割り引き人	割引き人
わりびし	割りビシ	割り菱
わりふ	割り符	割符
わりふだ	割り札	割札
わりふり	割り振り	割振	割振り	割りふり
わりぼし	割り干し	割干し
わりまえ	割り前	割前
わりまし	割り増し	割増	割増し
わりましがく	割り増し額	割増し額	割増額
わりましきん	割り増し金	割増金	割増し金
わりましきんがく	割り増し金額	割増金額	割増し金額
わりましりょうきん	割り増し料金	割増し料金	割増料金
わりみず	割り水	割水
わりもと	割り元	割元
わりもどし	割り戻し	割戻	割戻し
わりもどしきん	割り戻し金	割戻金	割戻し金
わりわざ	割り技	割技
わるあがき	悪あがき	悪足掻き
わるくち	悪口	わる口
わるじゃれ	悪じゃれ	悪戯れ	悪洒落
わるずれ	悪ずれ	悪擦れ
わるだくみ	悪だくみ	悪巧み
わるだくらみ	悪だくらみ	悪企み
わるねだり	悪ねだり	悪強請り
わるのり	ワル乗り	悪のり	悪ノリ	悪乗り
わるもの	悪者	悪もの	わる者
わるよい	悪酔	悪酔い
われ	破	割れ
われい	和霊	和靈	話例
われかけ	割れかけ	割れ欠け
われから	割れ殻	割殻
われがね	割れ鐘	破れ鐘	破鐘	われ鐘
われき	和暦	割れ木
われさき	我さき	我先
われなべ	破れ鍋	破鍋
われぼめ	我ぼめ	我褒め
われめ	割れ目	割れめ	割目	われ目
われもこう	吾亦紅	吾木香	我亦紅
われもの	割れ物	破れ物	割れもの
わろうだ	藁蓋	円座
わん	湾	椀	碗	腕
わんきょく	湾曲	弯曲	彎曲	わん曲
わんこう	湾口	腕甲
わんづま	椀づま	椀妻
わんとう	彎刀	湾頭	腕頭
わんない	わん内	湾内
わんにゅう	彎入	湾入
わんもり	椀盛	椀盛り
わんりゅう	湾流	綰柳
